"spp","spp_num","common_name","sci_name","Nobs","birdofprey","hummingbird","woodpecker","waterfowl","shorebirds","waterbird_guild","SGCN","ESA","MEXFED","USFS","BLM","Mass","Hand.Wing.Index","dietdiv","effect_urb","effect_temp","effect_tempint","effect_veg","effect_vegint","dynamic","effect_highertemp","effect_lessgreen","mean_effect_urb","median_effect_urb","f_urb","low95_effect_urb","upp95_effect_urb","low90_effect_urb","upp90_effect_urb","mean_effect_temp","median_effect_temp","f_temp","low95_effect_temp","upp95_effect_temp","low90_effect_temp","upp90_effect_temp","mean_effect_tempint","median_effect_tempint","f_tempint","low95_effect_tempint","upp95_effect_tempint","low90_effect_tempint","upp90_effect_tempint","mean_effect_veg","median_effect_veg","f_veg","low95_effect_veg","upp95_effect_veg","low90_effect_veg","upp90_effect_veg","mean_effect_vegint","median_effect_vegint","f_vegint","low95_effect_vegint","upp95_effect_vegint","low90_effect_vegint","upp90_effect_vegint","mean_theta","median_theta","low95_theta","upp95_theta","low90_theta","upp90_theta","order_urbeffect","order_tempeffect","order_vegeffect","order_mass","order_HWI","order_dietdiv","order_theta"
"ABTO",1,"Abert's Towhee","Melozone aberti",410,0,0,0,0,0,NA,2,NA,NA,"S",NA,45.9,12.8,0.500402423538188,"2_Uncertain","2_Uncertain","1_Negative","2_Uncertain","2_Uncertain","Y","Less urban",NA,0.00150617655848594,0.00167554104505944,0.50575,-0.24929646597879,0.247651104489204,-0.20883208411252,0.208700621407589,0.136346650121524,0.136321951647931,0.819,-0.155786821751943,0.430355677105756,-0.109477077881357,0.381163501742691,-0.233191105169945,-0.232135440619436,0.970125,-0.480152396334333,0.00948553749206867,-0.440228580146295,-0.0301938651255265,0.12663451285071,0.12673912696305,0.87725,-0.0894618561074254,0.338895301678803,-0.0521574293835766,0.304307409887579,-0.0703461995393228,-0.0706674212443313,0.73295,-0.291412724016265,0.154096623946598,-0.256671371084713,0.117713270840128,0.964730724454192,0.965979980271232,0.940784346261051,0.98182982769389,0.945352865524728,0.979882957987039,"106","64","73","72","4","42","7"
"AMCO",2,"American Coot","Fulica americana",26,0,0,0,0,0,"Marsh Bird",NA,NA,NA,NA,NA,636.7,36.3,1.05492016798614,"2_Uncertain","2_Uncertain","2_Uncertain","2_Uncertain","2_Uncertain","N",NA,NA,-0.296872279733038,-0.29613266052445,0.8142,-0.956347415459739,0.3564661124478,-0.848611411277995,0.247735023744753,0.315847073094792,0.312493189768345,0.867825,-0.235389637188059,0.881478613780386,-0.149004495671027,0.793195313034454,-0.449590382860354,-0.447568313143979,0.9437,-1.01771383583209,0.104723584372093,-0.924994897011217,0.0175502545480594,0.0695400672969822,0.0717321663969352,0.617775,-0.407701903363207,0.534505060169416,-0.331346722424366,0.458196873453444,-0.197271908427317,-0.200350926333822,0.797225,-0.65373567234298,0.279636380932034,-0.581781754236375,0.201984940027919,0.999284762851205,0.999466936512491,0.997607615411685,0.99990850893108,0.998079284615342,0.999875325085648,"77","122","63","118","100","119","137"
"AMCR",3,"American Crow","Corvus brachyrhynchos",3,0,0,0,0,0,NA,NA,NA,NA,NA,NA,448.8,36.5,1.88669678465808,"2_Uncertain","2_Uncertain","2_Uncertain","2_Uncertain","2_Uncertain","N",NA,NA,-0.38604154904807,-0.381046863249136,0.80575,-1.28859726339997,0.489354311883781,-1.13734405689351,0.343332764015251,-0.179010866238664,-0.175442283269465,0.7125,-0.818018641516811,0.432918760152058,-0.706513356639086,0.332022358806044,-0.226520677730981,-0.227252194016711,0.760225,-0.853135641666387,0.407825616560807,-0.75202936358828,0.305719597694498,0.186207494078483,0.187439242424508,0.742075,-0.403578794575347,0.775561657734705,-0.304602087242217,0.676399283589129,-0.116337886714859,-0.117459728358487,0.66055,-0.679708262180749,0.451445986392719,-0.588036239617949,0.358975727440635,0.962942757783595,0.984985907955537,0.78153575545954,0.999486674913474,0.851783500920096,0.998998175763017,"69","8","87","114","101","138","19"
"AMKE",4,"American Kestrel","Falco sparverius",82,1,0,0,0,0,NA,2,NA,NA,NA,NA,114.6,43.7,0.950270539233235,"2_Uncertain","2_Uncertain","2_Uncertain","3_Positive","3_Positive","Y",NA,"Less urban, lower overall occupancy",-0.0249021766101425,-0.0206644979107173,0.5391,-0.468795514781283,0.391315459115847,-0.386769315337104,0.324065886578093,0.0600864148475559,0.0610444375247161,0.60545,-0.39402253084621,0.510556407346915,-0.316867109315506,0.440572861666608,0.25228613575932,0.252607167340634,0.86435,-0.212158623459467,0.713895633499284,-0.130937133050949,0.636021321574867,0.365454558976709,0.358234190397038,0.97055,-0.0143976854262323,0.790393112475376,0.0451272569030907,0.711308278287585,0.400205626260869,0.394087009489127,0.97365,-0.00628373752326582,0.837681876271536,0.0623575597950754,0.76143456950889,0.978452243466004,0.987524769820717,0.904515058115792,0.998867537969262,0.929696036570081,0.998255468907009,"102","42","116","90","115","109","29"
"ANHU",5,"Anna's Hummingbird","Calypte anna",559,0,1,0,0,0,NA,NA,NA,NA,NA,NA,4.2,65.6,0.325082973391448,"3_Adapter","2_Uncertain","2_Uncertain","2_Uncertain","3_Positive","Y",NA,"Less urban",0.661538004236606,0.660895349061105,1,0.397783951716265,0.928408446349069,0.440648825316596,0.884126303010208,0.227409271244621,0.227053449151999,0.9231,-0.0855838272419781,0.542427696035706,-0.0347537718856088,0.490752855242248,0.0118324778425657,0.0123416071924597,0.533625,-0.266046638006388,0.291469325981329,-0.22139049332758,0.244377989162265,0.13426491414224,0.134889374344143,0.87475,-0.097922417584008,0.357946702040649,-0.0596218277339586,0.322911167412374,0.221337568225644,0.222280402645134,0.960775,-0.0265854169718899,0.46124994757964,0.015049394084474,0.423755859019825,0.96790400734314,0.969571841859256,0.940223303161707,0.986374010310195,0.945835112751609,0.984218935553086,"129","100","76","3","138","40","9"
"ATFL",6,"Ash-throated Flycatcher","Myiarchus cinerascens",182,0,0,0,0,0,NA,NA,NA,NA,NA,NA,28.2,20.4,0.801818552543337,"1_Avoider","2_Uncertain","1_Negative","1_Negative","2_Uncertain","Y","Less urban","Higher overall occupancy",-1.5986542062788,-1.58543346324657,1,-2.13253689755823,-1.13881293190982,-2.03408932172565,-1.20623991143031,-0.142524500868,-0.142900686263804,0.74765,-0.566779547993952,0.27965775612397,-0.496963431490965,0.209722997677702,-0.419741322125377,-0.415663414666092,0.980275,-0.840025913620944,-0.0185574636174752,-0.766699892578463,-0.0821498766718174,-0.590387799354027,-0.58629086147015,0.998875,-1.00044522102508,-0.204587210920793,-0.927852294529568,-0.265478097581096,0.10280681288265,0.0993233181768958,0.680275,-0.291394118198379,0.524701953009291,-0.235031281672471,0.455940955091532,0.938042862454608,0.94820568396465,0.831020622856827,0.987417791379225,0.857524201825607,0.983967197052026,"1","9","1","56","27","85","4"
"BAEA",7,"Bald Eagle","Haliaeetus leucocephalus",10,1,0,0,0,0,"Fish eating",1,"SC","P","S","S",4700.6,41.4,1.3661588475692,"1_Avoider","2_Uncertain","1_Negative","2_Uncertain","2_Uncertain","Y","Less urban",NA,-0.938969318719412,-0.926116135626803,0.983325,-1.87393866444348,-0.0667652074466009,-1.71843403988395,-0.204214732450389,-0.0155838630704742,-0.0155281864800712,0.5207,-0.632797430999075,0.606345927239695,-0.529789669319076,0.506382430490594,-0.566918281152562,-0.564806568787681,0.955525,-1.24564392637155,0.0915135801319956,-1.12692233568829,-0.0182611508512955,0.35153197752735,0.347054763643671,0.898275,-0.186973163038692,0.92052918932828,-0.100889215458723,0.818419509034566,-0.299677272235036,-0.295753909735517,0.843425,-0.899037223347532,0.279691054572996,-0.799991208304938,0.188148173262994,0.996928259347398,0.998404359881975,0.985305888051809,0.999891809100469,0.989408702483417,0.999826100311933,"16","28","113","139","113","132","123"
"BBWD",8,"Black-bellied Whistling-Duck","Dendrocygna autumnalis",11,0,0,0,1,0,"Dabbler",2,NA,NA,NA,NA,755.3,32.7,0.325082973391448,"2_Uncertain","2_Uncertain","2_Uncertain","2_Uncertain","2_Uncertain","N",NA,NA,-0.150624762562415,-0.147111617944619,0.633275,-1.01202663861841,0.702276892412074,-0.871684888596445,0.563268080785924,0.162308933973443,0.157253633705474,0.708725,-0.427213429694705,0.759355511132203,-0.328233923582718,0.663945455332061,-0.524701113670405,-0.523427553916389,0.949675,-1.15708281367833,0.100064308236107,-1.05576212720824,0.00102358693595816,0.35141539269112,0.355331425916892,0.90215,-0.188489678501468,0.873531550324542,-0.0997633855088776,0.789985190936193,-0.0137831652555159,-0.0198238995123379,0.52785,-0.522967982555206,0.532870120522074,-0.446187198800999,0.438620965640927,0.99846358511005,0.999186404891384,0.992673172464561,0.999931771807639,0.994708541647744,0.999895375640877,"94","72","115","121","90","32","134"
"BCFL",9,"Brown-crested Flycatcher","Myiarchus tyrannulus",8,0,0,0,0,0,NA,NA,NA,NA,NA,NA,35.5,16.6,0.801818552543337,"1_Avoider","2_Uncertain","2_Uncertain","2_Uncertain","2_Uncertain","N",NA,NA,-1.07329220186402,-1.06036031583596,0.997025,-1.92389036035004,-0.294468641871923,-1.78415466967542,-0.412439665345327,-0.0823801369838253,-0.0819009845191034,0.609425,-0.659590329474762,0.496207281536686,-0.568438973964602,0.403078168450532,-0.278823852813749,-0.278038462631214,0.825225,-0.881300338372904,0.311999306169328,-0.777341648576115,0.216573850512447,0.0400701487407177,0.0381360974630969,0.553425,-0.511735905380581,0.605726330203559,-0.42409254098686,0.509585864000148,-0.344402418003559,-0.344572805482441,0.903325,-0.864079589108703,0.170942087307971,-0.782195919138175,0.0910241513704291,0.987936429688723,0.993216886198004,0.944362220435585,0.999130191797545,0.961146902493353,0.998771506486574,"11","16","55","62","14","84","71"
"BCHU",10,"Black-chinned Hummingbird","Archilochus alexandri",59,0,1,0,0,0,NA,NA,NA,NA,NA,NA,3.4,64.4,0.325082973391448,"2_Uncertain","3_Positive","2_Uncertain","2_Uncertain","2_Uncertain","Y","Higher overall occupancy",NA,-0.235464003029763,-0.234224110448747,0.86035,-0.670139832826918,0.186722914566724,-0.599775713899427,0.121444370539077,0.5759937773141,0.572848080492456,0.991975,0.106750807928474,1.06296840121343,0.180229473568028,0.979501166546172,-0.0243188198065355,-0.0236890031218706,0.541875,-0.482560513942434,0.434070139999543,-0.410285689053109,0.357966809272906,0.249074513941445,0.247130279776068,0.890925,-0.142790324488397,0.6511256233567,-0.0790501381173584,0.583862420415096,0.104108534944139,0.100057343905327,0.68525,-0.299016516155543,0.531692327014455,-0.237101071905114,0.459130507303374,0.998177014468626,0.998605005037617,0.994079084786326,0.999727329573531,0.995221436934756,0.99963806845852,"82","138","101","2","137","39","129"
"BCNH",11,"Black-crowned Night-Heron","Nycticorax nycticorax",43,0,0,0,0,0,"Wading Bird",NA,NA,NA,NA,NA,810,33.1,1.3661588475692,"2_Uncertain","2_Uncertain","1_Negative","2_Uncertain","2_Uncertain","Y","Less urban",NA,-0.0701593237610288,-0.0717515578858925,0.606975,-0.587934740821234,0.452782727993667,-0.505035088448292,0.368768344561329,0.202228435802725,0.199014686956945,0.792525,-0.272132457951214,0.698171032478829,-0.199717896695912,0.613929025600468,-0.596907341000118,-0.59494529206023,0.991175,-1.10255649080369,-0.107049647464411,-1.01750732479635,-0.183663812616451,0.17418292149824,0.173781363603311,0.80185,-0.229011473863392,0.576421559395016,-0.164464965085387,0.509419129014557,-0.160628577251987,-0.166910314616879,0.7877,-0.540771414909145,0.25558677340458,-0.485658556597207,0.184530949533,0.995241310674436,0.996174472319174,0.985992140781262,0.999003293895779,0.988672850294789,0.998751429788924,"100","92","85","123","92","131","99"
"BEKI",12,"Belted Kingfisher","Megaceryle alcyon",8,0,0,0,0,0,"Fish eating",NA,NA,NA,NA,NA,148,33.6,0.940447988655326,"2_Uncertain","2_Uncertain","2_Uncertain","2_Uncertain","2_Uncertain","N",NA,NA,-0.586968481536526,-0.577181719594062,0.94185,-1.37393547660953,0.1345590050628,-1.23036070314085,0.023170143369165,0.274803259680127,0.272717535121389,0.822875,-0.313870352908127,0.873788004863919,-0.215984588970392,0.772311776296161,-0.454604897308454,-0.44905245863204,0.92345,-1.10732247095204,0.172015313002851,-0.996000973474321,0.0663216591076493,0.385433652057108,0.371614215808681,0.9129,-0.157022542369188,1.01465489456704,-0.0749538389142118,0.897776932102437,-0.392738802632272,-0.389139367386955,0.93235,-0.924752081922459,0.129401644493861,-0.832686941642857,0.0413123107680907,0.977667924098515,0.991874386163334,0.859221939796469,0.999548813870101,0.911636331782416,0.999255182139782,"51","114","117","94","95","105","62"
"BETH",13,"Bendire's Thrasher","Toxostoma bendirei",6,0,0,0,0,0,NA,2,NA,NA,NA,NA,62.2,19.6,1.02965301406457,"1_Avoider","2_Uncertain","2_Uncertain","2_Uncertain","2_Uncertain","N",NA,NA,-0.919593195098173,-0.893469485605319,0.98835,-1.84672218502175,-0.119565763391144,-1.68081664110161,-0.232689585522746,-0.0265988567865423,-0.0249859652837975,0.533425,-0.623309685381091,0.566836709632292,-0.525017599790819,0.471238888078274,-0.159223856753496,-0.158704524058933,0.6887,-0.813825940225133,0.49612583680356,-0.701024962259766,0.385178747042727,-0.121467721266958,-0.117913426494335,0.648175,-0.753584787846919,0.492868255759742,-0.647290740618718,0.393125843959042,0.070581157716828,0.0690880478109396,0.586775,-0.538817858692544,0.694088083672592,-0.439751096863621,0.5862893910489,0.982159880319421,0.994229111319668,0.884636077751628,0.999622801666416,0.926573148542992,0.999428662885321,"18","25","22","80","23","114","79"
"BEVI",14,"Bell's Vireo","Vireo bellii",41,0,0,0,0,0,NA,NA,NA,NA,NA,NA,8.5,19.4,0.325082973391448,"1_Avoider","2_Uncertain","2_Uncertain","2_Uncertain","2_Uncertain","N",NA,NA,-0.856822122159319,-0.848767127198985,0.998525,-1.48274115093086,-0.276472559985348,-1.37876094664327,-0.366806974349926,0.15816427890434,0.156024456868905,0.73145,-0.351120169063349,0.664054307545815,-0.266330385116866,0.582351865938701,0.113108937228662,0.112771954561711,0.67915,-0.36224284901077,0.595964748620378,-0.286736474315251,0.514275928462375,0.00649194240851995,0.00628735586512894,0.510875,-0.441286192748764,0.449974514368493,-0.369144679689193,0.380614220055599,-0.210717247125424,-0.214550772356869,0.82515,-0.64233427848289,0.244734782227644,-0.576718561194771,0.163958354730435,0.995658142795041,0.996497011330832,0.987245879036082,0.999134545925263,0.989569069288937,0.998911576770533,"24","71","44","11","22","25","103"
"BEWR",15,"Bewick's Wren","Thryomanes bewickii",21,0,0,0,0,0,NA,NA,NA,NA,NA,NA,9.9,13.8,0.500402423538188,"1_Avoider","2_Uncertain","2_Uncertain","2_Uncertain","2_Uncertain","N",NA,NA,-1.18074454546662,-1.16818092135551,0.999925,-1.92296742171393,-0.521606852820844,-1.79211884450515,-0.6173702968729,0.263712377869035,0.261605723245267,0.834325,-0.268176135856715,0.811113655754562,-0.18151051523561,0.717100248469046,-0.295875422926773,-0.293335629033048,0.862825,-0.838658885772479,0.233748977824038,-0.748522043711999,0.151099008602699,0.0435901740568643,0.0431594825665334,0.57335,-0.41685297480254,0.512025762331221,-0.344381271305086,0.433909544401028,-0.354395865870557,-0.354891988568306,0.923525,-0.835021066146219,0.12792796266535,-0.759035919463322,0.0496249330451696,0.992812100401914,0.995198958177801,0.972251658489899,0.999238382555605,0.97913988071703,0.998945775245159,"7","112","56","17","9","45","93"
"BGGN",16,"Blue-gray Gnatcatcher","Polioptila caerulea",3,0,0,0,0,0,NA,NA,NA,NA,NA,NA,5.8,19.1,0,"1_Avoider","2_Uncertain","2_Uncertain","2_Uncertain","2_Uncertain","N",NA,NA,-0.926856912804121,-0.913572249672591,0.976825,-1.91239971448654,-0.0144128105941831,-1.74969959526229,-0.152975451142563,0.0252080826499365,0.0253963338825023,0.532225,-0.605237117972299,0.649281422160574,-0.500142210690272,0.546204725152318,-0.0493523947769111,-0.0489696462221941,0.561125,-0.693610996722234,0.589007773843451,-0.58346869965177,0.486704806074486,-0.0136017017056119,-0.014376452160421,0.51885,-0.625595931044969,0.597873124211845,-0.522963311164477,0.501040101398523,-0.172013778476177,-0.172741032408637,0.723625,-0.744303701573299,0.410324338591326,-0.649166331665588,0.310288372442961,0.966454735550094,0.985384405780103,0.806696555638511,0.998670373472198,0.872170532918277,0.998037525067415,"17","35","36","5","21","4","20"
"BHCO",17,"Brown-headed Cowbird","Molothrus ater",198,0,0,0,0,0,NA,NA,NA,NA,NA,NA,40.3,33,0.673011667009257,"2_Uncertain","2_Uncertain","1_Negative","3_Positive","2_Uncertain","Y","Less urban","Lower overall occupancy",0.0278325628451617,0.0276858458883032,0.556575,-0.363689337455288,0.417213258270934,-0.300593088337759,0.354395368833445,0.27931564761186,0.278514722260439,0.9067,-0.136888079875923,0.700234045209769,-0.069725375978487,0.628844415499955,-0.383576532768963,-0.383949431594099,0.965925,-0.792008733843704,0.0297210472217121,-0.725248660188403,-0.0370416573675974,0.666381706585957,0.661285596206057,0.999675,0.271805521321334,1.09881707072654,0.332617850333774,1.01961068144033,-0.211393151870306,-0.212532244482166,0.863625,-0.588000514064252,0.171911082491527,-0.527863612261688,0.106776960606813,0.996634252323046,0.997291073956879,0.989910319304944,0.999512273882728,0.991714345207916,0.999305261050924,"112","116","137","68","91","70","112"
"BHGR",18,"Black-headed Grosbeak","Pheucticus melanocephalus",2,0,0,0,0,0,NA,NA,NA,NA,NA,NA,47.1,24.2,0.801818552543337,"2_Uncertain","2_Uncertain","2_Uncertain","2_Uncertain","2_Uncertain","N",NA,NA,-0.163922826478339,-0.157073821373152,0.63255,-1.13876824271958,0.769150959928885,-0.966136966397101,0.617929471060852,0.18842950933996,0.186250893477872,0.72735,-0.42302218754253,0.813116452828155,-0.321131741918879,0.704170731649332,-0.302420195736076,-0.300067322396339,0.818425,-0.965310304495385,0.347316929482754,-0.852085855738983,0.243927178923822,0.241034365357711,0.236318926162725,0.786125,-0.355031967622738,0.866849391502381,-0.262279275512934,0.756307256158825,-0.0397580966732464,-0.0405152853090628,0.55605,-0.625151804035977,0.559539458551851,-0.529620078580952,0.457081347909889,0.974208328295055,0.990043551503984,0.845410306977799,0.999354702733532,0.899873995653109,0.99899817114755,"92","87","98","73","53","87","49"
"BLPH",19,"Black Phoebe","Sayornis nigricans",26,0,0,0,0,0,NA,NA,NA,NA,NA,NA,18.6,22,0,"2_Uncertain","2_Uncertain","2_Uncertain","2_Uncertain","1_Negative","Y",NA,"More urban",-0.470045497572314,-0.467276240112526,0.93895,-1.08799650567471,0.126123581920369,-0.983889493960934,0.0290644696664959,0.376762737297012,0.373425694133809,0.90815,-0.176244034181656,0.952338627260928,-0.0862021868957882,0.857814943401297,-0.439909995735917,-0.435264035126466,0.93455,-1.03726019465604,0.125688741314988,-0.928944305044607,0.036534115520374,-0.0140938417983239,-0.0154844809808053,0.52735,-0.452909549845334,0.428111582564339,-0.382612495628143,0.357268779896009,-0.459794375805738,-0.460692819519805,0.9786,-0.889648865196556,-0.0157398079865233,-0.821806514744158,-0.0901235216750753,0.998702856700345,0.99941272082251,0.993372015062886,0.999954461132904,0.995518401920067,0.999930544974816,"59","130","35","38","37","6","136"
"BLVU",20,"Black Vulture","Coragyps atratus",2,1,0,0,0,0,NA,NA,NA,NA,NA,NA,1881.7,14.3,0.940447988655326,"1_Avoider","2_Uncertain","1_Negative","2_Uncertain","2_Uncertain","Y","Less urban",NA,-1.0070625762363,-0.991953223644421,0.978,-2.05885485579184,-0.0304620283635663,-1.87837317048559,-0.173781420540862,-0.0628233160094126,-0.0657724721199705,0.5781,-0.726900746075506,0.606772654410288,-0.616179667488565,0.498035401269658,-0.579725225231468,-0.577412088944916,0.95065,-1.28438075209671,0.108792427099224,-1.16057501196187,-0.00252442818904194,0.270521265459199,0.262853740592633,0.7916,-0.364822065850007,0.942794583195532,-0.267669270270591,0.837249193666603,-0.391186179008018,-0.390279541961797,0.89695,-1.00492118676751,0.211293266696079,-0.90462783680126,0.111129044567547,0.977392644377513,0.989742772654127,0.877928951908427,0.999287730379592,0.917027035116692,0.998886466938568,"14","19","104","136","10","100","45"
"BNST",21,"Black-necked Stilt","Himantopus mexicanus",6,0,0,0,0,1,"Shorebird",NA,NA,NA,NA,NA,176.8,51.9,0,"2_Uncertain","2_Uncertain","1_Negative","2_Uncertain","2_Uncertain","Y","Less urban",NA,0.0971359132016086,0.0974648675560406,0.597425,-0.688452237163767,0.898377068633096,-0.565707905726386,0.762100130368934,0.221240498470477,0.220918973461705,0.773825,-0.354689473348829,0.803370101267618,-0.260484494149176,0.706812416625906,-0.531555551787197,-0.525288104129722,0.952075,-1.1789105439839,0.0946827364849812,-1.07292127311085,-0.00569996452433366,0.376939584232295,0.377392847023437,0.9109,-0.171961885383285,0.923029122548563,-0.0821730931614618,0.83456592295,0.0570747899497223,0.0531332021056558,0.577275,-0.478384006948605,0.616721074386533,-0.393719886144879,0.520404039671988,0.994086688925723,0.996563754851667,0.973897144562363,0.999576011379111,0.981311280339865,0.999405640589319,"118","98","118","101","129","23","104"
"BRBL",22,"Brewer's Blackbird","Euphagus cyanocephalus",10,0,0,0,0,0,NA,2,NA,NA,NA,NA,62.5,31.2,0,"2_Uncertain","2_Uncertain","2_Uncertain","3_Positive","2_Uncertain","Y",NA,"Lower overall occupancy",-0.38030145308795,-0.376529820346836,0.8661,-1.07598587266229,0.285284889582289,-0.958388312686873,0.180988677949764,0.181269948189162,0.178421215356005,0.743125,-0.363289651249376,0.735588846144358,-0.275995723185589,0.646044600796955,-0.436526524215301,-0.431901371065852,0.926475,-1.04693484234015,0.150077228934033,-0.944927218608988,0.058370673471053,0.486787419918367,0.480143489345997,0.97815,0.0127123326788511,0.996367678503548,0.0850101470228738,0.909854071837593,-0.0433250553590632,-0.0455768111617337,0.566925,-0.569868111023336,0.491403057899215,-0.484535009601604,0.403171927904985,0.984423369432582,0.993659075738795,0.912770899743514,0.999502304687433,0.940027064425598,0.999278132430834,"70","85","127","81","82","17","73"
"BROC",23,"Bronzed Cowbird","Molothrus aeneus",4,0,0,0,0,0,NA,NA,NA,NA,NA,NA,62.6,24.9,0.610864302054894,"2_Uncertain","2_Uncertain","2_Uncertain","2_Uncertain","2_Uncertain","N",NA,NA,-0.19877939200425,-0.207422248159121,0.68975,-1.03279611479888,0.704169860613247,-0.900566376294393,0.530742654749739,0.19256515909826,0.189579247219655,0.7356,-0.409817075139324,0.808783706191296,-0.311439273062624,0.703860519156135,-0.310040472322324,-0.30691359036988,0.831775,-0.969567682886306,0.332852934936205,-0.862597249498071,0.224739612233472,0.240070268156157,0.228980904281071,0.783025,-0.346520740436794,0.884916953094418,-0.254631054801954,0.770758586835046,-0.122590203373794,-0.122112290824084,0.66405,-0.714477681391057,0.455565063460851,-0.61317495658845,0.365442855863254,0.972364628334005,0.990307191665781,0.825817289570536,0.999702034967877,0.889322602412653,0.999421968894798,"85","88","96","82","57","57","51"
"BRSP",24,"Brewer's Sparrow","Spizella breweri",135,0,0,0,0,0,NA,2,NA,NA,NA,NA,10.9,20.5,0.693147180559945,"1_Avoider","2_Uncertain","1_Negative","1_Negative","2_Uncertain","Y","Less urban","Higher overall occupancy",-1.0896680850843,-1.08343534893761,1,-1.54015931748176,-0.678688455093499,-1.46300305780914,-0.739082890542254,0.042265642362607,0.0403239651921578,0.574675,-0.37432656287325,0.464786651432351,-0.305912102314457,0.397490881558117,-0.450083087162795,-0.447395445058052,0.9868,-0.86731818866984,-0.0498959916845685,-0.797064333359043,-0.115788828814096,-0.439426235079553,-0.435776501726587,0.988,-0.8439639143095,-0.0565816944487253,-0.774623348250042,-0.118096864431099,0.279048230881726,0.273227392879495,0.915125,-0.11191688067065,0.709474949778823,-0.0504878385177618,0.631208602522167,0.963004809764108,0.969912991018297,0.891767281803497,0.993863050792314,0.911334555862046,0.991676589147291,"10","36","5","23","28","74","10"
"BTGN",25,"Black-tailed Gnatcatcher","Polioptila melanura",141,0,0,0,0,0,NA,NA,NA,NA,NA,NA,5.2,11.9,0,"1_Avoider","2_Uncertain","2_Uncertain","1_Negative","2_Uncertain","Y",NA,"Higher overall occupancy",-1.59351677780394,-1.58471610435308,1,-2.15080659809763,-1.08146423736761,-2.056473297951,-1.157836239514,0.122736073118124,0.121719187472997,0.69755,-0.335334862563962,0.59212632165813,-0.265721493374248,0.515617231685285,-0.271774816758843,-0.270836811139318,0.8886,-0.711764697717334,0.163731207595867,-0.642992042860843,0.0948694910716148,-0.560833708776448,-0.559534789564134,0.992325,-1.01814629169111,-0.10329269985166,-0.943429986758511,-0.177071399803162,0.140282014881933,0.136127752291444,0.72385,-0.29539370202377,0.606459908186402,-0.228528156869787,0.525099839569342,0.9835017176704,0.986189290027703,0.955180971038868,0.996167228024684,0.962679986620246,0.995243577526622,"2","59","2","4","2","1","23"
"BTSP",26,"Black-throated Sparrow","Amphispiza bilineata",159,0,0,0,0,0,NA,2,NA,NA,NA,NA,13.5,17.7,0.693147180559945,"1_Avoider","2_Uncertain","2_Uncertain","1_Negative","2_Uncertain","Y",NA,"Higher overall occupancy",-1.48848061834294,-1.48388074242593,1,-2.03029951348355,-0.981064367096795,-1.93633012046553,-1.0590703591421,-0.132974841448678,-0.131537552760848,0.717375,-0.590451045858873,0.307527916100581,-0.515019684941426,0.240212443784823,-0.290038418085791,-0.290161202639496,0.90635,-0.721108800656405,0.143497579653841,-0.654033243253749,0.0735949028435967,-0.488860758265588,-0.487039887844817,0.98415,-0.956526569098839,-0.0423331012007747,-0.871091033512381,-0.111546582833858,0.238848806770627,0.234732303310144,0.845,-0.212679881452979,0.715027993497655,-0.141332548561574,0.633694923052185,0.987229281071226,0.989118811391356,0.966552972949947,0.997147364125388,0.971531180069374,0.996388883043761,"3","11","4","30","18","73","41"
"BTYW",27,"Black-throated Gray Warbler","Setophaga nigrescens",9,0,0,0,0,0,NA,2,NA,NA,NA,NA,8.7,23.4,0,"2_Uncertain","2_Uncertain","2_Uncertain","2_Uncertain","2_Uncertain","N",NA,NA,-0.17258330455502,-0.170719280798433,0.696625,-0.85311542903425,0.488525788638192,-0.736884621460316,0.382488727491706,0.254284904759189,0.253457785377569,0.815525,-0.310599340927762,0.821226946382835,-0.214443114497508,0.72571353723023,-0.481586328167642,-0.474270481521965,0.940875,-1.12105155865183,0.132090390428232,-1.0122277369541,0.0281196398621763,-0.0755971236308147,-0.0735372026609638,0.610775,-0.61938466768327,0.459821102272983,-0.527634689039474,0.36720467625187,-0.184580679226722,-0.180289059895315,0.74935,-0.758790967137143,0.351308434509902,-0.650051980259509,0.26776908827882,0.992331173255614,0.996299849100503,0.959558278695588,0.999739583578732,0.972531248806174,0.999576167860374,"91","110","28","12","43","9","101"
"BUOR",28,"Bullock's Oriole","Icterus bullockii",21,0,0,0,0,0,NA,2,NA,NA,NA,NA,37.9,26.3,0.89794572485678,"1_Avoider","2_Uncertain","2_Uncertain","2_Uncertain","2_Uncertain","N",NA,NA,-0.616454181776292,-0.608531361645816,0.9897,-1.18683424897122,-0.0858396391062097,-1.0889089227987,-0.171963429064262,-0.0253107091569464,-0.0257671684541702,0.541075,-0.514133934931323,0.466889898635674,-0.436926722322865,0.390154111131586,-0.392208195789944,-0.390884773243234,0.9316,-0.913661104407035,0.129309766440178,-0.828741235964895,0.0413340804974088,-0.0384551249797173,-0.042424396775715,0.56815,-0.510360223589974,0.4583912542862,-0.431183249653797,0.370090121229652,-0.313497096262376,-0.309383502828006,0.899575,-0.820096187616196,0.16212106065864,-0.731037296261539,0.0883894846386722,0.993714191990644,0.996826696654802,0.969445109918091,0.999722723996513,0.979157936869496,0.999573696990375,"50","24","30","64","62","94","106"
"BUOW",29,"Burrowing Owl","Athene cunicularia",25,1,0,0,0,0,NA,NA,NA,NA,NA,NA,150.6,28.3,0.801818552543337,"2_Uncertain","2_Uncertain","2_Uncertain","3_Positive","2_Uncertain","Y",NA,"Lower overall occupancy",-0.2966576643105,-0.29691745036096,0.771675,-1.09230418255974,0.482485421643447,-0.957137446713638,0.355098653720175,0.133381689658604,0.130182566784845,0.68845,-0.395930286516463,0.667516037196329,-0.305963888177113,0.580379665089885,-0.435310540098044,-0.431541078016173,0.930825,-1.03743577691034,0.135415037572215,-0.930881854041087,0.046029415759186,0.521297358964747,0.519358437126506,0.983375,0.0406567794974742,1.00448790832233,0.120534379246318,0.927654119276064,-0.0368351565874496,-0.0422980666061991,0.566375,-0.517972826215006,0.471544602791006,-0.44352736103207,0.38937178775157,0.998932661828003,0.999277190659438,0.995901166773132,0.999903784406345,0.996864724558403,0.999861911232412,"76","62","129","96","74","90","135"
"BWTE",30,"Blue-winged Teal","Spatula discors",3,0,0,0,1,0,"Dabbler",NA,NA,NA,NA,NA,359.4,53.8,0.89794572485678,"2_Uncertain","2_Uncertain","2_Uncertain","3_Positive","2_Uncertain","Y",NA,"Lower overall occupancy",-0.440343737770558,-0.432570073092966,0.8274,-1.38791611865157,0.477815950112817,-1.22704532878225,0.325226124242321,0.175886442592708,0.174887210004234,0.708475,-0.451087723808599,0.812400304404851,-0.347210249489864,0.706617013039852,-0.480728264989883,-0.475002586281584,0.922675,-1.16896907044221,0.174651412767528,-1.05352073121182,0.0753646221312829,0.543439468831911,0.534166552507307,0.95625,-0.0821938640525939,1.20698489221692,0.0207946848164821,1.09024299698804,-0.0754348485196161,-0.0739140249280189,0.593975,-0.689445330578871,0.531183898523522,-0.590990957437483,0.433355012655075,0.969830473820237,0.988090958592667,0.816409825963961,0.999081657993824,0.882929521071588,0.998626368968491,"64","82","132","106","132","99","33"
"CACW",31,"Cactus Wren","Campylorhynchus brunneicapillus",317,0,0,0,0,0,NA,2,NA,NA,NA,NA,38.9,13.7,0.801818552543337,"1_Avoider","2_Uncertain","1_Negative","1_Negative","2_Uncertain","Y","Less urban","Higher overall occupancy",-0.516758771580248,-0.51625558896327,0.999375,-0.828509940299889,-0.204728392863366,-0.777926254908698,-0.255670830506463,-0.0539293932292397,-0.0549040229209191,0.6207,-0.39718463880216,0.29439642870003,-0.345079636367363,0.235535404545169,-0.357054411092326,-0.355801642937107,0.9872,-0.671718637715688,-0.0443433869405574,-0.620623950509383,-0.0945653773692545,-0.51258868555227,-0.510526751044299,0.999225,-0.846117001200632,-0.187883744408327,-0.791178864015179,-0.238690027413296,0.246262379594316,0.242085693980366,0.93135,-0.0738049919309814,0.585303733892165,-0.0242100891045429,0.531923462853425,0.987079898951481,0.988280646973355,0.971801905990678,0.995553554358108,0.975327675239282,0.994731058664764,"55","22","3","65","7","82","34"
"CAEG",32,"Cattle Egret","Bubulcus ibis",6,0,0,0,0,0,"Wading Bird",NA,NA,NA,NA,NA,366,29.9,1.22752941145721,"2_Uncertain","2_Uncertain","1_Negative","3_Positive","2_Uncertain","Y","Less urban","Lower overall occupancy",-0.184692655342553,-0.18042951747795,0.67255,-1.02935030139671,0.637906509678088,-0.881208897627369,0.49746482196435,0.218152411486184,0.214214544058721,0.76315,-0.371257274304226,0.825496799216368,-0.274456557957692,0.726716492311744,-0.554950537970515,-0.549489545598666,0.959775,-1.210937446346,0.0641647421856224,-1.09625065031928,-0.0363115954641322,0.536811897149769,0.526717459381924,0.969125,-0.0221443266750227,1.16196333465403,0.0601935955104614,1.05502426778365,-0.122587050614481,-0.123021682753386,0.662275,-0.700572511952715,0.460243973552748,-0.605841001904349,0.3678139107379,0.996036327566986,0.997885675199136,0.980937183452513,0.999797034584851,0.986861410852023,0.999687454593512,"89","97","130","107","79","124","117"
"CANG",33,"Canada Goose","Branta canadensis",42,0,0,0,1,0,"Dabbler",NA,NA,NA,NA,NA,2811.7,49.4,0.325082973391448,"2_Uncertain","2_Uncertain","1_Negative","3_Positive","2_Uncertain","Y","Less urban","Lower overall occupancy",0.0965062898416969,0.0951639327394419,0.6377,-0.443683027779706,0.634172517535402,-0.351562059744277,0.546826177647643,0.238528905998834,0.236952085972876,0.844425,-0.223606876317199,0.710799097285596,-0.150095501560274,0.629977394895295,-0.525456038985977,-0.524500813246756,0.9796,-1.03674542991571,-0.0224281911247722,-0.952041159106485,-0.101194085338643,0.461465541649745,0.461006392317561,0.988075,0.0614677375243136,0.857103783769125,0.127176967944946,0.795363522052546,0.130209385500596,0.125369976833562,0.707775,-0.307382831307883,0.598439883532315,-0.240837059177907,0.519460470888981,0.989146147106103,0.991200840621834,0.968621639021097,0.99803589646639,0.974119468732233,0.99739690208501,"117","105","124","138","124","37","57"
"CANT",34,"Canyon Towhee","Melozone fusca",15,0,0,0,0,0,NA,2,NA,NA,NA,NA,44.4,13.1,0.500402423538188,"1_Avoider","2_Uncertain","2_Uncertain","2_Uncertain","2_Uncertain","N",NA,NA,-0.876979179518596,-0.863094328704787,0.996525,-1.60729540692106,-0.230338321721138,-1.47985451273342,-0.325766592985634,-0.0550842101876838,-0.056364485123276,0.5813,-0.589954237534027,0.487854174937603,-0.504686400903175,0.396790551722553,-0.355770227585183,-0.352170869554764,0.903325,-0.912299664916183,0.174395475974245,-0.820343518885321,0.0930896947815054,-0.224257342473452,-0.221499547949176,0.804875,-0.746326707097329,0.276024912818734,-0.656311280857844,0.195567115544188,-0.100770145068511,-0.103496486340153,0.65735,-0.60163315956264,0.417950786533372,-0.520746377889427,0.329701555548606,0.990024110877105,0.995081874754635,0.94955182843159,0.999668801707081,0.964536227468345,0.99949681948342,"22","20","12","71","6","44","90"
"CAVI",35,"Cassin's Vireo","Vireo cassinii",2,0,0,0,0,0,NA,NA,NA,NA,NA,NA,14.7,27.9,0.801818552543337,"2_Uncertain","2_Uncertain","2_Uncertain","2_Uncertain","2_Uncertain","N",NA,NA,-0.254964591822442,-0.249164793165174,0.703825,-1.19656074174133,0.671004897801708,-1.04367063779461,0.512658320417418,0.0696832079922665,0.0732502507985517,0.591225,-0.553096867493101,0.679189154388971,-0.449893399124008,0.576716000313028,0.0232575498364461,0.0223320994650644,0.5265,-0.611147249506595,0.674434674427164,-0.509318093202934,0.566986964677306,0.0308831446470714,0.0337794440040668,0.542975,-0.592874974081393,0.647020057648363,-0.490433274424221,0.543559318607707,-0.139897434113659,-0.135140821447011,0.67335,-0.772865651149885,0.470018523014239,-0.661837799339267,0.371038952843356,0.976732688045967,0.990663335782031,0.863998243798463,0.999453050818519,0.910271872713544,0.999133209326885,"81","46","53","32","73","89","52"
"CBTH",36,"Curve-billed Thrasher","Toxostoma curvirostre",408,0,0,0,0,0,NA,NA,NA,NA,NA,NA,80.5,17.7,1.02965301406457,"2_Uncertain","2_Uncertain","2_Uncertain","2_Uncertain","3_Positive","Y",NA,"Less urban",0.140938805451131,0.138923623797591,0.82615,-0.149691385450062,0.441284449537473,-0.103560646590953,0.391839169876145,0.157420411676868,0.159206183362683,0.8252,-0.183283961006389,0.487889273295278,-0.126722848558635,0.436255903163662,0.0868084494251867,0.0879591792718024,0.7119,-0.216390151326722,0.387980321982185,-0.167424608054318,0.340851766818006,0.0226136459202808,0.0233270856755576,0.564925,-0.252099953454255,0.298974461250538,-0.20853669778649,0.252893642648776,0.402070348732281,0.399025317626613,0.99685,0.11429836946807,0.7059062243519,0.159269244547734,0.654130155188509,0.986894261306719,0.988926276934381,0.965277120989856,0.996966366484702,0.970790733661765,0.996232677855641,"121","74","50","86","19","113","39"
"CHSP",37,"Chipping Sparrow","Spizella passerina",16,0,0,0,0,0,NA,3,NA,NA,NA,NA,12.2,24.2,0.673011667009257,"1_Avoider","3_Positive","2_Uncertain","2_Uncertain","2_Uncertain","Y","Higher overall occupancy",NA,-0.661967728717411,-0.650183245864332,0.9883,-1.2937359202398,-0.0885544403105708,-1.1857652576745,-0.176977482589349,0.533019345095169,0.525545511908563,0.9763,0.00595442737127732,1.09715268466163,0.0889391776764669,1.00292377846197,-0.332763016034712,-0.331027701116282,0.87965,-0.90258927123355,0.232762392737734,-0.807425364671611,0.13652328529932,-0.107995110018384,-0.107961902268086,0.6621,-0.633730992180283,0.419008148747013,-0.547921955405059,0.325687573025728,0.0641210441800014,0.0633163995892198,0.5936,-0.472042589754942,0.603488807390995,-0.378364508359515,0.509290079094433,0.988369701467084,0.993771975606043,0.942889134139274,0.999409252767892,0.961224178020992,0.999107095161945,"46","137","24","26","52","69","75"
"CITE",38,"Cinnamon Teal","Spatula cyanoptera",10,0,0,0,1,0,"Dabbler",NA,NA,NA,NA,NA,377.5,51,1.02965301406457,"2_Uncertain","2_Uncertain","2_Uncertain","2_Uncertain","2_Uncertain","N",NA,NA,-0.107353822880022,-0.108787612680001,0.615725,-0.837882684239665,0.624923369255298,-0.719201865592462,0.506049568147742,0.0854477318450771,0.0883324793040621,0.61615,-0.486322265426613,0.655242829753993,-0.392231870820814,0.561610140214192,-0.301226635041721,-0.30036827981485,0.835925,-0.908446393868472,0.304445935676233,-0.809871642582082,0.204067206481725,0.310777589134685,0.310630000114194,0.88655,-0.201045497909677,0.824318853354611,-0.115603523645998,0.735891723091918,-0.042529088318411,-0.0458080201641456,0.571675,-0.541199104209303,0.484289565781281,-0.465895319742232,0.394460140311604,0.99915942014355,0.999510727026101,0.996227421230827,0.999957468227506,0.997281868060635,0.999933309664554,"98","48","110","110","128","117","139"
"CLSW",39,"Cliff Swallow","Petrochelidon pyrrhonota",23,0,0,0,0,0,NA,NA,NA,NA,NA,NA,21.6,49,0,"2_Uncertain","2_Uncertain","2_Uncertain","2_Uncertain","2_Uncertain","N",NA,NA,0.162375989282827,0.161739918080478,0.7168,-0.388564449161896,0.72464171167637,-0.297382586055439,0.631113435653923,0.236730349386072,0.23215948305654,0.81105,-0.283338633685278,0.781405025051111,-0.197026242820693,0.687512859950497,-0.437853536098541,-0.431251144974594,0.939,-1.02836069441893,0.112281942218373,-0.926139028259803,0.0248901614194198,0.075851430334383,0.0770241815675576,0.6316,-0.387321585109445,0.534019852556483,-0.309487778983673,0.458519421700272,-0.0533479857793391,-0.0567703142058815,0.6004,-0.505525272220444,0.417511660372521,-0.428806305821554,0.333719003580033,0.995764639650077,0.997968500668891,0.977810296383513,0.999843605520213,0.985060627997907,0.999755807960564,"123","101","65","44","122","21","118"
"COGA",40,"Common Gallinule","Gallinula galeata",18,0,0,0,0,0,"Marsh Bird",3,NA,NA,NA,NA,339.6,32.4,1.74806734854609,"1_Avoider","2_Uncertain","1_Negative","2_Uncertain","2_Uncertain","Y","Less urban",NA,-0.787646677684882,-0.776474384483096,0.98165,-1.57918372242767,-0.0464706220089976,-1.44202507860165,-0.161850346144515,0.199188826867438,0.197075429663894,0.758125,-0.349471511097516,0.758196913376854,-0.260339163057732,0.663831480235067,-0.554152958251342,-0.549149986186326,0.970725,-1.15197896536367,0.0207082159058392,-1.05375950910044,-0.0707565954873864,0.213966414600662,0.214831095115482,0.810425,-0.269948671707762,0.694694805477972,-0.19233141342232,0.618513838864168,-0.197100223446302,-0.201449710962421,0.791975,-0.665860141531543,0.294972168315752,-0.593013333240612,0.210908569982118,0.992448249273673,0.994511772235114,0.973509140229843,0.999050766957056,0.979291202132723,0.998716166901091,"32","91","92","104","88","137","84"
"COHA",41,"Cooper's Hawk","Accipiter cooperii",15,1,0,0,0,0,NA,NA,NA,"PR",NA,NA,429.7,32.3,0.325082973391448,"1_Avoider","2_Uncertain","2_Uncertain","2_Uncertain","2_Uncertain","N",NA,NA,-0.743621805142358,-0.729485216214513,0.99085,-1.45068196531176,-0.116211941893579,-1.32145175195384,-0.213418225513258,0.173433731884845,0.176646526029652,0.7268,-0.411886272686587,0.747383946563133,-0.312838023852636,0.656831453273859,-0.423774458808335,-0.424210797004757,0.915025,-1.02996719227182,0.188398804022319,-0.93156751357704,0.0848661496577337,0.017988719112612,0.0102725868811668,0.5141,-0.54414489397006,0.620989572867195,-0.449366234220435,0.513068825140496,-0.0484492253166811,-0.0490361789253663,0.570825,-0.598347808397577,0.497289503271181,-0.500703259063817,0.408414835122508,0.932129285847963,0.977408794890445,0.583753168672055,0.999306878278262,0.700816077946744,0.998874041770192,"37","84","45","113","87","31","12"
"COHU",42,"Costa's Hummingbird","Calypte costae",101,0,1,0,0,0,NA,2,NA,NA,NA,NA,3.1,65.7,0.325082973391448,"1_Avoider","2_Uncertain","2_Uncertain","2_Uncertain","2_Uncertain","N",NA,NA,-0.389032842886543,-0.386286377303456,0.97025,-0.80061542213594,0.0189045866628154,-0.736287412102289,-0.0505294460508498,0.312914260520148,0.315315043093821,0.9086,-0.150688577251873,0.770623668708833,-0.0746380340260639,0.694337330680117,0.0275440531929083,0.0293117924895581,0.55145,-0.418879905046633,0.464578558833979,-0.347975917752678,0.395571803788182,-0.0465687575248073,-0.0466376729980106,0.59705,-0.415694186976064,0.322370459852913,-0.359039253218018,0.26378540709853,0.282413111885358,0.274438516500297,0.925225,-0.098444385241005,0.705858388958447,-0.038668327351882,0.632399822278708,0.995217871955884,0.997077670419716,0.980222619558265,0.999495890449622,0.986505327190076,0.999317667761819,"67","123","29","1","139","41","109"
"CORA",43,"Common Raven","Corvus corax",178,0,0,0,0,0,NA,NA,NA,NA,NA,NA,928,39.8,2.02532622077007,"1_Avoider","2_Uncertain","2_Uncertain","2_Uncertain","2_Uncertain","N",NA,NA,-0.77532679373596,-0.773983602589005,1,-1.12895988780176,-0.430090253925504,-1.07023116080372,-0.483571850865563,-0.186521009108625,-0.185732006244824,0.828075,-0.570656312310864,0.196570498260103,-0.50903941392586,0.134213799159769,0.0769629448691217,0.0749045001184159,0.657175,-0.287874198454482,0.452495488936186,-0.229738093990793,0.389592525800031,-0.237863755799763,-0.236554538451516,0.928675,-0.560019687545567,0.0805069495126015,-0.505241430841622,0.0291571581348784,-0.133358823870122,-0.137485124998362,0.79665,-0.439708653925002,0.194461834394303,-0.394221047889302,0.140736862781488,0.980940147539126,0.982585265552927,0.959232186069575,0.993286583609982,0.964255390902076,0.992183807442092,"33","7","10","128","109","139","15"
"COYE",44,"Common Yellowthroat","Geothlypis trichas",86,0,0,0,0,0,NA,NA,NA,NA,NA,NA,9.5,16.1,0,"1_Avoider","3_Positive","2_Uncertain","2_Uncertain","1_Negative","Y","Higher overall occupancy","More urban",-0.558375741092916,-0.556358767676118,0.99205,-1.01918967469747,-0.107348224250638,-0.943722520339862,-0.180783186800204,0.457123425497926,0.453867611917343,0.976425,0.00532548405759614,0.92982664924024,0.0761788625837974,0.849195049629114,-0.284518436894212,-0.283835208674303,0.89885,-0.728799377500975,0.154703460707377,-0.658468670319571,0.0809929058697843,0.0207199259785567,0.0204937727449373,0.545625,-0.330029600244908,0.374742759265619,-0.272016069504243,0.316558232739724,-0.44203189220838,-0.446661454743165,0.99155,-0.780795665544132,-0.0815469143053538,-0.729943290481774,-0.140498413713084,0.994705073912112,0.995475216023421,0.986331841366549,0.998592271759777,0.988500999581707,0.998289204809456,"53","136","48","16","13","2","94"
"DCCO",45,"Double-crested Cormorant","Nannopterum auritum",77,0,0,0,0,0,"Fish eating",NA,NA,NA,NA,NA,1806.5,40.8,0,"2_Uncertain","2_Uncertain","1_Negative","2_Uncertain","2_Uncertain","Y","Less urban",NA,-0.192169588080202,-0.191278268936546,0.806,-0.633297540292317,0.24155289136695,-0.559393488397679,0.170752506148684,0.058662663936806,0.057789009804776,0.60435,-0.374811279947135,0.496302374023338,-0.306419637690768,0.42478577891563,-0.625403299530301,-0.622204078936464,0.996675,-1.09827618323947,-0.169400497151314,-1.02042813007226,-0.241278471682733,0.250785946044743,0.250806370608543,0.915925,-0.105113996637694,0.606968582177874,-0.047973063784794,0.547047981074084,-0.0871492931351815,-0.0913688094220227,0.679275,-0.453545521810978,0.304970802516598,-0.400166861586397,0.239518514548738,0.993405229002939,0.994344756178015,0.983248503839501,0.998344264054602,0.985736819873822,0.997958658161023,"86","40","102","135","112","19","81"
"DEJU",46,"Dark-eyed Junco","Junco hyemalis",2,0,0,0,0,0,NA,NA,NA,"|",NA,NA,19.5,21.9,0.610864302054894,"2_Uncertain","2_Uncertain","2_Uncertain","2_Uncertain","2_Uncertain","N",NA,NA,-0.718438122903919,-0.701551577301589,0.923575,-1.78831674258,0.268424368499279,-1.58750140617485,0.107108804902179,0.163411839092128,0.161782928835,0.698225,-0.471490767862631,0.799241532846369,-0.363374076947535,0.695390520249796,-0.313021284041277,-0.309607436912661,0.8224,-0.988390062236757,0.34833421361906,-0.87713265898441,0.243272722147644,-0.0846370407903082,-0.088846946646016,0.605625,-0.733363606293277,0.572543038689058,-0.621740582592842,0.464219498434548,-0.0373572539791002,-0.0374593710548376,0.546925,-0.667840624829045,0.587410375304206,-0.563660789530819,0.48690547183333,0.980849439772865,0.994384765702563,0.870383624410885,0.999732680274044,0.917955330602313,0.999541289060058,"38","75","26","40","35","56","83"
"EUCD",47,"Eurasian Collared-Dove","Streptopelia decaocto",116,0,0,0,0,0,NA,NA,NA,NA,NA,NA,149,36.1,1.27985422583367,"3_Adapter","3_Positive","2_Uncertain","2_Uncertain","2_Uncertain","Y","Higher overall occupancy",NA,0.859250201475729,0.851669264756906,0.999775,0.371691815382475,1.38807726367159,0.44621872191885,1.29423818871999,0.389972408258645,0.388274800025665,0.95445,-0.0651077419258848,0.856729783376091,0.0106311164682502,0.777213499794238,-0.217629944724331,-0.215294059843424,0.815625,-0.704015133619615,0.249625472214761,-0.619738534468789,0.174823400185569,0.0431340986470738,0.0459879797774712,0.5939,-0.349789142532028,0.418593149308325,-0.283169779261127,0.359876057422773,-0.0290667815613332,-0.0341191365313109,0.574725,-0.377666242130383,0.338596633767756,-0.320118053438252,0.27922847480876,0.994961069477482,0.995966610539443,0.984818581742949,0.999239916753468,0.987589342179647,0.998967840894234,"134","131","57","95","99","128","98"
"EUST",48,"European Starling","Sturnus vulgaris",396,0,0,0,0,0,NA,NA,NA,NA,NA,NA,77.1,38.4,1.69574253416963,"3_Adapter","3_Positive","2_Uncertain","3_Positive","3_Positive","Y","Higher overall occupancy","Less urban, lower overall occupancy",0.934728959913275,0.933445480974919,1,0.626584688217275,1.24887994010905,0.67380599632213,1.19719787301818,0.335927687372032,0.334019583624221,0.9787,0.0111401040032689,0.665815869775061,0.0636598639680213,0.61373846985471,0.00817044800737357,0.00951849721670465,0.5251,-0.296260802096701,0.30281767546383,-0.246815084977458,0.255070133631952,0.471496234117331,0.472024824695634,0.9999,0.229267664448538,0.708797691073586,0.270345176074155,0.669977491871892,0.278101866526908,0.276496087026259,0.987875,0.0365550320119762,0.524312305222046,0.0773137936689657,0.483958406387982,0.960866625607066,0.963761449586108,0.919574994605915,0.986124748863827,0.928105314288238,0.983530262061092,"135","125","126","85","106","136","6"
"GADW",49,"Gadwall","Mareca strepera",3,0,0,0,1,0,"Dabbler",NA,NA,NA,NA,NA,915.6,54.8,0.610864302054894,"2_Uncertain","2_Uncertain","2_Uncertain","2_Uncertain","2_Uncertain","N",NA,NA,0.200940435631213,0.194189876214623,0.66225,-0.715595327720126,1.16085221999735,-0.567634313114466,0.999862275819005,0.103975660175223,0.102809798658796,0.6209,-0.547715812601755,0.759978793181489,-0.441886285903453,0.653871029748932,-0.41304232665932,-0.414785380734608,0.887125,-1.09455744694303,0.255605639633684,-0.98116394063227,0.144957635672421,0.237580670706168,0.241199390669339,0.779825,-0.392557463810352,0.842460278842621,-0.282914947611822,0.746690201973715,0.0464569040751712,0.0440453265344494,0.55815,-0.555095994277155,0.657026408456119,-0.459649326401126,0.558420047116297,0.976974453302454,0.989864449793436,0.86953258755915,0.999208561475711,0.912950635108919,0.99878689074288,"124","52","99","127","133","62","48"
"GAQU",50,"Gambel's Quail","Callipepla gambelii",426,0,0,0,0,0,NA,NA,NA,NA,NA,NA,166,28.4,0.943348392329039,"1_Avoider","2_Uncertain","1_Negative","2_Uncertain","2_Uncertain","Y","Less urban",NA,-0.45454862293005,-0.453354616531883,0.9982,-0.767512333613055,-0.146410264645138,-0.71606730479636,-0.195083957351181,-0.055432727024026,-0.0552238962100544,0.6243,-0.398078326431162,0.282896868593027,-0.344310533001121,0.229311079525524,-0.369226881279242,-0.369073106870845,0.989725,-0.68121515109251,-0.0585557929473419,-0.627866973897582,-0.109042532417025,-0.133017178956042,-0.133201668318427,0.815575,-0.425555111259802,0.156866410744837,-0.377016285022697,0.109182166895283,0.181669442912703,0.178218122589804,0.876675,-0.118908155051807,0.501035310469224,-0.0723690208695156,0.449399231756159,0.992160268836415,0.992816044712441,0.983219916035334,0.997249015543535,0.985196732406235,0.996759550696309,"62","21","19","100","75","107","66"
"GBHE",51,"Great Blue Heron","Ardea herodias",137,0,0,0,0,0,"Wading Bird",NA,NA,"|",NA,NA,2523.4,36.6,1.16828245017656,"2_Uncertain","2_Uncertain","1_Negative","3_Positive","1_Negative","Y","Less urban","More urban, lower overall occupancy",-0.190646393807334,-0.189527690276717,0.839125,-0.56956554143288,0.187959436926824,-0.50865336815488,0.129145511455606,0.0661578703804677,0.067338375630869,0.634325,-0.319627106558028,0.449004191502647,-0.258940165357048,0.388704581189647,-0.420696198219555,-0.418282741775826,0.987525,-0.798872276900641,-0.052865002848629,-0.737867392929406,-0.111600787134389,0.260585778583167,0.259730372087717,0.956225,-0.038256698719225,0.562833555123215,0.00927994097608707,0.513546052491741,-0.302762072448689,-0.30336846985685,0.959725,-0.646084576432797,0.035991766308119,-0.588135041155872,-0.0179559021446014,0.991062635634373,0.9919604782451,0.980047463824255,0.99698749711189,0.982735496558287,0.996476910574063,"87","43","103","137","103","122","63"
"GHOW",52,"Great Horned Owl","Bubo virginianus",7,1,0,0,0,0,NA,NA,NA,NA,NA,NA,1354.5,32,0.325082973391448,"1_Avoider","2_Uncertain","2_Uncertain","2_Uncertain","2_Uncertain","N",NA,NA,-0.773745103958076,-0.747237036684993,0.9674,-1.74225163491132,0.0449012299033758,-1.55689936587849,-0.0741185153527686,-0.378904029497208,-0.373512755658116,0.890075,-1.00356417176605,0.211000164401936,-0.898604610143721,0.119546218660647,-0.147377100149664,-0.147336909625161,0.681725,-0.778002592814617,0.482723101705879,-0.673395989459415,0.380613151293944,0.0147639727959053,0.0130296637440564,0.517375,-0.58592817826101,0.623161291814835,-0.483075324033163,0.517901496943061,-0.0273108635590066,-0.0282591748378284,0.5401,-0.607366209252449,0.557914385519191,-0.512525515374561,0.463975669483528,0.993158774857314,0.998310826570781,0.958224096343969,0.999894443765985,0.976987707753474,0.99983414002599,"35","2","46","132","84","30","119"
"GIFL",53,"Gilded Flicker","Colaptes chrysoides",36,0,0,1,0,0,NA,2,NA,NA,NA,"S",111,27.5,0.950270539233235,"1_Avoider","2_Uncertain","2_Uncertain","2_Uncertain","2_Uncertain","N",NA,NA,-0.673301280403836,-0.664937644538647,0.9963,-1.218861871135,-0.170936880334957,-1.12361155935309,-0.252641386922036,-0.295217266867736,-0.288085443949622,0.876675,-0.828249324784953,0.196378956338915,-0.732497575033924,0.117902491540292,-0.36923556066872,-0.367593524171167,0.9376,-0.849835951097014,0.111555574046878,-0.772230453079084,0.0282457656233463,-0.124008438203356,-0.121898754494061,0.7016,-0.588680449697733,0.325441093520132,-0.509363770802377,0.249386849912201,0.304869941330408,0.29978196692544,0.896925,-0.162700725843432,0.804975429182539,-0.0855095780838784,0.714799526274542,0.898380597855736,0.927157914928573,0.637338224969685,0.992495134844039,0.709075351659285,0.988538923616248,"43","4","21","89","70","108","2"
"GIWO",54,"Gila Woodpecker","Melanerpes uropygialis",361,0,0,1,0,0,NA,2,NA,NA,NA,NA,64.7,21.8,1.6094379124341,"2_Uncertain","2_Uncertain","2_Uncertain","2_Uncertain","2_Uncertain","N",NA,NA,0.0179275423194988,0.0177284521519163,0.550675,-0.260388025755838,0.295617295657904,-0.213519056437805,0.249964009447144,0.237327619324597,0.235974489944906,0.9222,-0.0883682708318887,0.569357188917694,-0.0374260497223651,0.514465825898589,-0.0418744507940922,-0.0402306420057031,0.60755,-0.342719300118419,0.248758623269332,-0.290944206184748,0.203513737606352,1.38699214106968e-05,0.000164660758560142,0.50065,-0.257360249762319,0.254928967579813,-0.214933494778584,0.212361870525762,0.191819260296389,0.190335004339135,0.9285,-0.0640028869927184,0.460136436921362,-0.0237592944286573,0.413678622309848,0.984544786569119,0.985777124517929,0.967050083506974,0.9950285033087,0.970793770123339,0.993994402653499,"110","104","42","84","34","135","21"
"GREG",55,"Great Egret","Ardea alba",74,0,0,0,0,0,"Wading Bird",NA,NA,NA,NA,NA,871.3,32.1,1.27985422583367,"2_Uncertain","2_Uncertain","1_Negative","3_Positive","2_Uncertain","Y","Less urban","Lower overall occupancy",-0.0982417534105537,-0.0957450610091978,0.639875,-0.635762276621139,0.436134472628937,-0.546819863892392,0.346023627472032,0.131517970118954,0.128975924385979,0.695825,-0.34903264638744,0.62986715293637,-0.27589608717777,0.547880765882434,-0.472912090218719,-0.470606671668103,0.962125,-1.01019126185734,0.0433315941125652,-0.920302709970276,-0.0331403319447345,0.420682886717277,0.418936847643974,0.986125,0.0456683650630019,0.806302209250213,0.104845023955149,0.740893569424703,-0.167406908443866,-0.17182765144292,0.786825,-0.567846777689475,0.262120855353147,-0.506310184183564,0.186729866530068,0.998445630343378,0.999020427292673,0.99374277950038,0.999886878703381,0.995194094006706,0.999836255532368,"99","61","121","126","85","127","131"
"GRFL",56,"Gray Flycatcher","Empidonax wrightii",8,0,0,0,0,0,NA,2,NA,NA,NA,NA,12.3,21.3,0.325082973391448,"1_Avoider","2_Uncertain","2_Uncertain","2_Uncertain","2_Uncertain","N",NA,NA,-0.846994611721565,-0.818974175104587,0.98405,-1.78405054955638,-0.0674963077743626,-1.60843855411115,-0.183439436039091,0.0732171312400988,0.0731236742206815,0.6024,-0.508161746438204,0.648134247973491,-0.411515445914856,0.552415394625421,-0.292809035953164,-0.289815076309906,0.8283,-0.908321742674906,0.306887298548622,-0.80650716048212,0.207817199915047,-0.349245672427086,-0.343494931633605,0.875575,-0.96719021956019,0.246739689741971,-0.868014173601182,0.147001798524684,0.147726625891346,0.141138611910278,0.6886,-0.411359162277083,0.741151886699177,-0.321629264569254,0.642430984243143,0.969434939177772,0.986810055649465,0.820800894151552,0.999236526300849,0.883470457789839,0.998763695544208,"25","45","6","27","31","26","26"
"GRHE",57,"Green Heron","Butorides virescens",12,0,0,0,0,0,"Wading Bird",NA,NA,NA,NA,NA,201.5,32.2,1.08889997534522,"2_Uncertain","2_Uncertain","1_Negative","2_Uncertain","2_Uncertain","Y","Less urban",NA,-0.434831841515378,-0.431892412721019,0.90575,-1.09490699685517,0.220584210754839,-0.983355411544822,0.114382326788352,0.373465945038505,0.370261918749377,0.910675,-0.170545817083074,0.937106830144328,-0.0820298707837959,0.839457545137272,-0.58227760225865,-0.577582086382136,0.975975,-1.18686829546601,-0.00412250298403899,-1.08857096177649,-0.0959231730847855,0.211378817681298,0.207292063705019,0.8138,-0.247875312521867,0.698422499446692,-0.173865017818309,0.611443802765811,-0.308238042236498,-0.307817731103525,0.90695,-0.767443583717397,0.146668407307147,-0.689608056596179,0.0764729578184506,0.9923767390745,0.995161557249414,0.968398578280903,0.999675025602923,0.976172227494915,0.999418719066907,"65","128","89","103","86","121","92"
"GRRO",58,"Greater Roadrunner","Geococcyx californianus",23,0,0,0,0,0,NA,NA,NA,NA,NA,NA,376,6.5,1.50478828368119,"1_Avoider","2_Uncertain","2_Uncertain","2_Uncertain","2_Uncertain","N",NA,NA,-1.06513056313741,-1.04770237140273,0.999575,-1.82550982319663,-0.410652327841583,-1.68904704767243,-0.503539254204055,-0.362129752498119,-0.357789802282857,0.902275,-0.929511374306203,0.17648975291167,-0.83140370506501,0.0940375682179232,-0.194857070818827,-0.194905208931971,0.748375,-0.776087635081453,0.38811969438114,-0.683423212613715,0.288621538830683,0.174998977136148,0.16507719623716,0.72765,-0.353065295506208,0.75956701757722,-0.274498022247794,0.6573102538695,-0.276306169497794,-0.276829948332467,0.85355,-0.789397052424388,0.245140501721328,-0.70379513621132,0.160972112924479,0.997235145159133,0.998591983222391,0.986389126797588,0.999887202746546,0.990672250676352,0.99981773981592,"12","3","83","109","1","134","128"
"GRYE",59,"Greater Yellowlegs","Tringa melanoleuca",4,0,0,0,0,1,"Shorebird",NA,NA,NA,NA,NA,161.7,50.2,0.500402423538188,"2_Uncertain","2_Uncertain","2_Uncertain","2_Uncertain","2_Uncertain","N",NA,NA,-0.317353038783043,-0.31256339309267,0.7704,-1.17970343764732,0.523535385497067,-1.03301421823847,0.386281904104351,0.279358197233047,0.277488044852295,0.813725,-0.330874628476615,0.90817720852695,-0.236581553508471,0.801399985254901,-0.286168285800157,-0.283115635023799,0.8058,-0.952010085176271,0.364535310005601,-0.84171674047734,0.263436939079446,0.355370764365136,0.347427952915948,0.88095,-0.224823529810852,0.989483349527995,-0.135242684043909,0.877118610612419,-0.257055269791307,-0.253841696085001,0.81315,-0.836569652169182,0.305800444536135,-0.738108214634952,0.216162973206803,0.980520524184867,0.991165333075151,0.8949433198025,0.999532329731667,0.92845258948998,0.999208904241666,"75","115","114","99","125","55","56"
"GTGR",60,"Great-tailed Grackle","Quiscalus mexicanus",684,0,0,0,0,0,NA,NA,NA,NA,NA,NA,160.5,26.8,0.500402423538188,"3_Adapter","3_Positive","2_Uncertain","3_Positive","2_Uncertain","Y","Higher overall occupancy","Lower overall occupancy",1.15047111552536,1.14681721673593,1,0.762562648829331,1.55539875226259,0.824464133805065,1.4885652482408,0.397310208729608,0.397314311918974,0.973675,-0.00424473469668035,0.799413479394962,0.0612119712316941,0.734849947506038,-0.256287885079612,-0.253992723998047,0.906375,-0.650479355843456,0.117924797120152,-0.585144651567172,0.0620473006188738,1.2434558199098,1.23051409776555,1,0.755786425541728,1.79200808840427,0.825798228016608,1.70334515728154,-0.192836529410807,-0.183955088468843,0.825,-0.613197967277835,0.181931535482119,-0.540780523929253,0.127309732927416,0.970953878478713,0.974155888555975,0.930762004999168,0.992452960285212,0.940044711700802,0.990598713034133,"136","132","139","98","63","50","11"
"GTTO",61,"Green-tailed Towhee","Pipilo chlorurus",19,0,0,0,0,0,NA,NA,NA,NA,NA,NA,29.4,16.8,1.05492016798614,"1_Avoider","2_Uncertain","1_Negative","2_Uncertain","2_Uncertain","Y","Less urban",NA,-0.87197956047758,-0.861130414716402,0.999075,-1.50831620098669,-0.303016660693146,-1.39209709955741,-0.388815910345594,0.257667030018243,0.253999969317783,0.83305,-0.263604322692494,0.796778103412864,-0.179226327845093,0.708966889905427,-0.586995252120346,-0.579569290931341,0.982975,-1.16184953575173,-0.0420131253755309,-1.06662532092218,-0.129208370062087,-0.151109277270574,-0.153493587741635,0.732625,-0.637283040075036,0.356320251531253,-0.559341249605786,0.269474402679199,-0.224162495911662,-0.223363578158841,0.8131,-0.724399537060046,0.26509866272447,-0.641991016511494,0.186576082417129,0.988618515602586,0.993039025275107,0.950784627041583,0.99919571452275,0.964307791956557,0.998805002062864,"23","111","17","58","15","118","70"
"HAHA",62,"Harris's Hawk","Parabuteo unicinctus",7,1,0,0,0,0,NA,2,NA,"PR",NA,NA,850.3,30.8,0.325082973391448,"2_Uncertain","2_Uncertain","2_Uncertain","2_Uncertain","2_Uncertain","N",NA,NA,-0.540877377526733,-0.526308053510225,0.918125,-1.38798281155044,0.226428581162699,-1.23312041138437,0.0982721645311441,-0.0151117061838279,-0.0172082006078917,0.5234,-0.595333622568659,0.576184946199201,-0.49952170232157,0.477962070616504,-0.394479729628661,-0.392554416879307,0.896025,-1.01532263012079,0.215787083158006,-0.91051292636109,0.120832022288519,0.0799023737920573,0.0753707759772339,0.604875,-0.497037060289646,0.679947616735211,-0.400023833223849,0.574239404423814,0.0650248346966164,0.0622869541590714,0.586125,-0.517411386788621,0.667560530407536,-0.419141402299717,0.557758982714915,0.993780831890979,0.997012727732842,0.96818225442505,0.999817394002067,0.978669673086264,0.999699555146736,"54","27","64","125","81","29","107"
"HETH",63,"Hermit Thrush","Catharus guttatus",2,0,0,0,0,0,NA,2,NA,NA,NA,NA,30.1,26.9,0.500402423538188,"2_Uncertain","2_Uncertain","2_Uncertain","2_Uncertain","2_Uncertain","N",NA,NA,-0.442828895608302,-0.437578180295573,0.82355,-1.41410770470653,0.484891289896606,-1.24464980694153,0.340826064589922,0.166280458797918,0.164507761540583,0.703925,-0.448600594030365,0.793504864591999,-0.350346365799188,0.687914603540931,-0.338215284554001,-0.335194682085948,0.846775,-0.998279326432318,0.297889454263724,-0.889371522364281,0.201899065899769,-0.0274053985073477,-0.0220134179554891,0.52785,-0.657460521721564,0.571295405834104,-0.548759992988654,0.476017859557654,-0.0159785503953205,-0.0201725511886229,0.52745,-0.590281719530892,0.583561201887316,-0.496866898381559,0.482049799161746,0.970606776795025,0.988832159596295,0.817596902109928,0.99935717982354,0.880677265986869,0.998998386521609,"63","77","34","59","65","51","38"
"HEWA",64,"Hermit Warbler","Setophaga occidentalis",2,0,0,0,0,0,NA,NA,NA,NA,NA,NA,10.4,26.9,0,"2_Uncertain","2_Uncertain","2_Uncertain","2_Uncertain","2_Uncertain","N",NA,NA,-0.240836995382771,-0.232979845868624,0.69295,-1.21725307806646,0.692407210996181,-1.05532688883253,0.547387831833259,0.0527674310829951,0.0529045622657568,0.5709,-0.551878806572091,0.653293236797515,-0.448515383246068,0.553785158128721,0.127720621418828,0.124862037579238,0.651675,-0.496639103129467,0.772720593848343,-0.395654325393911,0.663460095103994,0.0265351428606918,0.0272367763012519,0.534875,-0.62805168349919,0.673367028378897,-0.511044834907017,0.567155894579686,-0.15967035676588,-0.157618759093336,0.699775,-0.772064347937614,0.435346834745726,-0.666882439570576,0.340435153689409,0.972470098778694,0.989111248688118,0.839730563526436,0.999345079263818,0.895445891892453,0.998965511759786,"83","39","52","19","64","12","40"
"HOFI",65,"House Finch","Haemorhous mexicanus",801,0,0,0,0,0,NA,NA,NA,NA,NA,NA,21.4,27.5,1.31383403319275,"3_Adapter","2_Uncertain","2_Uncertain","2_Uncertain","2_Uncertain","N",NA,NA,0.444170021066619,0.443783718096271,0.999425,0.185446847443655,0.704415566562225,0.2281312213172,0.661360798637155,-0.081242378442131,-0.0806655763124196,0.704275,-0.380009168231079,0.21624276870606,-0.329771892835562,0.169288951494046,-0.174551213763001,-0.174297211894795,0.913225,-0.426130924786586,0.0789430244271589,-0.386934157905205,0.0371067144124057,-0.0286042963061938,-0.0271902901528602,0.589575,-0.266735885019695,0.204641380870491,-0.227339153619131,0.168415295153387,-0.136256045402996,-0.131733308401693,0.8456,-0.412929020161067,0.116230824196419,-0.364729502988745,0.0784929245744183,0.938355635990894,0.941590757864634,0.884901111929902,0.973432798616169,0.896173679926646,0.969607726513105,"128","17","33","43","69","130","3"
"HOLA",66,"Horned Lark","Eremophila alpestris",22,0,0,0,0,0,NA,2,NA,NA,NA,NA,33.3,38.6,0.693147180559945,"2_Uncertain","2_Uncertain","1_Negative","2_Uncertain","2_Uncertain","Y","Less urban",NA,-0.35504549638091,-0.353522209397772,0.90055,-0.908714173913637,0.185341885616748,-0.814405999789568,0.0962175775156634,0.0130217742549645,0.0140961603471228,0.520225,-0.510977727965627,0.538004393823699,-0.428054963580835,0.452378160338419,-0.486130218451946,-0.48299123329858,0.962375,-1.04165306319899,0.0517875553215961,-0.948453672378375,-0.0359712059534801,0.166598701058538,0.163968149773663,0.786675,-0.248355946468361,0.58380907968707,-0.178859413342551,0.516861285898847,-0.0471847932930637,-0.0512486838946472,0.588825,-0.480475249637914,0.407156889963487,-0.411104444376694,0.332024868878787,0.997818931023876,0.998445852069462,0.992179458762862,0.999721747079271,0.993958889856624,0.999628712562481,"72","34","82","61","107","81","124"
"HOOR",67,"Hooded Oriole","Icterus cucullatus",4,0,0,0,0,0,NA,2,NA,NA,NA,NA,24.3,20,1.27985422583367,"2_Uncertain","2_Uncertain","1_Negative","2_Uncertain","2_Uncertain","Y","Less urban",NA,-0.417215192305219,-0.414067464732362,0.834875,-1.28135029327266,0.412085260477756,-1.13634714415978,0.283300056424091,0.14299834941855,0.142802394249363,0.686325,-0.443452483565762,0.731350479780289,-0.344979541320108,0.631775199350912,-0.594117136517334,-0.583530250775986,0.970325,-1.25486788515548,0.0211128859417051,-1.14244353718797,-0.075302156776229,-0.0144753786657186,-0.0119939048539526,0.516425,-0.602788561648736,0.571545222071986,-0.503588601856535,0.472630638920449,0.060704271087713,0.0559793230754686,0.5757,-0.509083266883413,0.652635922962488,-0.415878721334542,0.553566289830165,0.976759469920479,0.989784427953916,0.87090042910554,0.999715379618038,0.911188504289291,0.999476924177619,"66","68","39","48","25","125","47"
"HOSP",68,"House Sparrow","Passer domesticus",879,0,0,0,0,0,NA,NA,NA,NA,NA,NA,26.5,27.3,0.89794572485678,"3_Adapter","2_Uncertain","2_Uncertain","3_Positive","2_Uncertain","Y",NA,"Lower overall occupancy",1.5507773986223,1.54824966787336,1,1.20952675360889,1.90924351434762,1.26252646002012,1.84776651717401,0.252087347891378,0.252775151132385,0.9352,-0.0774689374984203,0.57720690291669,-0.0222656171889593,0.524630313074692,0.104149930730969,0.105706248067953,0.746275,-0.21123404582595,0.411369617904635,-0.159425698839397,0.362373731314086,0.441410809111559,0.441246694545267,0.999575,0.183510148333998,0.699679591640269,0.223512734819913,0.658065449651069,0.111666905055955,0.113448997916006,0.7745,-0.191002963091214,0.397057947488008,-0.137567535792495,0.353516181226635,0.957591189210219,0.959378268857449,0.925751179765695,0.979238481076267,0.932359812590873,0.976678063701891,"139","109","122","52","68","95","5"
"HOWR",69,"House Wren","Troglodytes aedon",2,0,0,0,0,0,NA,NA,NA,NA,NA,NA,10.9,12.9,0.500402423538188,"2_Uncertain","2_Uncertain","2_Uncertain","2_Uncertain","2_Uncertain","N",NA,NA,-0.668584697985299,-0.657507852326199,0.9186,-1.69536183999245,0.288053295786334,-1.49585565105613,0.124719948376576,0.17615897732282,0.175547206348158,0.711475,-0.450248932421908,0.81156976525539,-0.347623091323619,0.706791519416755,-0.35249612780634,-0.351817337721111,0.8543,-1.0134612269545,0.319138793095966,-0.904965594022739,0.210332208987459,-0.189461506582758,-0.18498337631702,0.724075,-0.823184762013206,0.417277625352942,-0.713507683148969,0.319586537918503,-0.00418105821427037,-0.00896055441185329,0.511125,-0.579864137420505,0.596885366599952,-0.490113758345927,0.495043893056592,0.96857151786491,0.987790813016288,0.809438857423548,0.999404336097518,0.873747658728902,0.998990275818762,"44","83","15","24","5","43","31"
"INDO",70,"Inca Dove","Columbina inca",226,0,0,0,0,0,NA,2,NA,NA,NA,NA,47.5,26,0.500402423538188,"3_Adapter","3_Positive","2_Uncertain","2_Uncertain","2_Uncertain","Y","Higher overall occupancy",NA,1.38386878848134,1.37629256392214,1,0.855064647133422,1.97674392433685,0.930336012278432,1.86390211509585,0.600988947969907,0.595175439613461,0.99685,0.161467016762435,1.07104014142786,0.230909541631714,0.990295652708876,0.326985471249843,0.325676615830008,0.908675,-0.148478095060375,0.81128307036696,-0.0729190463287137,0.733921456874228,0.157301738522843,0.160239530683658,0.797175,-0.226596961060275,0.524011650586649,-0.164204466810501,0.466740726509619,0.0980267105387615,0.0974958624070999,0.69535,-0.287042361837488,0.479424474843957,-0.221580150511284,0.417625041495977,0.987253543637452,0.989700664671172,0.962794830276004,0.997468894935101,0.969335549989723,0.996823267501575,"137","139","80","74","61","49","44"
"KILL",71,"Killdeer","Charadrius vociferus",94,0,0,0,0,1,"Shorebird",2,NA,NA,NA,NA,96.4,52.6,0.325082973391448,"2_Uncertain","2_Uncertain","1_Negative","3_Positive","2_Uncertain","Y","Less urban","Lower overall occupancy",0.344625605711251,0.340418523233699,0.928775,-0.114301291071238,0.821791876074062,-0.0412547475604625,0.743804245039879,0.165388897681244,0.164071560872823,0.7608,-0.291405313299819,0.636554458421224,-0.21667365542781,0.559777531542861,-0.606590727911953,-0.600821640760395,0.9923,-1.13423099469925,-0.108464764074347,-1.04886807853874,-0.183498536218402,0.520468882494965,0.513444489047506,0.995725,0.127722199454732,0.958902666411048,0.190010731203339,0.882393679455053,-0.34500755672504,-0.338166172152342,0.9496,-0.793582565786856,0.0655014007146651,-0.712344308356281,0.000603163549800163,0.997860130646768,0.998370515837131,0.992988331274909,0.999667419738548,0.99441166171033,0.99956678221152,"127","76","128","87","131","38","122"
"LARB",72,"Lark Bunting","Calamospiza melanocorys",5,0,0,0,0,0,NA,2,NA,NA,NA,NA,37.6,24.3,0.89794572485678,"1_Avoider","2_Uncertain","2_Uncertain","2_Uncertain","2_Uncertain","N",NA,NA,-0.804077542338513,-0.789010338775477,0.972675,-1.70204386222763,0.0155011413220195,-1.54688126669406,-0.108151665534652,0.166668105556559,0.166888634256744,0.7129,-0.418409063639586,0.753279676059121,-0.325052227299257,0.661590933988122,-0.436760095932522,-0.436021857925687,0.91575,-1.07050503896346,0.189104077484984,-0.962352287725905,0.0840867195580373,-0.12072335659482,-0.114820942451495,0.653725,-0.710549474725341,0.43690516156455,-0.609333113697911,0.348132091583944,0.0442981674798138,0.0406603195493951,0.55595,-0.501949055503794,0.623859991191642,-0.417253365760877,0.521751456371025,0.98997622204576,0.995486799880979,0.945860669935261,0.999700359422894,0.963883935025651,0.999534489314347,"30","78","23","63","54","93","95"
"LASP",73,"Lark Sparrow","Chondestes grammacus",18,0,0,0,0,0,NA,NA,NA,NA,NA,NA,29,28.8,0.610864302054894,"1_Avoider","2_Uncertain","1_Negative","2_Uncertain","2_Uncertain","Y","Less urban",NA,-0.7867704412659,-0.777490320757676,0.995975,-1.4281543988059,-0.19908598107126,-1.31618794266189,-0.290625943480114,-0.00798212250045334,-0.00824563824558086,0.512925,-0.539927281132309,0.529208141417804,-0.451724564290456,0.436734136515685,-0.52584495162914,-0.521431730859114,0.969725,-1.09625011676355,0.0213893811804698,-1.00006536554702,-0.0665432604210105,0.219298350734923,0.206139640940571,0.79655,-0.268801724123814,0.775066204848699,-0.197755444532321,0.674856337725415,-0.35612001877722,-0.353910464768479,0.925075,-0.851299545985098,0.133635225621676,-0.768060086129673,0.0512801258682589,0.97602473864253,0.989765150951334,0.858648703929279,0.999170779635726,0.908693981494327,0.998705927473648,"31","29","88","57","78","59","46"
"LAZB",74,"Lazuli Bunting","Passerina amoena",11,0,0,0,0,0,NA,3,NA,NA,NA,NA,15.5,23.4,0.693147180559945,"1_Avoider","2_Uncertain","1_Negative","2_Uncertain","2_Uncertain","Y","Less urban",NA,-0.637676798467283,-0.6280109247643,0.967125,-1.38180754374901,0.0460745288190857,-1.24500953540718,-0.067861197036471,0.211774526450913,0.210347820664133,0.772225,-0.336233643565441,0.77788770786233,-0.248531076171692,0.676988293736259,-0.593223219370652,-0.586713407936082,0.973025,-1.22833673536933,0.0085883699141162,-1.11436892403035,-0.0891542402286753,-0.0383720518316515,-0.0414440678362133,0.5584,-0.592672363817684,0.537546973625094,-0.497676263152365,0.434845821155868,-0.0940561069653425,-0.0939890594627555,0.63255,-0.641383581829031,0.458898095678093,-0.54745951525023,0.36264393052696,0.984246832694454,0.99427198573582,0.904259539058051,0.999544679657824,0.938672713952435,0.999313204643052,"49","95","31","33","44","77","80"
"LBWO",75,"Ladder-backed Woodpecker","Dryobates scalaris",42,0,0,1,0,0,NA,NA,NA,NA,NA,NA,31.6,24.6,0.639031859650177,"1_Avoider","2_Uncertain","2_Uncertain","2_Uncertain","2_Uncertain","N",NA,NA,-1.38891549343855,-1.37831941602429,1,-2.04976573942509,-0.78667571921804,-1.93147127739854,-0.876989584547245,0.215924943475875,0.213600398450534,0.80895,-0.269178137317322,0.709571543775486,-0.193177256574928,0.628477624806617,0.000838621327915654,0.00234349069332692,0.5044,-0.483647659222942,0.475368637843971,-0.402947492780232,0.398393957056406,0.107863749913004,0.103970065857649,0.677825,-0.334732518807974,0.585074976887714,-0.265521815803507,0.496563881246885,-0.312946306525239,-0.313176823741264,0.89545,-0.801280041786077,0.175814912409212,-0.723351556349376,0.0966525291171295,0.990149845595926,0.993734021047544,0.960178195881785,0.999210018890955,0.969856986765065,0.998915111721921,"5","96","70","60","56","65","74"
"LEGO",76,"Lesser Goldfinch","Spinus psaltria",123,0,0,0,0,0,NA,NA,NA,NA,NA,NA,8.8,26,1.31383403319275,"2_Uncertain","2_Uncertain","2_Uncertain","2_Uncertain","2_Uncertain","N",NA,NA,-0.140230989571202,-0.140742817714514,0.798,-0.472293656413523,0.189291246077669,-0.417634756737772,0.135485127382082,0.158586710667142,0.157670242181564,0.8057,-0.20221204671787,0.527184330784231,-0.14601340590764,0.464898627445758,0.0637928995924004,0.0645343628498476,0.64965,-0.271834815553466,0.397685503190184,-0.217652425977366,0.34482121651958,0.0639520701215767,0.0645123618298251,0.668625,-0.234007257440349,0.35519314485152,-0.181567644243073,0.308330588767281,-0.0185006788933922,-0.0233003793305888,0.55915,-0.306978704603908,0.294982558250425,-0.261897914744986,0.240073135799874,0.984631779005574,0.986093582988737,0.965769723958639,0.994923522724397,0.97028673550566,0.993976031419893,"97","73","62","13","60","129","22"
"LENI",77,"Lesser Nighthawk","Chordeiles acutipennis",4,0,0,0,0,0,NA,NA,NA,NA,NA,NA,48.4,55.1,0,"1_Avoider","2_Uncertain","2_Uncertain","2_Uncertain","2_Uncertain","N",NA,NA,-0.749164644769603,-0.733583743240601,0.96135,-1.67778775282154,0.0804480754286159,-1.51273985749261,-0.0497456306516487,0.111148013751749,0.111938128763062,0.643675,-0.49952143770357,0.72306997184906,-0.400608566738465,0.619531637645787,-0.110204611906935,-0.110678563120958,0.63675,-0.741146493557175,0.521761524809152,-0.632037537727228,0.417581137293199,0.100165818521308,0.102964646259866,0.633875,-0.508631064459418,0.695855912013767,-0.410554835959469,0.596461715306446,0.172323312477902,0.16992695807137,0.7123,-0.4274714991001,0.788644729777762,-0.326238635883888,0.683048629913486,0.991826083588921,0.997070356469641,0.949481859445772,0.999834783864157,0.968017900612177,0.999735052095915,"36","57","69","75","134","24","108"
"LESA",78,"Least Sandpiper","Calidris minutilla",3,0,0,0,0,1,"Shorebird",NA,NA,NA,NA,NA,22.9,37.7,0,"2_Uncertain","2_Uncertain","2_Uncertain","2_Uncertain","2_Uncertain","N",NA,NA,-0.319757058373764,-0.314271351655239,0.7612,-1.24035926690206,0.570074644330011,-1.08498700586104,0.425072362152565,0.289188926039929,0.284376440117054,0.824375,-0.306073701773219,0.913467246362672,-0.216530265415039,0.810425548249556,-0.285477290907101,-0.281782433368616,0.8022,-0.948583580570789,0.360892976587118,-0.842763871650502,0.256880945372451,0.171867262156211,0.166707663036462,0.7031,-0.436244250256949,0.817880279092694,-0.340780008249407,0.700857165321635,-0.110437769203771,-0.108473171776777,0.6455,-0.7086165658453,0.471637728271213,-0.602658852768968,0.373891725237804,0.978228789744856,0.991595647687808,0.86493008346399,0.999226124247934,0.916574958816791,0.998876759912362,"74","118","84","47","105","18","60"
"LISP",79,"Lincoln's Sparrow","Melospiza lincolnii",10,0,0,0,0,0,NA,2,NA,NA,NA,NA,16.6,22.3,0.693147180559945,"1_Avoider","2_Uncertain","2_Uncertain","2_Uncertain","2_Uncertain","N",NA,NA,-0.807948100248933,-0.794957398722703,0.993575,-1.53493577648333,-0.16536673571804,-1.40412143434911,-0.261068286185905,0.170265542561521,0.169360114642633,0.731125,-0.372390507447268,0.717927697572006,-0.282461062739285,0.628346823393257,-0.398761130412668,-0.395155925696928,0.926175,-0.962521514130742,0.13495413000195,-0.862546427023265,0.0518054615098901,0.0314105186727374,0.0262199442862437,0.53835,-0.493070093802237,0.593370513773562,-0.411616623184381,0.493418095410514,-0.351372154251226,-0.349155028321676,0.90945,-0.886081891129387,0.162642128698893,-0.793821656549112,0.079843293819126,0.973233924795918,0.986535257785608,0.864041667290192,0.999244951501098,0.903583320405146,0.998692297307606,"28","80","51","37","38","76","24"
"LOSH",80,"Loggerhead Shrike","Lanius ludovicianus",21,0,0,0,0,0,NA,2,"SC",NA,NA,NA,51.6,22.6,0.940447988655326,"1_Avoider","2_Uncertain","2_Uncertain","2_Uncertain","2_Uncertain","N",NA,NA,-0.880104126468956,-0.867049775433121,0.9976,-1.59876505760542,-0.250021018164572,-1.4639843675217,-0.342036126233971,-0.0477252948469746,-0.046736568345408,0.5706,-0.561232901863655,0.460106097412757,-0.479478348693836,0.378321879964474,-0.294517552575787,-0.288594868511388,0.85805,-0.853444553176315,0.23222732024563,-0.757485857720546,0.152324897532176,-0.177781814989536,-0.173341430848112,0.741825,-0.727132984020815,0.345021723116055,-0.632371897922027,0.264056356827102,0.214461006241041,0.208707414696794,0.7846,-0.304280614420789,0.757557980250335,-0.221584037058619,0.66929348277066,0.98441930546836,0.991594374405858,0.925726644463626,0.999347952095424,0.945861131865661,0.999049666346876,"20","23","16","78","40","102","59"
"LUWA",81,"Lucy's Warbler","Leiothlypis luciae",85,0,0,0,0,0,NA,NA,NA,NA,NA,NA,6.6,23.7,0,"1_Avoider","2_Uncertain","2_Uncertain","2_Uncertain","1_Negative","Y",NA,"More urban",-0.806602901740382,-0.805202404212523,0.999925,-1.25280914726759,-0.374815236836245,-1.17401868799753,-0.441210174266547,-0.00307414569402789,-0.00351861347993883,0.506725,-0.433245436196598,0.431318453465093,-0.36447055611138,0.360273989861142,0.124002836493304,0.122562586921056,0.731225,-0.264173474659906,0.514918189866168,-0.202483348719847,0.452292381707129,-0.0136464542405906,-0.013429596791458,0.529775,-0.359927257516627,0.33519010997744,-0.3042885465966,0.276237896019324,-0.342081370981573,-0.344759639185991,0.970525,-0.678973542792985,0.0137937993427506,-0.626922666242713,-0.0456327654249855,0.98881423099131,0.99073291359831,0.968519239917081,0.997883840890351,0.973989210337721,0.997262979187938,"26","31","38","7","48","11","54"
"MALL",82,"Mallard","Anas platyrhynchos",213,0,0,0,1,0,"Dabbler",NA,NA,NA,NA,NA,843.4,50.7,1.47080847632211,"2_Uncertain","2_Uncertain","1_Negative","3_Positive","2_Uncertain","Y","Less urban","Lower overall occupancy",0.263763224266512,0.262875465803725,0.9082,-0.122704953322745,0.661094289168375,-0.0600904772201542,0.592675073627703,0.101903493769938,0.101339373603417,0.6928,-0.296571887603733,0.505953669076727,-0.232087572516786,0.436824512872889,-0.373727841317118,-0.373589221021001,0.973225,-0.751047855016762,0.00617661029835846,-0.690088345021505,-0.0548052142332525,0.608482512438676,0.60074711738716,0.999775,0.263594648369798,0.999373833033033,0.313106317454671,0.92929246351227,-0.146607583049877,-0.147360228244849,0.790925,-0.49789429151341,0.21274483030475,-0.442617452052862,0.153581430978472,0.995762650021344,0.996316407890015,0.989413228265868,0.998923080014635,0.991007130881149,0.998663189199768,"125","51","136","124","127","133","102"
"MAWR",83,"Marsh Wren","Cistothorus palustris",15,0,0,0,0,0,NA,NA,NA,NA,NA,NA,10.8,20,0,"1_Avoider","2_Uncertain","2_Uncertain","2_Uncertain","2_Uncertain","N",NA,NA,-0.662485721203902,-0.656638557787272,0.9769,-1.34705387182702,-0.0130420157047725,-1.23146007615126,-0.112452055467853,0.416734188918854,0.41263388378143,0.933875,-0.120620498663303,0.980555437262715,-0.0360776252889697,0.885746968127493,-0.245314979192914,-0.242395841239562,0.80195,-0.821354987733695,0.319664342530993,-0.726823263146492,0.229385337065589,0.0636834203943983,0.0636589618580489,0.60585,-0.40160936858499,0.523584592862306,-0.325967958678426,0.450675957166507,-0.320550569470402,-0.322933588624306,0.9097,-0.7811776488251,0.154588444463855,-0.705945190761526,0.0764369036909965,0.989101958079152,0.993547569489897,0.952418562447005,0.999363513587427,0.964809864213852,0.999090979695556,"45","133","61","22","24","5","72"
"MERL",84,"Merlin","Falco columbarius",3,1,0,0,0,0,NA,NA,NA,NA,NA,NA,188.5,48.9,0.500402423538188,"2_Uncertain","2_Uncertain","2_Uncertain","2_Uncertain","2_Uncertain","N",NA,NA,-0.679587475133579,-0.666058558218105,0.930475,-1.6508762327263,0.214226664147113,-1.48827817311518,0.0749932655159822,0.18168242354815,0.181484719295578,0.71935,-0.437138870287444,0.801079109620567,-0.330692172448491,0.69953514319349,-0.407218192724791,-0.406282364427014,0.890075,-1.07214985082268,0.246574733447678,-0.962307381195261,0.139160010831831,0.288510128664182,0.284354557608672,0.820625,-0.316876055726087,0.924780948549834,-0.219595117756082,0.815195989757606,-0.0335604303631624,-0.0341431949254889,0.542675,-0.644339539354518,0.582150166991046,-0.54553812163508,0.481041468835424,0.975086858864667,0.990695146778646,0.843574579137174,0.999435788589785,0.90075920309429,0.99910329456337,"42","86","107","102","121","54","53"
"MGWA",85,"MacGillivray's Warbler","Geothlypis tolmiei",14,0,0,0,0,0,NA,2,NA,"A",NA,NA,10.4,22.9,0,"2_Uncertain","2_Uncertain","2_Uncertain","2_Uncertain","2_Uncertain","N",NA,NA,-0.472927838017661,-0.468732587202383,0.934,-1.09939499192679,0.145276342055822,-0.996434165206733,0.0410959055182558,0.422733195775351,0.420515312797465,0.93475,-0.127362680106592,0.986427542289694,-0.0371491461349821,0.896859797860847,-0.215999675738022,-0.216049678346615,0.784775,-0.763950181659346,0.337653873577701,-0.675459538079395,0.246553798522444,-0.194822682931392,-0.190845035982791,0.77765,-0.713869816066775,0.30835381903993,-0.625640156790069,0.224984388343601,0.0359109809969634,0.0303140303588784,0.547775,-0.453466219284373,0.547064541764998,-0.373232696116624,0.461157408607114,0.955077844905705,0.987062311994607,0.698750884444758,0.999324827538559,0.794230377294895,0.998967924077256,"58","135","14","20","41","8","27"
"MODO",86,"Mourning Dove","Zenaida macroura",977,0,0,0,0,0,NA,NA,NA,NA,NA,NA,118.9,36.6,0.325082973391448,"3_Adapter","2_Uncertain","1_Negative","2_Uncertain","2_Uncertain","Y","Less urban",NA,0.744188158894631,0.74013912578224,1,0.434745473959752,1.07747378679563,0.482985395058753,1.02050609613724,0.0678554558507512,0.0678885833042417,0.659625,-0.256813964135359,0.393614091989373,-0.204164225730564,0.338358241930538,-0.247668256666242,-0.245077354325812,0.9655,-0.526643743774991,0.019277753160832,-0.479400071369979,-0.0227827115874104,0.108499964169413,0.108595992802564,0.775175,-0.171981269331005,0.393844079031213,-0.126694378879029,0.345425627057598,-0.130710495345707,-0.126568032827554,0.806775,-0.434302142264015,0.154421036478374,-0.382741602410756,0.110527502382244,0.867281946001419,0.873072496082512,0.762358859473904,0.93937438499388,0.783990814198953,0.931309742210133,"132","44","71","91","102","35","1"
"NECO",87,"Neotropic Cormorant","Nannopterum brasilianum",25,0,0,0,0,0,"Fish eating",NA,NA,NA,NA,NA,1239.3,32.4,1.02965301406457,"2_Uncertain","2_Uncertain","1_Negative","2_Uncertain","2_Uncertain","Y","Less urban",NA,0.0899112148398024,0.0882497196123302,0.60735,-0.548275655756048,0.732712710026632,-0.444072105893116,0.628571618734321,0.0622411995492671,0.0591110567380453,0.589025,-0.475785547611705,0.608228825413715,-0.387105111780833,0.5181212196045,-0.512657960658832,-0.509888730018208,0.958925,-1.11358492205452,0.0682296415200482,-1.0133515207321,-0.0288751268896553,0.305211258612378,0.305890877784315,0.909575,-0.144005668552146,0.744772758031202,-0.0700733347488341,0.675282401787426,-0.0295543005805804,-0.0348403001160262,0.5584,-0.47242156338358,0.4502893003382,-0.405307562790565,0.364857029584752,0.998524790120284,0.999113929882624,0.99339989155465,0.999874841114392,0.995362735559016,0.999823706639145,"115","41","108","131","89","116","132"
"NOCA",88,"Northern Cardinal","Cardinalis cardinalis",61,0,0,0,0,0,NA,NA,NA,NA,NA,NA,42.6,15.5,0.801818552543337,"1_Avoider","2_Uncertain","2_Uncertain","2_Uncertain","2_Uncertain","N",NA,NA,-0.795357243489075,-0.791255291435114,0.999375,-1.3124170580676,-0.303124134545948,-1.22327480916728,-0.380357394461584,-0.138952072843403,-0.140918431644775,0.72345,-0.602321266279309,0.331101051765341,-0.528002169304764,0.255401913439953,-0.356085500129073,-0.355031308923222,0.93765,-0.815262075062902,0.0971983214297844,-0.742310029411248,0.0263367046098877,0.050640979105047,0.0508034916894422,0.597075,-0.348073197127805,0.453311085697549,-0.286360676702074,0.388999729696361,-0.230362298782422,-0.232441594305392,0.86,-0.638249201654445,0.189226761908451,-0.574758010560419,0.123088265683293,0.992929252751416,0.994346705971209,0.978718049967335,0.998601362243985,0.982752793112625,0.99824532528156,"29","10","58","70","12","83","82"
"NOFL",89,"Northern Flicker","Colaptes auratus",23,0,0,1,0,0,NA,3,NA,NA,NA,NA,131.5,24.3,0.801818552543337,"1_Avoider","2_Uncertain","2_Uncertain","2_Uncertain","2_Uncertain","N",NA,NA,-0.571080086357166,-0.563593297124721,0.97415,-1.17706443678352,0.00441434076247021,-1.07365673518191,-0.0885012135020913,0.156879131950089,0.154328258359989,0.72065,-0.355021316940178,0.686539379572239,-0.277445396403708,0.599861170195988,-0.0523478464907187,-0.0547343633533753,0.582775,-0.566982198459392,0.466816770093242,-0.481945815489291,0.380356073323697,-0.249522178625387,-0.245520143994758,0.82785,-0.781121827988167,0.256286711541205,-0.694142736013728,0.177063707589649,0.212009160952715,0.207992756294406,0.791775,-0.278895528628813,0.740454536033805,-0.20245815587718,0.646170163804229,0.967430883589298,0.990169650911768,0.772615215067465,0.999069266366388,0.849879917133116,0.998678631831323,"52","70","9","93","55","88","50"
"NOHA",90,"Northern Harrier","Circus hudsonius",8,1,0,0,0,0,NA,2,NA,NA,NA,NA,393,44.7,0.940447988655326,"2_Uncertain","2_Uncertain","1_Negative","3_Positive","2_Uncertain","Y","Less urban","Lower overall occupancy",-0.465719706107001,-0.460309210107814,0.87205,-1.30317877100211,0.325624097193194,-1.15972295498247,0.200846050307901,0.128665269076221,0.125186614259724,0.66975,-0.445942773575298,0.715717552999965,-0.352777150174207,0.615874303765869,-0.630559638392035,-0.62494898605594,0.975775,-1.29368885997077,-0.00459322008534259,-1.1788909934229,-0.0962218761690558,0.560326702605564,0.554803711993829,0.98915,0.079905068819827,1.0713164384924,0.156652181968565,0.982617823489793,-0.15432152655136,-0.153669720078845,0.7168,-0.680542092700941,0.375329622125792,-0.597448450631735,0.286391366795558,0.980724478847462,0.991347483702984,0.896511216263444,0.999268437144613,0.927399596053062,0.998904984387309,"61","60","134","111","116","106","58"
"NOMO",91,"Northern Mockingbird","Mimus polyglottos",444,0,0,0,0,0,NA,NA,NA,NA,NA,NA,48.5,20.6,0.693147180559945,"3_Adapter","3_Positive","2_Uncertain","2_Uncertain","3_Positive","Y","Higher overall occupancy","Less urban",0.852747374056001,0.850679403170773,1,0.540561866428897,1.17888840714566,0.589060139617647,1.12508174627539,0.415249649397884,0.414172179855178,0.991775,0.0800892644211515,0.75358957390611,0.134478824285412,0.69796636033491,-0.058221289338985,-0.0534838900725739,0.618675,-0.420755577205369,0.274204754616006,-0.357931246885253,0.22311941728238,0.129647469532422,0.132882165673554,0.835175,-0.139878209198246,0.383275338010356,-0.0951887080462706,0.343694711094398,0.316017920965027,0.316889616337147,0.98875,0.0451763094948033,0.582922108325989,0.0893858307897807,0.54012965496411,0.980392859820189,0.982294540603382,0.956561425337079,0.993384405722241,0.962179202939733,0.99228308340622,"133","134","74","76","29","75","14"
"NOPI",92,"Northern Pintail","Anas acuta",2,0,0,0,1,0,"Dabbler",NA,NA,NA,NA,NA,944.6,57.8,1.22060726455302,"2_Uncertain","2_Uncertain","2_Uncertain","3_Positive","2_Uncertain","Y",NA,"Lower overall occupancy",0.115251641385496,0.114439470631311,0.59055,-0.897734596945874,1.09165867414174,-0.72039786014635,0.946615270031392,0.00619890429001155,0.00773943175119068,0.509325,-0.640324214553377,0.646765963930826,-0.530162980322255,0.543512102633135,-0.459278578984678,-0.4537039950639,0.908925,-1.16173069304269,0.215566495684598,-1.04229470831804,0.104039541917622,0.562952612243559,0.554580625811127,0.96465,-0.048673310144054,1.22154343664735,0.0528377327646453,1.10277894759406,0.132015907839516,0.13223348494351,0.662675,-0.499983111921123,0.769958288193815,-0.394524049356843,0.66298041750763,0.988412289794452,0.997217340553584,0.912387779240679,0.999841022348468,0.95174026959061,0.999747386840228,"119","32","133","129","135","123","111"
"NRWS",93,"Northern Rough-winged Swallow","Stelgidopteryx serripennis",41,0,0,0,0,0,NA,NA,NA,NA,NA,NA,15.7,50.7,0,"2_Uncertain","2_Uncertain","2_Uncertain","2_Uncertain","2_Uncertain","N",NA,NA,-0.152592012168323,-0.152749862207584,0.73935,-0.621734857007149,0.315066978914475,-0.543663577322585,0.237571882051506,0.289074130298724,0.286954990489813,0.8877,-0.179939841015515,0.766499793169572,-0.102675925922023,0.687990385356375,0.0813195713279205,0.0802139565297455,0.632,-0.390833776951966,0.561827514252082,-0.314767749024429,0.480606349253693,0.223078392083625,0.222011950804102,0.883125,-0.14526318134398,0.598528253722255,-0.0852853176760422,0.534795148412522,-0.133041216010899,-0.131532780590809,0.767725,-0.498038155081026,0.222642184142626,-0.435782500472124,0.166030889014362,0.996741259691385,0.997627255100404,0.988611712975795,0.99965764506741,0.991037588072565,0.999516204848662,"93","119","93","34","126","22","114"
"NSHO",94,"Northern Shoveler","Spatula clypeata",13,0,0,0,1,0,"Dabbler",NA,NA,NA,NA,NA,612.6,58,0.950270539233235,"2_Uncertain","2_Uncertain","1_Negative","2_Uncertain","2_Uncertain","Y","Less urban",NA,0.00452051145595782,0.00371585208578507,0.50305,-0.812349842538011,0.843442560318978,-0.68123748892654,0.707588992162876,0.0995201907029908,0.100156871170639,0.632275,-0.485328718458394,0.685236141440817,-0.390541108097047,0.59022637536069,-0.527672643286741,-0.522996899375484,0.950375,-1.17577230259598,0.106735532800235,-1.07000529941384,-0.00112360300261443,0.441281073470202,0.441996529804631,0.94855,-0.0892781833102893,0.954803668060121,-0.00398186010687175,0.878012830026928,0.247690902350646,0.240892755337256,0.80285,-0.29697376215041,0.837445499287497,-0.213156939600538,0.735132128657933,0.99923683971697,0.999499681421367,0.996939734323423,0.999937108869721,0.99768876892211,0.999910588664496,"108","50","123","116","136","111","138"
"OCWA",95,"Orange-crowned Warbler","Leiothlypis celata",48,0,0,0,0,0,NA,NA,NA,NA,NA,NA,9.2,23,0.801818552543337,"2_Uncertain","2_Uncertain","2_Uncertain","2_Uncertain","2_Uncertain","N",NA,NA,-0.212382149367861,-0.215999432186927,0.80795,-0.691777631408043,0.275428076196016,-0.610364123991913,0.195633786054039,0.354790284191235,0.357745168424151,0.91985,-0.142487614097008,0.84185837338319,-0.0605303950342366,0.764725990677482,0.00414626333491688,0.0102425275983598,0.51605,-0.528616096153055,0.507022658608995,-0.435880307698025,0.42433443082449,0.144316290008034,0.144319008594113,0.7658,-0.254633858819276,0.548309842603602,-0.188359690117007,0.477486018047352,-0.14936539784553,-0.1483637965981,0.7765,-0.55213026346905,0.239145050584629,-0.479223265686836,0.178278688889661,0.997521178479822,0.998370183303189,0.990158098561062,0.999853234686989,0.992532442863638,0.999765438135627,"84","126","78","15","42","86","121"
"OSPR",96,"Osprey","Pandion haliaetus",10,1,0,0,0,0,"Fish eating",NA,NA,NA,NA,NA,1483.2,44.9,0,"2_Uncertain","2_Uncertain","1_Negative","2_Uncertain","2_Uncertain","Y","Less urban",NA,-0.356387973736123,-0.353042349008585,0.84635,-1.05949804752177,0.330007570116596,-0.941218691975968,0.217165827772103,0.253643556795656,0.251169166889719,0.7962,-0.342167597043923,0.868579946890274,-0.244107762500685,0.76359146413056,-0.550234062220069,-0.546752230121595,0.959775,-1.19410893006757,0.0673377265483022,-1.08716641432948,-0.0305217557996806,0.0886290621431961,0.0922294047044084,0.6372,-0.435263536779501,0.596669806447345,-0.350746577729586,0.514482715316748,-0.105389671228202,-0.109203776194587,0.660275,-0.614256033438748,0.416756117617021,-0.530039993131007,0.330234269379545,0.997207369013765,0.998515254344292,0.987464952954219,0.999854959644072,0.991313079073038,0.999772567252104,"73","108","66","133","117","20","127"
"PBGR",97,"Pied-billed Grebe","Podilymbus podiceps",5,0,0,0,0,0,"Marsh Bird",NA,NA,NA,NA,NA,411.9,34,0.801818552543337,"2_Uncertain","2_Uncertain","2_Uncertain","2_Uncertain","2_Uncertain","N",NA,NA,-0.30288136586685,-0.29599241860283,0.767475,-1.15223558718045,0.502197098974402,-1.00442881923793,0.369796018136081,0.239795263906507,0.234779157306856,0.7845,-0.348474527246382,0.857140477778726,-0.252183956528036,0.747983281779253,-0.451367652236169,-0.450032749440511,0.91765,-1.10326552904475,0.180028036006107,-0.990600320798964,0.0805188745986029,0.161022744752542,0.161933919645175,0.715225,-0.399833153983572,0.730931992509711,-0.310193935590974,0.635866878338942,-0.163756996968639,-0.164637406835249,0.7237,-0.714937900243065,0.389487253434667,-0.621824518389533,0.298282477734555,0.967813417186677,0.988401276565166,0.794868576328877,0.999124514927282,0.867646892133581,0.998722906385115,"78","103","81","112","96","91","35"
"PEFA",98,"Peregrine Falcon","Falco peregrinus",4,1,0,0,0,0,NA,NA,"SC","PR",NA,NA,760,52.2,0.639031859650177,"2_Uncertain","2_Uncertain","2_Uncertain","2_Uncertain","2_Uncertain","N",NA,NA,-0.0562170821345499,-0.0596169991038633,0.5543,-0.905813338057971,0.808285476368572,-0.764976675881341,0.665719896219805,0.0858646049071488,0.0852115348152821,0.607225,-0.531208427666697,0.706245433194337,-0.431846411081144,0.602167877993817,-0.297938739952464,-0.297075393127548,0.806575,-0.987258384083515,0.390790939870129,-0.873430672683585,0.272420913109639,0.270234484405326,0.264688073136378,0.81805,-0.323506066771168,0.898314141879068,-0.222845736647406,0.783852483293257,-0.156019759207324,-0.15403569250994,0.7067,-0.743015031135875,0.417840650687549,-0.636421444979646,0.321730952467357,0.972178239762939,0.990755808941664,0.821166922078131,0.9996239575833,0.881573413483714,0.999375523231686,"101","47","105","122","130","67","55"
"PHAI",99,"Phainopepla","Phainopepla nitens",67,0,0,0,0,0,NA,NA,NA,NA,NA,NA,22.1,16.9,0.673011667009257,"1_Avoider","2_Uncertain","2_Uncertain","2_Uncertain","2_Uncertain","N",NA,NA,-1.13302886546746,-1.1263174957493,1,-1.66369640826196,-0.641644496217182,-1.57546369626145,-0.713175497991574,-0.204386743163252,-0.202712423456897,0.8072,-0.672313539847518,0.255316401909727,-0.591906870586302,0.183171070987692,-0.146945656515947,-0.147244076639411,0.746475,-0.581391834101914,0.285963828137511,-0.511607701915589,0.217569841121056,-0.135712135316351,-0.136894737219395,0.7444,-0.540166856947146,0.269436204097931,-0.476171481168464,0.204034168763894,-0.236844972262849,-0.238425662990565,0.869675,-0.64921186137435,0.17886506429329,-0.57842819435994,0.108309449196443,0.981909193386298,0.986633853799284,0.937956160677424,0.997399434628286,0.952419240464235,0.996497783158599,"9","6","18","46","16","68","25"
"PLVI",100,"Plumbeous Vireo","Vireo plumbeus",3,0,0,0,0,0,NA,NA,NA,NA,NA,NA,16.4,28.6,0.610864302054894,"2_Uncertain","2_Uncertain","2_Uncertain","2_Uncertain","2_Uncertain","N",NA,NA,-0.273183123934565,-0.268259760830194,0.735225,-1.15611830132837,0.581374477488086,-1.00120217080437,0.441341851764178,0.309334900468236,0.306346052840364,0.8446,-0.289983540610054,0.923739273371104,-0.187201980987893,0.817745545192141,-0.361887037310953,-0.357226380561648,0.864375,-1.03879201806322,0.284896196955218,-0.919081343330448,0.178318752214383,-0.137626202733208,-0.13302965928117,0.669,-0.761933260648724,0.466079765933723,-0.655575181171562,0.367097210021445,-0.0199339117927987,-0.0248760960072257,0.5337,-0.601539628086459,0.587474964401276,-0.507085914457059,0.483396970028852,0.978267534127888,0.994775497728553,0.842614762383016,0.999745696430614,0.900589349503073,0.999591786674574,"79","121","20","35","76","58","87"
"RCKI",101,"Ruby-crowned Kinglet","Corthylio calendula",15,0,0,0,0,0,NA,NA,NA,"|",NA,NA,6.2,22,0.500402423538188,"2_Uncertain","2_Uncertain","2_Uncertain","2_Uncertain","2_Uncertain","N",NA,NA,-0.0128312672541623,-0.0128912782990768,0.517025,-0.633933836443737,0.617223807465637,-0.532836619535498,0.510678518624189,0.190603580456226,0.191870337232574,0.7592,-0.348096698747363,0.720585019159196,-0.256164540910748,0.632898669785781,-0.135568996353405,-0.134679057900545,0.684975,-0.691005633485079,0.408340962401365,-0.595701068373191,0.320505493452275,-0.0913324411471179,-0.0965473629988684,0.64075,-0.620124088133003,0.468338837780629,-0.532486138988396,0.368131260470543,-0.189716154435802,-0.174756985440645,0.74535,-0.813823759213066,0.348623645883565,-0.694073363947955,0.262847199680562,0.997666677549763,0.999172254150377,0.98644181312877,0.999939232661819,0.991382470998664,0.999908374452723,"103","90","25","6","36","48","133"
"RCSP",102,"Rufous-crowned Sparrow","Aimophila ruficeps",2,0,0,0,0,0,NA,3,NA,NA,NA,NA,18.7,12.8,0.693147180559945,"2_Uncertain","2_Uncertain","2_Uncertain","2_Uncertain","2_Uncertain","N",NA,NA,-0.787181678933329,-0.769808807760622,0.94395,-1.8690016739792,0.168442755650148,-1.67593293747695,0.0246700932854317,0.109468185977255,0.107358159007963,0.6317,-0.52402670666161,0.744427677410117,-0.422143795251995,0.641689942824056,-0.331820674273747,-0.331846309071779,0.837925,-1.00955900052528,0.327814359963074,-0.892577822821709,0.225574196951813,-0.0781209383939919,-0.0745860079760943,0.593625,-0.703554221483614,0.542114641912043,-0.606988202385107,0.436578314293804,-0.111149610630344,-0.113909295770343,0.644125,-0.711481443516031,0.493597379504045,-0.608194713405654,0.395073817341331,0.97470559318302,0.988061683011701,0.865405103366702,0.998881088943196,0.910598697871518,0.998367380003041,"34","55","27","39","3","72","32"
"RFLO",103,"Rosy-faced Lovebird","Agapornis roseicollis",14,0,0,0,0,0,NA,NA,NA,NA,NA,NA,53.8,40.7,0.610864302054894,"3_Adapter","2_Uncertain","2_Uncertain","2_Uncertain","2_Uncertain","N",NA,NA,0.683785735470652,0.66691965069883,0.9772,0.013395480749079,1.45838050335099,0.109265499496965,1.3158731174253,0.108103863673117,0.107352127774589,0.649475,-0.456259730583901,0.670427655053029,-0.361198564258815,0.576512507315149,-0.404254136786727,-0.401578412890162,0.908425,-1.0255034799053,0.188303047102928,-0.916219899609394,0.0920800211681805,0.232347165748028,0.233353671675376,0.8227,-0.268385031566571,0.735999911105011,-0.184781375402967,0.650365717121786,0.152476963635424,0.152780858664063,0.723025,-0.373537076686708,0.677053343010631,-0.281317491004009,0.590184885458131,0.988993207042614,0.993929450744069,0.947314216952674,0.999625660176597,0.963088463341937,0.999360158943535,"130","54","97","79","111","61","76"
"RNDU",104,"Ring-necked Duck","Aythya collaris",4,0,0,0,1,0,"Diver",NA,NA,NA,NA,NA,704.6,48.2,0.950270539233235,"2_Uncertain","2_Uncertain","2_Uncertain","2_Uncertain","2_Uncertain","N",NA,NA,0.0400388348697076,0.039731357107026,0.536475,-0.837628692816604,0.923669604568026,-0.700375238996737,0.775737020741494,-0.00457556687972743,-0.00427750671984209,0.50545,-0.60990909069982,0.593161139561521,-0.504548455479522,0.497076583870978,-0.467523730020475,-0.461152577572384,0.925225,-1.13552861775273,0.165193378931165,-1.02260640534226,0.0659049414298785,0.469602357005996,0.466897551502889,0.94855,-0.0992109893224187,1.05151033458591,-0.00548716313460428,0.956433057115088,0.130982900856258,0.125852855024738,0.66765,-0.435548084863676,0.727356920996909,-0.348137383268463,0.625880252598017,0.996728042712816,0.998880670918758,0.981100623928698,0.99992627141899,0.989215553086966,0.999882802871766,"113","30","125","119","120","110","130"
"ROPI",105,"Rock Pigeon","Columba livia",256,0,0,0,0,0,NA,NA,NA,NA,NA,NA,354.2,45.1,0.89794572485678,"3_Adapter","2_Uncertain","2_Uncertain","3_Positive","3_Positive","Y",NA,"Less urban, lower overall occupancy",1.51530242371824,1.50585488576698,1,1.02170389550269,2.06153455890378,1.09963309885217,1.96354296983707,0.138517324562165,0.138518690653744,0.7538,-0.255250569003906,0.534250213552619,-0.193362538687631,0.470294018899133,-0.0501118976601057,-0.0439933098046196,0.578325,-0.516039547928805,0.381096922723587,-0.435798759352481,0.313906687174936,0.3196208859598,0.320911954435322,0.96495,-0.0261715927479036,0.657320716052311,0.0302479722795358,0.603515677732883,0.30115619226935,0.300819047471134,0.965,-0.0257625645493703,0.629811942598645,0.0277990388099321,0.576627350150069,0.986124651911739,0.987338359580516,0.969916900860102,0.995332012204087,0.973762970489168,0.994476458963349,"138","66","111","105","118","98","28"
"ROWR",106,"Rock Wren","Salpinctes obsoletus",29,0,0,0,0,0,NA,3,NA,NA,NA,NA,16.4,17.3,0.500402423538188,"1_Avoider","2_Uncertain","1_Negative","2_Uncertain","2_Uncertain","Y","Less urban",NA,-1.24602402964709,-1.23221656396863,0.99995,-2.00646093630456,-0.56929435752334,-1.87099424951397,-0.674448056487996,0.211777413099697,0.209127258468903,0.78705,-0.308552489102565,0.744175140223509,-0.225251966198389,0.657274697149226,-0.480269049280007,-0.477266957803416,0.964725,-1.01219445234866,0.0368504335096557,-0.92468477803196,-0.0464292107448953,-0.272407145485891,-0.268825722451596,0.8495,-0.798934807807417,0.231929029387482,-0.715112762425106,0.151058884708465,-0.0410039740377894,-0.044294515891896,0.56835,-0.535002591645861,0.470286778714231,-0.455494046052985,0.383593285320051,0.994276731191845,0.995492491644399,0.982606290867865,0.999030661935885,0.985851151417945,0.998737321735373,"6","94","7","36","17","46","96"
"RTHA",107,"Red-tailed Hawk","Buteo jamaicensis",122,1,0,0,0,0,NA,NA,NA,NA,NA,NA,1101.2,34.1,0.89794572485678,"1_Avoider","2_Uncertain","1_Negative","2_Uncertain","2_Uncertain","Y","Less urban",NA,-1.00687376225317,-0.995050438196652,1,-1.49881055764168,-0.585184739742044,-1.40118793055201,-0.649206603099729,-0.24395885366802,-0.244959572923521,0.868425,-0.67483695622638,0.183452718628084,-0.602911769635032,0.112410475330213,-0.365581962725707,-0.364688004063764,0.95485,-0.79552074168434,0.0623717533353559,-0.726927263722768,-0.0102234123339728,-0.259107615367971,-0.258672781411733,0.925875,-0.613969999869968,0.0897570551900594,-0.557155262538096,0.0361066818424086,0.0808717279269046,0.0797495794923103,0.65195,-0.320513320142434,0.488871355799308,-0.252537609209667,0.423386456682009,0.975248054548906,0.982688301130135,0.910694434267286,0.997127006093322,0.93044975797614,0.99615974012884,"13","5","8","130","97","96","16"
"RUDU",108,"Ruddy Duck","Oxyura jamaicensis",2,0,0,0,1,0,"Diver",NA,NA,NA,NA,NA,608.2,41.9,0.673011667009257,"2_Uncertain","2_Uncertain","2_Uncertain","2_Uncertain","2_Uncertain","N",NA,NA,0.0216521592450985,0.0245209594679963,0.519825,-0.964747211273261,0.996476965449311,-0.79235685950709,0.838103883405372,0.0534852907596479,0.0527150442951086,0.569175,-0.55854750873057,0.666053299621831,-0.457654710369333,0.56575424786247,-0.489338213313644,-0.484795932172901,0.927475,-1.17291321626909,0.16905933138587,-1.05949582551271,0.06289430774221,0.341083775094623,0.341000909612049,0.873825,-0.25721146421504,0.933330538387828,-0.156834446235048,0.836308034034348,0.0888336844902683,0.0799485943335555,0.60715,-0.483623950715726,0.708115487284866,-0.390391570804429,0.59774931935486,0.988707097998531,0.995078518787235,0.937268879794645,0.999627979559699,0.958248903197199,0.999423751807279,"111","38","112","115","114","71","89"
"RWBL",109,"Red-winged Blackbird","Agelaius phoeniceus",189,0,0,0,0,0,NA,2,NA,NA,NA,NA,50.8,24,0.693147180559945,"2_Uncertain","2_Uncertain","1_Negative","3_Positive","1_Negative","Y","Less urban","More urban, lower overall occupancy",-0.354915474247618,-0.354436536080507,0.9291,-0.826729787410933,0.118846727661255,-0.750352124436809,0.042018544000647,0.227621567389783,0.226580554597103,0.8494,-0.207718191951205,0.666234032318991,-0.136485152078647,0.591443190155825,-0.624935430008584,-0.621701944902786,0.9977,-1.07530308739229,-0.192766050480405,-1.00367080382344,-0.258721029796589,0.736558546627836,0.731063059560896,0.9999,0.33031301533708,1.16639910346241,0.394829607305395,1.09468701864371,-0.571502731900453,-0.57403329481698,0.995575,-0.979748598099909,-0.150424417327093,-0.913369345704597,-0.219561753303205,0.99728702483947,0.997756401190888,0.992427594177088,0.999406093008947,0.993749866624659,0.999254145466242,"71","99","138","77","50","79","116"
"SAPH",110,"Say's Phoebe","Sayornis saya",74,0,0,0,0,0,NA,NA,NA,NA,NA,NA,20.9,25.6,0.325082973391448,"2_Uncertain","2_Uncertain","2_Uncertain","2_Uncertain","2_Uncertain","N",NA,NA,0.0409770097794893,0.0447267476794274,0.5937,-0.343490016859063,0.404690101874253,-0.275799173934467,0.348625664186834,-0.0652525735667991,-0.0675143324209466,0.627,-0.463182151687722,0.350168572883434,-0.401678186390896,0.276868576437674,-0.308450848642394,-0.304341671049101,0.94495,-0.702964427133086,0.0676571337882326,-0.636815412613397,0.0091664389783672,0.0575303317663945,0.0557213656667741,0.639275,-0.25913226870934,0.385430183853296,-0.206373854677244,0.327456379706126,-0.0562744688099007,-0.0559705308280847,0.635675,-0.389449779376124,0.273479741129385,-0.330949579276852,0.216475637761046,0.97945679023361,0.984641504658533,0.928974942150965,0.998168684842097,0.944337669458369,0.997248799136867,"114","18","60","42","59","28","18"
"SAVS",111,"Savannah Sparrow","Passerculus sandwichensis",6,0,0,0,0,0,NA,2,NA,NA,NA,NA,20,24.1,1.27985422583367,"2_Uncertain","2_Uncertain","2_Uncertain","3_Positive","2_Uncertain","Y",NA,"Lower overall occupancy",-0.500422276694829,-0.493182133752708,0.87905,-1.3801302306433,0.338737759743046,-1.22860873950883,0.201075764292956,0.246965112457404,0.248981956283831,0.797025,-0.33900844730822,0.829729785009012,-0.244202063639778,0.73153230472762,-0.35178654463322,-0.347426346946332,0.865725,-0.99494105850867,0.26577571149748,-0.883494251228128,0.166404459647507,0.583329809175183,0.576522228551005,0.987925,0.0767861456846924,1.12689964168713,0.158309936430977,1.03555291630918,-0.204150841333619,-0.201514958789186,0.75755,-0.789952567451299,0.362520083466581,-0.689077759348337,0.271874435417463,0.976953963475001,0.988657607847811,0.882976587718699,0.999212113571169,0.9192359332308,0.998729324155981,"57","106","135","41","51","126","36"
"SNEG",112,"Snowy Egret","Egretta thula",49,0,0,0,0,0,"Wading Bird",3,NA,NA,NA,NA,371,31.9,1.02965301406457,"2_Uncertain","2_Uncertain","1_Negative","2_Uncertain","2_Uncertain","Y","Less urban",NA,0.00413510060142944,0.00185867567558226,0.5027,-0.530527089868214,0.543714072243521,-0.443158138075176,0.457729432135457,0.0128212344758714,0.0114535247859174,0.51865,-0.474906405814302,0.515621459456136,-0.400322438250406,0.433510303695634,-0.673341946259914,-0.67007621871969,0.9937,-1.22396485144931,-0.144604685040502,-1.12774425185762,-0.224795629220995,0.211189688149512,0.2129307446014,0.848475,-0.193451611153352,0.613306937110054,-0.127109901593298,0.548413168763359,-0.0840027001204205,-0.0904909915168118,0.66695,-0.472695738122906,0.341020561247163,-0.41266459828291,0.266739057507494,0.997988532887282,0.998479480812938,0.993361945128233,0.999754092591124,0.994640082518103,0.999663164389116,"107","33","90","108","83","115","126"
"SOSP",113,"Song Sparrow","Melospiza melodia",128,0,0,0,0,0,NA,NA,NA,NA,NA,NA,21.9,20.1,1.08889997534522,"1_Avoider","2_Uncertain","2_Uncertain","2_Uncertain","1_Negative","Y",NA,"More urban",-0.461981503154473,-0.460791005792749,0.9904,-0.855740411645229,-0.0728082880663436,-0.790609159267158,-0.13759830456849,0.206771473533917,0.205353306366324,0.845,-0.191196213111728,0.609837932149789,-0.127398842364312,0.544229180303159,-0.283045176334785,-0.28250552065996,0.9253,-0.675592146050052,0.104150101625553,-0.609338531340776,0.0397093774754328,0.113165362269336,0.112675393744257,0.757525,-0.201498446955868,0.434383675390632,-0.151744405836868,0.37939307105328,-0.389121577536207,-0.391439523389692,0.987725,-0.717018480649259,-0.0529965794898902,-0.664275132649302,-0.107000769904372,0.994349337005789,0.995096425187254,0.985881206128648,0.998538611775427,0.987989589747547,0.998195732120683,"60","93","72","45","26","120","91"
"SPSA",114,"Spotted Sandpiper","Actitis macularius",6,0,0,0,0,1,"Shorebird",3,NA,NA,NA,NA,40.4,47.5,0.500402423538188,"2_Uncertain","2_Uncertain","2_Uncertain","2_Uncertain","2_Uncertain","N",NA,NA,-0.657581712928864,-0.645016831491259,0.94945,-1.51096036706122,0.115134336511582,-1.36167367442738,0.0020585139299,0.191583486765713,0.191213190977117,0.74085,-0.398351211239302,0.78549163523899,-0.305343396460891,0.682782930423387,-0.259746426721304,-0.259402047776009,0.8035,-0.868217731956214,0.335047770642835,-0.766650710723419,0.23727142325707,0.316586175220843,0.307304617724888,0.862375,-0.236359078715375,0.923191025787035,-0.155871781430062,0.809910639447417,-0.149743909062357,-0.148434297502366,0.70275,-0.716317007969055,0.405674828991133,-0.623656091064265,0.313036954242688,0.996547722989851,0.998468819742386,0.981783569233321,0.999871702063613,0.987995778233392,0.999807498092355,"47","89","109","69","119","53","125"
"SPTO",115,"Spotted Towhee","Pipilo maculatus",4,0,0,0,0,0,NA,NA,NA,NA,NA,NA,39.3,13.7,1.02965301406457,"2_Uncertain","2_Uncertain","2_Uncertain","2_Uncertain","2_Uncertain","N",NA,NA,-0.702457679073343,-0.692185592067072,0.94695,-1.6164504280005,0.145633492540957,-1.45796922816959,0.0112276985481892,-0.0956337842244176,-0.0926278511999793,0.623275,-0.701438554059506,0.500727429700353,-0.595713982019479,0.404095281561087,-0.131056224638814,-0.131944974719068,0.66945,-0.728745812852635,0.481228617788289,-0.632780668870304,0.380376691270874,-0.0377285270657727,-0.0340671521419753,0.54885,-0.614246404853352,0.520118911692383,-0.519905543933418,0.428888114675259,-0.143663335539279,-0.146326338253286,0.70365,-0.678792336562548,0.41187355295182,-0.59781571844767,0.318374401583154,0.994379478282745,0.997164015297063,0.972395910474432,0.999762453449345,0.980768206577512,0.999638823357848,"40","14","32","66","8","112","110"
"SSHA",116,"Sharp-shinned Hawk","Accipiter striatus",8,1,0,0,0,0,NA,NA,NA,"PR",NA,NA,130.6,30.7,0,"1_Avoider","2_Uncertain","2_Uncertain","2_Uncertain","2_Uncertain","N",NA,NA,-0.639709094128976,-0.636037210518953,0.95785,-1.39431020615044,0.0899380051914202,-1.26688784582025,-0.0281938932533599,0.107655335867014,0.109013902097711,0.644375,-0.486042255373852,0.685434726646069,-0.380597767530467,0.594977868121166,-0.247539685517855,-0.246837841836083,0.783,-0.871864809095353,0.374202628303322,-0.772940150327466,0.27401363171443,0.280423609809887,0.270512095360645,0.838525,-0.26662365856354,0.880703170872881,-0.176206487655531,0.771768928963785,-0.227400455108062,-0.227244841380932,0.8038,-0.753380698339781,0.291227869324026,-0.664471108247392,0.206630345046492,0.962477107568546,0.984462674475968,0.787436475449635,0.999459365114185,0.852693093733682,0.99903274814918,"48","56","106","92","80","16","17"
"TOWA",117,"Townsend's Warbler","Setophaga townsendi",5,0,0,0,0,0,NA,NA,NA,NA,NA,NA,8.8,27.8,0,"2_Uncertain","2_Uncertain","2_Uncertain","2_Uncertain","2_Uncertain","N",NA,NA,0.0986358878539267,0.0935674032736474,0.589,-0.736374995847821,0.962828545709505,-0.593567303159627,0.807839303843953,0.375128712765206,0.370740725723635,0.887925,-0.220882489672443,1.00084892839858,-0.127860378305784,0.894603842703327,-0.184335717354133,-0.184749390874887,0.7115,-0.841470402796144,0.464890236171466,-0.732035443383973,0.364718352635063,0.00172651040925412,0.000714781420704858,0.500825,-0.594503618781786,0.610747497807534,-0.494537399114157,0.502813998026127,-0.137798644746761,-0.129083135156385,0.672,-0.768866246269965,0.451266806856415,-0.654424146945439,0.351350832767261,0.981352718156906,0.994009697138407,0.880167344656795,0.999762579100559,0.923652239739803,0.9996105192818,"116","129","43","14","71","15","77"
"TUVU",118,"Turkey Vulture","Cathartes aura",131,1,0,0,0,0,NA,NA,NA,NA,NA,NA,1518.2,26.9,0,"1_Avoider","1_Negative","1_Negative","2_Uncertain","2_Uncertain","Y","Lower overall occupancy",NA,-1.48398204122955,-1.47142147299049,1,-2.06284607267734,-0.983676457978984,-1.95876294247272,-1.05414259268065,-0.465280539044283,-0.460791588470566,0.98085,-0.924174294452936,-0.0248886027028609,-0.845070691337398,-0.0976907176873325,-0.383076492841577,-0.382813550858227,0.951425,-0.837552489251194,0.0717068323996354,-0.762979877275219,-0.00299303686309308,0.231754948056424,0.223159309204813,0.85835,-0.173195151674918,0.691221747159858,-0.111795334867258,0.608593929975838,-0.0994815546357977,-0.0999461095785497,0.6602,-0.566470366175911,0.362437933090178,-0.48870682078311,0.289635378074912,0.972627530421533,0.981935122642042,0.89002809006919,0.997408631548955,0.918488345567655,0.996415939176126,"4","1","94","134","66","13","13"
"VEFL",119,"Vermilion Flycatcher","Pyrocephalus rubinus",9,0,0,0,0,0,NA,NA,NA,NA,NA,NA,14.4,22.4,0,"1_Avoider","2_Uncertain","2_Uncertain","2_Uncertain","1_Negative","Y",NA,"More urban",-0.885391682375499,-0.869582932256353,0.98535,-1.75038073632999,-0.0876194103269954,-1.6097763165761,-0.21176122497155,0.131665501280623,0.131459702623682,0.67075,-0.452750757302384,0.717893651225664,-0.355073209993595,0.621079064506307,-0.31901755625392,-0.316494639834422,0.849525,-0.938828520164757,0.278101046672912,-0.836696551699912,0.183585117811388,0.188052875583272,0.186569063340529,0.757125,-0.323980898989703,0.71099797442217,-0.241687049143815,0.629814722377527,-0.436701490320659,-0.434422243338137,0.95265,-0.953196573396845,0.0756778241385059,-0.870349059796931,-0.00662027877526489,0.992402223256427,0.996269416738589,0.961344568035878,0.999699106623038,0.973314773517599,0.999538952230113,"19","63","86","31","39","7","100"
"VERD",120,"Verdin","Auriparus flaviceps",917,0,0,0,0,0,NA,2,NA,NA,NA,NA,6.8,14.4,0.940447988655326,"2_Uncertain","2_Uncertain","2_Uncertain","1_Negative","2_Uncertain","Y",NA,"Higher overall occupancy",0.146573508764718,0.145831018668367,0.8621,-0.117395911005628,0.410231267579117,-0.0751471703926124,0.369455918793305,-0.0185306994952106,-0.0176980181478241,0.545375,-0.330928948903258,0.288165217852841,-0.278996297118816,0.240292986121204,-0.193479174838478,-0.192168977451734,0.9367,-0.447164742292591,0.054543274565216,-0.404539099019547,0.0146611896529461,-0.20952709562001,-0.208631011739099,0.963375,-0.446084847032165,0.0188591018309212,-0.407441991328504,-0.0173811362258978,0.108630453254683,0.109107208482493,0.8275,-0.120248844982972,0.334394263401987,-0.0825507593598713,0.298124288359215,0.965496148760752,0.967095120466062,0.936799825557229,0.984917034824303,0.942549514848019,0.982712742928483,"122","26","13","8","11","101","8"
"VESP",121,"Vesper Sparrow","Pooecetes gramineus",3,0,0,0,0,0,NA,2,NA,NA,NA,NA,25.7,23.9,0.693147180559945,"1_Avoider","2_Uncertain","2_Uncertain","2_Uncertain","2_Uncertain","N",NA,NA,-0.820751925548955,-0.798974641885698,0.961275,-1.83906811312353,0.0821508738611016,-1.66440681843253,-0.0486894118059893,0.151111636611191,0.148332908702983,0.6854,-0.465965500549909,0.791484959248474,-0.367015626648612,0.681767108493486,-0.333870448922359,-0.333086681428638,0.8424,-0.998022524152873,0.32943517147621,-0.884918700076503,0.220824263404419,0.140013608629485,0.135629835737341,0.670125,-0.452427490244241,0.766548197601368,-0.355125815997816,0.655335134627794,-0.106035619614365,-0.104524068114746,0.63675,-0.707099741619284,0.497684488881822,-0.609003869563278,0.395896809262178,0.985494753425785,0.99417083149122,0.914440015440544,0.999669041601023,0.945623882021387,0.999440686609204,"27","69","77","50","49","78","78"
"VIWA",122,"Virginia's Warbler","Leiothlypis virginiae",3,0,0,0,0,0,NA,3,NA,NA,NA,NA,8.2,18.9,0,"1_Avoider","2_Uncertain","2_Uncertain","2_Uncertain","2_Uncertain","N",NA,NA,-0.96754752298495,-0.937773509706488,0.981675,-2.00960880742379,-0.05533950122448,-1.82104594704424,-0.191095056711444,0.1747804595871,0.173409780559787,0.7075,-0.471833482111307,0.817617382202688,-0.360690440304714,0.712842255127159,-0.286476177491084,-0.284295770978103,0.798625,-0.971823276801732,0.384002275707248,-0.860530072929917,0.272662537456557,0.0142710071303321,0.0155049276358361,0.519925,-0.618428798849815,0.642940181896539,-0.51171704419787,0.537465632334574,-0.219424944989355,-0.219926684044628,0.768275,-0.810200029309857,0.377459919226741,-0.715987330402523,0.277795317002917,0.98176042015377,0.992870649318773,0.89027488541862,0.99964500449654,0.929794091184991,0.999410257086857,"15","81","47","10","20","3","67"
"WAVI",123,"Warbling Vireo","Vireo gilvus",4,0,0,0,0,0,NA,NA,NA,NA,NA,NA,12.7,23.5,0.639031859650177,"2_Uncertain","2_Uncertain","2_Uncertain","2_Uncertain","2_Uncertain","N",NA,NA,-0.499682344722976,-0.497359922521788,0.883275,-1.36699125114829,0.347585858300414,-1.2101108556632,0.20035300222586,-0.0917475330435949,-0.0888658255416778,0.611725,-0.719144211699147,0.528630792249411,-0.614384908751569,0.426611760418727,0.0136319334546527,0.013280942517513,0.51685,-0.635663444283948,0.655810717939988,-0.52844170680887,0.557995762317688,-0.00909289068582432,-0.00906068586886681,0.5123,-0.637080128490904,0.611310710186849,-0.532915075123892,0.513495096010854,-0.214381022883576,-0.209434391347762,0.761825,-0.833558844945927,0.366935765270989,-0.721296570202257,0.272416013167031,0.980261156445643,0.994672622786808,0.857634396848842,0.999766026584235,0.915687171566756,0.999596468364409,"56","15","40","28","46","64","86"
"WCSP",124,"White-crowned Sparrow","Zonotrichia leucophrys",178,0,0,0,0,0,NA,NA,NA,NA,NA,NA,28,23.4,0.940447988655326,"1_Avoider","2_Uncertain","2_Uncertain","2_Uncertain","2_Uncertain","N",NA,NA,-1.17251518872602,-1.16014767674799,1,-1.70649875174984,-0.714770193961791,-1.60468781472832,-0.781706755430409,0.250448526464769,0.249824366251736,0.8879,-0.150074299363829,0.663081346033482,-0.0869089999285228,0.594133821042497,-0.197437488332628,-0.200346183079896,0.8246,-0.61782202763937,0.243013338444092,-0.550504986703531,0.16767195567621,-0.226701611962602,-0.225044603659002,0.8882,-0.591422996097069,0.133241338624518,-0.531905243921341,0.0772572373906929,0.303337376232894,0.300035050338852,0.927525,-0.100457251512442,0.72590605814372,-0.0381303555408326,0.655369173932794,0.993168248465609,0.994902842228991,0.976893709288698,0.99892919768314,0.981992931648345,0.998608974925455,"8","107","11","54","45","103","88"
"WEBL",125,"Western Bluebird","Sialia mexicana",2,0,0,0,0,0,NA,NA,NA,NA,NA,NA,26.4,37.2,0.801818552543337,"2_Uncertain","2_Uncertain","2_Uncertain","2_Uncertain","2_Uncertain","N",NA,NA,0.293028933513185,0.288971068598517,0.729375,-0.633480890331005,1.23979483631002,-0.484160467724477,1.0800006820303,0.0429147127143837,0.0448916613595503,0.5594,-0.576673788285232,0.65319352032095,-0.476398920254517,0.550055638363744,-0.507532334908717,-0.497831450429962,0.9374,-1.19793606957207,0.137725130302306,-1.08073955378042,0.0363916093171669,0.0326514933373069,0.0360300570615513,0.546325,-0.591089945915161,0.630444546100919,-0.485585202660062,0.536981754085468,-0.0164509525131604,-0.0186497266239116,0.524775,-0.596643268257103,0.576080968979029,-0.496786552674289,0.475784297565154,0.98530733675985,0.993027876100513,0.922464892316302,0.999545809056002,0.946789846881611,0.99927785755696,"126","37","54","51","104","92","68"
"WEFL",126,"Western Flycatcher","Empidonax difficilis",4,0,0,0,0,0,NA,NA,NA,NA,NA,NA,10.7,21.8,0.325082973391448,"2_Uncertain","2_Uncertain","2_Uncertain","2_Uncertain","2_Uncertain","N",NA,NA,0.00197098314099307,-0.00018231763128683,0.4999,-0.849950770786077,0.872341227381073,-0.710317335838637,0.725458797512539,0.363313804962374,0.361501673258851,0.881475,-0.236438537891457,0.979788560233341,-0.140957909749237,0.875621572565188,-0.258731722051162,-0.257190303585241,0.7856,-0.906753624003684,0.378861230176737,-0.794331638517148,0.275678586518258,-0.00862371955084977,-0.00695881964879847,0.508925,-0.610481904905891,0.586586395063258,-0.509312594646278,0.48814810749743,0.0716721380403048,0.0685888119600104,0.5887,-0.537249889035144,0.694829643559741,-0.433316859836393,0.587256319104989,0.972197384407784,0.989392167036148,0.829625251818664,0.99944900247635,0.888866914352731,0.999106425917997,"105","127","41","21","33","27","43"
"WEKI",127,"Western Kingbird","Tyrannus verticalis",58,0,0,0,0,0,NA,NA,NA,NA,NA,NA,39.6,33.2,0.325082973391448,"2_Uncertain","2_Uncertain","2_Uncertain","3_Positive","2_Uncertain","Y",NA,"Lower overall occupancy",-0.00306464550455045,-0.0011435248260092,0.50215,-0.46211973724549,0.44472890384072,-0.386040117130266,0.373543474554414,0.106797269821093,0.105895034476139,0.672975,-0.361272056427464,0.575966439754677,-0.286118527538984,0.500107040150795,-0.00696955934192419,-0.0100081651282814,0.517525,-0.469263242988497,0.478443180810545,-0.401154075374827,0.394803615863026,0.403092970009176,0.393794702278134,0.9814,0.0237945973878518,0.832931270904519,0.0823285877463378,0.75708455109329,0.0647816046374394,0.0648974516571795,0.627325,-0.340957511021368,0.466508951704278,-0.273965705729817,0.401202691263629,0.996103033369738,0.997583932697917,0.984061323132577,0.999680974886661,0.988240029344186,0.999548834303656,"104","53","120","67","93","33","113"
"WEME",128,"Western Meadowlark","Sturnella neglecta",3,0,0,0,0,0,NA,3,NA,NA,NA,NA,100.1,27.8,0.693147180559945,"2_Uncertain","2_Uncertain","2_Uncertain","2_Uncertain","2_Uncertain","N",NA,NA,-0.187309324578536,-0.182913411750966,0.656825,-1.10049431744255,0.706389347505759,-0.953389879963142,0.562795662199893,-0.108015464552758,-0.105653183044541,0.63335,-0.740935423314669,0.509512565479522,-0.63310159576037,0.407538453907465,-0.367150199614388,-0.363249132869851,0.869925,-1.03465402788343,0.274651689659462,-0.923011644483728,0.170575108783358,0.0174298897339969,0.0213403847700393,0.5286,-0.597263253666914,0.604178238877294,-0.488503135172491,0.511895757586371,0.050686100597961,0.0453964030547193,0.56175,-0.516142467049854,0.643955928567422,-0.42589771684632,0.541103563193026,0.967552201223836,0.987584509346226,0.800237873844815,0.999464629905304,0.87191320736127,0.99909658419221,"88","13","49","88","72","80","30"
"WESA",129,"Western Sandpiper","Calidris mauri",2,0,0,0,0,1,"Shorebird",NA,NA,NA,NA,NA,27.8,49,0.325082973391448,"2_Uncertain","2_Uncertain","2_Uncertain","2_Uncertain","2_Uncertain","N",NA,NA,-0.144509226475319,-0.143810568320492,0.6233,-1.07171851776281,0.806079218420189,-0.919749685211739,0.640117487098937,0.290223250027661,0.288782535716881,0.81825,-0.337863611208184,0.930017066166305,-0.236279200702475,0.82390785757953,-0.236605551680926,-0.233564547151143,0.75955,-0.915760902528187,0.435194605795074,-0.801531920273545,0.323076892641241,0.102381034480621,0.102868571055617,0.6228,-0.542585951025918,0.75978451553462,-0.43894796939676,0.645478237819295,-0.093253851986636,-0.0934835225961209,0.62095,-0.701553035023438,0.510367217223468,-0.595920836048736,0.410252446826125,0.98003132786576,0.992388154611824,0.87946025749972,0.999504856842427,0.921237710546378,0.999219106175059,"96","120","68","53","123","36","65"
"WETA",130,"Western Tanager","Piranga ludoviciana",5,0,0,0,0,0,NA,NA,NA,NA,NA,NA,28.1,28.6,0.500402423538188,"2_Uncertain","2_Uncertain","2_Uncertain","2_Uncertain","2_Uncertain","N",NA,NA,0.000860931471200416,0.00819816605905204,0.5077,-0.940155510903166,0.866451989441392,-0.746580952929751,0.722229305615968,0.17135513952249,0.168820812070185,0.71595,-0.403709405538258,0.760827322086387,-0.312629474308772,0.666853007528466,-0.35782097649694,-0.352098506800086,0.8646,-1.01521369698577,0.274599785341464,-0.9046440983958,0.173549723762644,0.221414525504795,0.214744780146743,0.775575,-0.343709375310149,0.818745300711568,-0.256409022998777,0.71678878525378,-0.0878675437207436,-0.0822803802067478,0.61065,-0.695264446816178,0.492856694519222,-0.589217725861007,0.395134518876983,0.986229741638787,0.996825983165186,0.902788268696757,0.999916903196618,0.941053177812975,0.999861394024972,"109","79","91","55","77","52","105"
"WEWP",131,"Western Wood-Pewee","Contopus sordidulus",10,0,0,0,0,0,NA,2,NA,NA,NA,NA,13.1,33.5,0.325082973391448,"2_Uncertain","2_Uncertain","2_Uncertain","2_Uncertain","2_Uncertain","N",NA,NA,-0.150872339123622,-0.144454674839844,0.6701,-0.85448398193827,0.507088750661859,-0.722744051612956,0.400030259502501,0.13855509098045,0.13695530961879,0.68815,-0.414532388648769,0.705447562263253,-0.325900417967951,0.610767064867199,0.0372933890091752,0.0363854176767292,0.5494,-0.531046859501906,0.603268474777468,-0.437999947905583,0.509748811380886,0.0566108858902398,0.0523053678616673,0.577325,-0.48011109192318,0.629507811076131,-0.395954806732721,0.521121358069851,0.0246610999162433,0.0233513049178056,0.5352,-0.507717222326391,0.564074339673353,-0.415898243722177,0.469203805400318,0.985220218679778,0.995549119108366,0.904919742856392,0.999830205591782,0.937954332750946,0.999712570535515,"95","65","59","29","94","34","97"
"WFIB",132,"White-faced Ibis","Plegadis chihi",10,0,0,0,0,0,"Wading Bird",NA,"SC",NA,NA,NA,616.9,38.6,0.639031859650177,"2_Uncertain","2_Uncertain","1_Negative","3_Positive","2_Uncertain","Y","Less urban","Lower overall occupancy",-0.178557550481858,-0.179458421873577,0.684475,-0.932600443747461,0.569708881751672,-0.805699710357791,0.445562577052045,0.142691752032975,0.140755995457948,0.690525,-0.424410355172726,0.718119551189931,-0.330282864787334,0.623008983550627,-0.766990240198597,-0.757845073791795,0.992375,-1.44529882202637,-0.132519668846509,-1.32763920053647,-0.23051429809737,0.539679206532946,0.528420354345612,0.979525,0.0227304041507136,1.1209088678518,0.098764185811441,1.01807013467365,-0.0297193144061348,-0.0296128990974631,0.543575,-0.578738157010487,0.521478870582493,-0.486919745804914,0.431652828028374,0.995681554538762,0.99834991716197,0.974661148457411,0.99985595478042,0.984729576066859,0.999789157248968,"90","67","131","117","108","66","120"
"WIWA",133,"Wilson's Warbler","Cardellina pusilla",83,0,0,0,0,0,NA,NA,NA,NA,NA,NA,7,20.7,0.639031859650177,"2_Uncertain","2_Uncertain","2_Uncertain","2_Uncertain","2_Uncertain","N",NA,NA,-0.255273323782063,-0.253268922634151,0.900775,-0.65768632860722,0.13077318664077,-0.588819434738295,0.0708200470133102,0.286324037263862,0.28322369767855,0.9094,-0.127714379870738,0.716067635981174,-0.0646874757683491,0.643115787988705,-0.14257348012346,-0.141369578425862,0.758075,-0.551506796174397,0.251374963417453,-0.480873130896117,0.188275199414997,-0.0154770904615116,-0.0138515628200117,0.530875,-0.370837152068166,0.324021648735797,-0.311252392423812,0.271787849142125,-0.0364715883551853,-0.0410481343888181,0.58945,-0.36997276363379,0.317310729866583,-0.318423675214568,0.257052859135058,0.996345361406137,0.997756160342757,0.984401371298777,0.999644260515631,0.98853436293357,0.999510730158131,"80","117","37","9","30","63","115"
"WWDO",134,"White-winged Dove","Zenaida asiatica",366,0,0,0,0,0,NA,NA,NA,NA,NA,NA,153,35.2,0.89794572485678,"3_Adapter","3_Positive","2_Uncertain","2_Uncertain","2_Uncertain","Y","Higher overall occupancy",NA,0.677916778785559,0.675738099194685,0.999975,0.343652610030232,1.0255525320986,0.397617584939073,0.966221982891375,0.328986723830008,0.328059656549012,0.954,-0.0529762210822815,0.715311957453431,0.00717397526059733,0.652515852388559,-0.0804312593874004,-0.0802920433555365,0.6712,-0.436325517514134,0.271852325315229,-0.377127520946975,0.215547825500346,0.214663361070761,0.224160688462117,0.91145,-0.129304152673201,0.498315513253794,-0.0598633127954244,0.455098952246773,-0.0223833830679585,0.00472745172839136,0.488825,-0.509792058829501,0.282922319222261,-0.398808279972396,0.23982946960138,0.990674672361834,0.991765159055347,0.977695697122962,0.997272554089472,0.980804923856405,0.996712742703791,"131","124","95","97","98","97","61"
"YBCH",135,"Yellow-breasted Chat","Icteria virens",2,0,0,0,0,0,NA,NA,NA,NA,NA,NA,24.9,21.3,0.500402423538188,"1_Avoider","2_Uncertain","2_Uncertain","2_Uncertain","2_Uncertain","N",NA,NA,-0.883062819804313,-0.865054806882303,0.96505,-1.9303506268795,0.0608824462878261,-1.74503549683271,-0.0778772692710572,0.0895830357480797,0.089353318613931,0.61115,-0.540794674107514,0.72271883018702,-0.437737652407189,0.619042024365873,-0.242912501817321,-0.239272505105028,0.757575,-0.945477456992903,0.431482342522128,-0.823830124820426,0.325597826734184,0.164455285998447,0.158139192859937,0.696425,-0.449472449953428,0.800061616363158,-0.349176547888277,0.693086569253604,-0.296242185729741,-0.292220815633848,0.8386,-0.90189257636294,0.285778316488122,-0.798450090204445,0.191836347331387,0.97106198752511,0.988788612882881,0.825603669933585,0.99943686902139,0.885962312052197,0.99907850973038,"21","49","79","49","32","47","37"
"YEWA",136,"Yellow Warbler","Setophaga petechia",87,0,0,0,0,0,NA,NA,NA,NA,NA,NA,10.2,23.6,0,"1_Avoider","2_Uncertain","2_Uncertain","2_Uncertain","1_Negative","Y",NA,"More urban",-0.38135361536662,-0.381522419634551,0.970025,-0.777743602288548,0.0148809839411102,-0.712779162047669,-0.0481724752905472,0.273774950039262,0.271927391889855,0.9019,-0.131270097320094,0.697436826750787,-0.0696189137846928,0.62668540335799,0.187696755420026,0.185885113239752,0.83735,-0.182878209234942,0.56353945389029,-0.124198760798802,0.502122367092294,0.0976523137045614,0.0977323275406895,0.729225,-0.218535061312081,0.418237199257941,-0.16669557084326,0.363835193972985,-0.358469814306106,-0.360094618037057,0.9888,-0.664761484478425,-0.0475729806553032,-0.615046258395772,-0.0988799500913988,0.98732247029797,0.989360769587468,0.964593584449635,0.997962261305054,0.970546681747349,0.997189468750728,"68","113","67","18","47","10","42"
"YHBL",137,"Yellow-headed Blackbird","Xanthocephalus xanthocephalus",4,0,0,0,0,0,NA,NA,NA,NA,NA,NA,62.7,27,0,"2_Uncertain","2_Uncertain","2_Uncertain","2_Uncertain","2_Uncertain","N",NA,NA,-0.684304795408049,-0.675225199799459,0.93495,-1.61116500122039,0.206854510271588,-1.45803848447115,0.0604817706051978,0.235350807076158,0.232616106566895,0.78165,-0.35800279752552,0.842368583278009,-0.263654206528551,0.742155293910538,-0.49172761597439,-0.486982815183396,0.93525,-1.15795357493183,0.146437761664949,-1.04400782403798,0.0420484321924695,0.400090584849479,0.393574896235672,0.922525,-0.149291853523044,0.987813087854152,-0.0650320432417445,0.881198575978887,-0.320908815514713,-0.319449994055084,0.8705,-0.89413913961869,0.232009415842505,-0.79729689484198,0.146775483667647,0.989326421317779,0.994580896981755,0.947119246953456,0.999404392861767,0.964073429767674,0.999146431886719,"41","102","119","83","67","14","85"
"YRWA",138,"Yellow-rumped Warbler","Setophaga coronata",162,0,0,0,0,0,NA,NA,NA,NA,NA,NA,11.9,25.4,0.940447988655326,"2_Uncertain","2_Uncertain","1_Negative","2_Uncertain","2_Uncertain","Y","Less urban",NA,0.117214930719931,0.114829940370989,0.738325,-0.235829823420049,0.484253867925305,-0.17800500945675,0.422907766008225,0.112569520704061,0.116191104365933,0.709075,-0.29944571467035,0.510097445311666,-0.231015312560384,0.449319939500776,-0.383856693197249,-0.379859874058381,0.9754,-0.796710376944304,-0.00101751593599152,-0.725375680557557,-0.0592438588268127,0.137630768584638,0.132963189379616,0.78865,-0.189612064097204,0.499618439138187,-0.137781048904558,0.430725553454139,-0.113635934883566,-0.109379525303218,0.74225,-0.478093585693525,0.219516054183498,-0.409685085323915,0.169082579138315,0.989779280606027,0.99303317996149,0.961536864670305,0.998591467149332,0.970453091561012,0.998228784749677,"120","58","75","25","58","104","69"
"ZTHA",139,"Zone-tailed Hawk","Buteo albonotatus",2,1,0,0,0,0,NA,NA,NA,"PR",NA,NA,745.9,40.3,0.610864302054894,"2_Uncertain","2_Uncertain","2_Uncertain","2_Uncertain","2_Uncertain","N",NA,NA,-0.715428689786477,-0.700268203368715,0.9254,-1.76869475509772,0.236559164140487,-1.58104557245401,0.0922252064185638,-0.120366108027061,-0.117001283011783,0.645775,-0.746354243121186,0.486546001096322,-0.645908982254685,0.387023394140549,-0.202625389672977,-0.204040531248494,0.733375,-0.853073096725577,0.466459593716132,-0.745884038764251,0.349189814409297,0.244908451210549,0.241727055408619,0.781775,-0.38851792296327,0.887813541114087,-0.285364048254883,0.782743452958938,-0.0527154559338608,-0.0506725822234612,0.567625,-0.669981031607468,0.55641456576684,-0.563049931370434,0.45244901021523,0.976808127142235,0.992216652461584,0.851456435411922,0.999583866124258,0.90640178820075,0.999310892033269,"39","12","100","120","110","60","64"
