"","mean","sd","2.5%","25%","50%","75%","97.5%","Rhat","n.eff","overlap0","f"
"beta0.comm",-1.85342246921947,0.214002323858696,-2.28510654665053,-1.99404093979173,-1.85017835481465,-1.70641885483071,-1.44856947620468,1.01032560489928,248,0,1
"beta.comm[1]",-4.14443623462447,0.147808940408229,-4.44786441339964,-4.24054516263414,-4.1407133140618,-4.0432673679072,-3.86464910535756,1.00538623541411,605,0,1
"beta.comm[2]",-0.339861374705878,0.0677166739816268,-0.474417649228857,-0.384668437632031,-0.339305143872359,-0.294044760055862,-0.209209035875262,1.00279674378372,896,0,1
"beta.comm[3]",0.131193513243351,0.0470447605508004,0.0391029024634779,0.0996504947750199,0.131166312231141,0.163190360138895,0.223216140492826,1.00243386177511,1079,0,0.997525
"beta.comm[4]",-0.294993935527347,0.0495887187663504,-0.395253556364306,-0.327600469300299,-0.293971475838632,-0.261503967415742,-0.200420985728264,1.00072924026931,3841,0,1
"beta.comm[5]",0.123739893837656,0.043623909780258,0.0387653303735213,0.0941622567384977,0.123726399258605,0.153008218119089,0.209417961022419,1.00063680729015,4114,0,0.997825
"beta.comm[6]",-0.0686125898177889,0.0433066507964727,-0.153895952646813,-0.0979090386451336,-0.0682726154241849,-0.0394266300312573,0.0160060026552306,1.00076268643624,3352,1,0.943375
"rho.comm",-2.16393901923568,0.14943384543129,-2.46234105750498,-2.26327304876263,-2.16353960684319,-2.06105380979489,-1.87838100572312,1.01429768293104,184,0,1
"tau.beta.comm[1]",0.579532720831806,0.0952256669862414,0.414217684300917,0.512296887722396,0.57237335060108,0.638850322168021,0.786531976115491,1.0009228396904,2788,0,1
"tau.beta.comm[2]",2.37010992290237,0.374181842871658,1.71271087997401,2.10537844051836,2.34670286537326,2.60418702108183,3.17039086637444,1.00171617587264,1548,0,1
"tau.beta.comm[3]",9.40707313186621,2.12006937964294,5.92107638896402,7.89469243782614,9.18518706587151,10.6895225409951,14.1387647391917,1.00088019522915,2798,0,1
"tau.beta.comm[4]",8.20437931389965,1.90675458042536,5.0669104450414,6.85260731577318,8.00297378591579,9.33873513540487,12.4895259327496,1.00043330970607,5916,0,1
"tau.beta.comm[5]",8.10534549058661,1.64795434374641,5.29852432982225,6.93728785608248,7.95388711436825,9.11359052214882,11.7411575701723,1.00541997880928,480,0,1
"tau.beta.comm[6]",9.260489765977,1.90090753641628,6.05180138897651,7.90881594440241,9.0986643071591,10.4001099346161,13.4610084276406,1.00279368346372,911,0,1
"tau.rho.comm",0.493660624046932,0.0825670273856859,0.352878590817222,0.435122517532802,0.486742991307495,0.543669502996341,0.677909034244535,1.02450024026474,120,0,1
"theta.comm",5.0846851671735,0.219833947182794,4.65998455819319,4.93578627267976,5.08158700032956,5.22825990460795,5.52298464774677,1.00834465146172,326,0,1
"tau.theta.comm",0.438301030323893,0.114278613707881,0.255641441123485,0.356315009501628,0.423834297200593,0.50566996750722,0.701508508494383,1.00233562007453,1282,0,1
"delta.traits[1,1]",-0.285652798113822,0.116714301228419,-0.515069925740477,-0.363239986827178,-0.285734056725634,-0.207221049109772,-0.056855068950415,1.00175324265854,1440,0,0.99265
"delta.traits[2,1]",-0.021604839876527,0.0726120821268864,-0.164592372501217,-0.0703844379856614,-0.0211363564245112,0.0277126914641553,0.118600333607013,1.00020137771218,14447,1,0.615825
"delta.traits[3,1]",-0.0802322403200414,0.0500231919601633,-0.179951351764617,-0.113280750334183,-0.0801942939430612,-0.0467504388656567,0.0175308230259675,1.0002204272387,12589,1,0.9458
"delta.traits[4,1]",-0.100914888567169,0.0509715319582661,-0.201026431720066,-0.134747754421152,-0.100920224169654,-0.0668516321968663,-0.00110160400679276,1.00073709838821,3365,0,0.97605
"delta.traits[5,1]",0.0812421671218209,0.0460690640175037,-0.00840438190948306,0.050405041979313,0.081180847428914,0.112000200943019,0.172060444880198,1.00132912776894,1972,1,0.96275
"delta.traits[6,1]",-0.0140168673250945,0.0452158261043094,-0.102879742006745,-0.0446005709307148,-0.0138505482415601,0.0168516603409332,0.0737066529195826,1.00043939698938,5571,1,0.61905
"delta.traits[1,2]",-0.0169970523195727,2.23669029665535,-4.40522595195835,-1.51760469333807,-0.0312390414984347,1.4965371383343,4.41669768313454,0.99997117064321,40000,1,0.505425
"delta.traits[2,2]",0.137036996595345,2.23108511558407,-4.26971453761996,-1.35975877698372,0.152024356112943,1.65437103611489,4.4591565101317,1.00009348504015,18604,1,0.527075
"delta.traits[3,2]",0.00887801193846293,2.22532284801745,-4.35759369152149,-1.48777322521529,0.0103929338466222,1.50377721959785,4.37128534996896,1.0000336211814,40000,1,0.5019
"delta.traits[4,2]",0.00750106935197641,2.24590112719725,-4.41322043104387,-1.51000294596328,-0.00430708784562817,1.52095422226293,4.39114230486443,1.00022360139168,9930,1,0.49915
"delta.traits[5,2]",0.0428407560355879,2.23345948446701,-4.34369849247649,-1.46514430941939,0.0554144066499284,1.55278304698163,4.4034364226177,1.00005953587848,30371,1,0.509625
"delta.traits[6,2]",0.0279439463603554,2.23498844041907,-4.35280698621839,-1.48161007198888,0.0360102078969606,1.54002940078656,4.40793553344562,0.999985710569256,40000,1,0.506475
"delta.traits[1,3]",-0.0636705713842549,2.23735834724773,-4.49230295495264,-1.57486123485638,-0.0557901892258936,1.43048843476566,4.33883050459779,0.999992542554618,40000,1,0.51
"delta.traits[2,3]",0.100050229273386,2.23102230840234,-4.21758879578647,-1.42172093103346,0.0866156939006907,1.59884420784109,4.4968225197012,1.00009062327366,18968,1,0.516375
"delta.traits[3,3]",0.0482041896543556,2.22597404420306,-4.3127430012112,-1.45150112850251,0.0506641149255184,1.54681533486778,4.42822950962933,1.00004300714592,37325,1,0.5092
"delta.traits[4,3]",0.0141677031033538,2.24608362747397,-4.37430253885676,-1.50581952891621,0.0272854352451293,1.53026711758832,4.43153353190978,1.00020626704609,10632,1,0.505425
"delta.traits[5,3]",0.0539077193347803,2.2337506974528,-4.31141174570708,-1.4595059513047,0.0393478076335092,1.56269490853827,4.43617496960348,1.00006669273084,27364,1,0.507575
"delta.traits[6,3]",0.0206036678968807,2.23523367301041,-4.36835780756194,-1.49132298217369,0.0122213245706619,1.53227686454459,4.41368260647473,0.999988036520394,40000,1,0.502275
"beta0.species[1]",-0.971229662726619,0.785328140841485,-2.49963616196187,-1.50257407347277,-0.968937175556662,-0.445197820080127,0.577293271765119,1.00025145806871,8579,1,0.891825
"beta0.species[2]",-2.56521025620276,0.876480557757843,-4.31760936541312,-3.14914398932919,-2.552621110039,-1.97286126878117,-0.888014464979753,1.00014901257192,15035,0,0.99885
"beta0.species[3]",-3.23126538157706,1.34712571630701,-5.93395314656426,-4.10862949725101,-3.20851182660175,-2.32992134981461,-0.62952601217195,1.00146437964456,1818,0,0.9917
"beta0.species[4]",-1.01809322750477,1.03997055080252,-2.95371172734656,-1.72475732971144,-1.05691802720432,-0.345501282090953,1.14505476293977,1.00053067315887,5948,1,0.84045
"beta0.species[5]",0.199590049334204,0.814342193060724,-1.38749917087851,-0.348374724824962,0.19537819378291,0.749652432224988,1.78321404697513,1.00027015710885,8162,1,0.595325
"beta0.species[6]",-0.935853903836005,0.870086998643086,-2.65098985733513,-1.51955987449884,-0.936376683573278,-0.356036762199649,0.789737945773594,1.00029462572389,7672,1,0.860925
"beta0.species[7]",-3.32244002532565,1.09546205313208,-5.56333021214828,-4.02132953227414,-3.29193525240396,-2.58855265076166,-1.2552747496335,1.0008698276601,2887,0,0.999275
"beta0.species[8]",-4.02180783363354,1.17498720473115,-6.49467888900256,-4.76391684846191,-3.96102338631264,-3.20758941902356,-1.8899437896539,1.0001381722482,19441,0,0.999975
"beta0.species[9]",-1.22136169635404,1.15179429019271,-3.40749089642366,-1.99181533784503,-1.24654894487546,-0.483716394036517,1.14605147881217,1.00086111857572,3280,1,0.8611
"beta0.species[10]",-1.34872233656604,0.838494234617599,-3.00525111848478,-1.91016649855801,-1.35445951102562,-0.782499160270887,0.278364673052571,1.0002124976098,9910,1,0.946475
"beta0.species[11]",-2.66493033699761,0.879301815305175,-4.41494015757652,-3.24590457898221,-2.65683621549734,-2.0720432384124,-0.960832435630368,1.00007517092555,23606,0,0.998975
"beta0.species[12]",-2.58981646187346,1.27117212839208,-5.2243817535851,-3.38202459841258,-2.54491302884799,-1.74720287318285,-0.215863809539942,1.00339271441307,746,0,0.9836
"beta0.species[13]",-1.49404457810964,1.41614079536084,-4.46857271224109,-2.36166139256013,-1.44220656731417,-0.559836813155661,1.17990956372307,1.00450964129052,599,1,0.864
"beta0.species[14]",-2.58269994932379,0.893298565202955,-4.3665776375422,-3.17451731183428,-2.5735489857863,-1.98162785829784,-0.859885887240524,1.0004089841317,5874,0,0.9984
"beta0.species[15]",-2.55342644438868,0.969318348360638,-4.49467762694976,-3.19498086790049,-2.53612635437978,-1.89973416258339,-0.683560113316611,1.00010223104491,27150,0,0.996475
"beta0.species[16]",-1.11173565014968,1.28640210656128,-3.50156426163255,-1.98373307817838,-1.16250825870624,-0.296726261341813,1.60565144852173,1.0043499366717,629,1,0.81475
"beta0.species[17]",0.071714086271847,0.849830145376303,-1.58952953696503,-0.503446244974564,0.0679003289539319,0.646443693821194,1.74321964331676,1.00052226467853,4929,1,0.531975
"beta0.species[18]",-2.21410671581587,1.45920307457576,-5.09035135587926,-3.1740532558331,-2.21057051580391,-1.25849951190783,0.672161713370168,1.0010274379511,10182,1,0.937425
"beta0.species[19]",-2.05271354171738,0.868534481200143,-3.78229627576412,-2.62849358524953,-2.0414483650181,-1.46353204905621,-0.369588916793457,1.00023690432708,9111,0,0.9915
"beta0.species[20]",-2.721914441061,1.35933486809055,-5.41171646408144,-3.60854821848377,-2.71730278826709,-1.83964591051855,-0.0353940634237376,1.00116072543875,2749,0,0.9764
"beta0.species[21]",-2.16797147768384,1.08161896444615,-4.28929873939236,-2.88658989711857,-2.17411189346497,-1.45788498768282,-0.0172220764627146,1.00039028654722,9862,0,0.975925
"beta0.species[22]",-1.3017078471494,1.10260847570531,-3.40703464927795,-2.04028984578753,-1.32023913764257,-0.590044563028976,0.940339210564857,1.00173598861076,1808,1,0.884525
"beta0.species[23]",-2.2022830237453,1.55898034291335,-5.27343765989127,-3.23351507635628,-2.20807084178836,-1.17243660588158,0.888126458901146,1.01816924413976,149,1,0.92145
"beta0.species[24]",0.267750421786143,0.89849354183983,-1.46969209494899,-0.339534797357979,0.252888316221593,0.860594685180227,2.06287123786831,1.00003819999551,32794,1,0.615525
"beta0.species[25]",-0.567957098148973,0.815567110824905,-2.16225903993558,-1.11771013506672,-0.569551801230868,-0.021191676240684,1.05369424659647,1.00008892687669,27159,1,0.758075
"beta0.species[26]",-0.539555793640937,0.823492552887368,-2.14292951402115,-1.09829094415612,-0.5403878158808,0.0128564050661106,1.08617973208801,1.00012229299904,15291,1,0.744825
"beta0.species[27]",-2.32047176680607,1.35072070683853,-5.07709441049318,-3.18633326852358,-2.28900595887485,-1.41569304097323,0.231734233303641,1.00262959918497,1025,1,0.962925
"beta0.species[28]",-1.08303008733739,1.04825730584757,-3.11282407614494,-1.78108624884625,-1.09220124432332,-0.400094273772738,1.00530411944635,1.00323387259213,810,1,0.854425
"beta0.species[29]",-3.95289856871804,1.15823507510414,-6.40473383686881,-4.68713741160652,-3.88920676434526,-3.14409910064809,-1.8548389518751,1.00114182525932,2655,0,0.99995
"beta0.species[30]",-2.23353715701637,1.24464070665227,-4.64829511602962,-3.05621938701274,-2.24585675155346,-1.41373331237813,0.232225307738515,1.00060875499426,4123,1,0.9633
"beta0.species[31]",-0.0631000046295447,0.803287595472145,-1.62870688055773,-0.606530592595711,-0.0649233679344861,0.475732721027203,1.52702115714646,0.99998198232994,40000,1,0.53355
"beta0.species[32]",-2.07287557084089,1.09441868133778,-4.26355044221184,-2.79432185442987,-2.06043418552453,-1.34496557185302,0.0507317121256458,1.0001536450595,19818,1,0.972025
"beta0.species[33]",-4.18856567764624,1.163391260379,-6.6136842145169,-4.94132668548027,-4.13685619380768,-3.37527834895127,-2.07850608947814,1.00044823946305,5219,0,0.99995
"beta0.species[34]",-2.6606004689362,1.21660082817477,-5.20100640156696,-3.44164640264464,-2.6006630127608,-1.82819117936557,-0.393422944766255,1.00156702854088,2367,0,0.989525
"beta0.species[35]",-1.81618523098919,1.47039961883778,-4.72093178711188,-2.76985357556503,-1.81118926873203,-0.858759459414127,1.11587782058346,1.00066948635455,4416,1,0.89695
"beta0.species[36]",-0.104704407984979,0.805976686494068,-1.68780673522547,-0.647260462954303,-0.105752180891918,0.441651287097383,1.46780237069162,1.00010025312236,17434,1,0.55185
"beta0.species[37]",-1.20048472499756,1.17364260148601,-3.51352176330452,-1.97019080709727,-1.20349491800366,-0.443828340473821,1.13796889318139,1.00137239159711,1919,1,0.85475
"beta0.species[38]",-3.34787183384933,1.17691318535024,-5.83030613680471,-4.09224594687832,-3.29331347164679,-2.54194676067785,-1.18823926297069,1.00086286297654,3085,0,0.998975
"beta0.species[39]",-1.95951764409032,1.20067754372036,-4.57547597966964,-2.68169370163638,-1.87324070849031,-1.14984985442406,0.206431684426963,1.00306593287126,822,1,0.961725
"beta0.species[40]",-3.55755471245615,1.01449976392409,-5.62784425961845,-4.22212727539419,-3.53047358533486,-2.86282209683192,-1.65455485414478,1.00056852945671,4184,0,0.9999
"beta0.species[41]",-2.58598249996877,1.39380813250582,-5.45466567534862,-3.47837135177627,-2.53946316260711,-1.6363089648784,0.0468394093050054,1.00506400389646,500,1,0.97305
"beta0.species[42]",-0.657224425662007,0.838975155329734,-2.31008170853026,-1.22186075670487,-0.660823632395596,-0.0959583744938352,0.992423272122678,1.00138138723185,1801,1,0.784675
"beta0.species[43]",-2.02309700190947,0.855323746942648,-3.70478846223646,-2.6008910364368,-2.01762994494793,-1.44848246836158,-0.345612734145623,1.00003690182346,40000,0,0.990525
"beta0.species[44]",-2.85207594113554,0.931586069416824,-4.72576963852963,-3.45960432623601,-2.83514804575315,-2.22093498622923,-1.05449019599252,1.00047023051337,5062,0,0.99935
"beta0.species[45]",-2.60310906323103,0.884522404743938,-4.35830259439927,-3.19976417249504,-2.5932761124163,-2.00330405312982,-0.904396237386843,1.00011779598543,16147,0,0.998875
"beta0.species[46]",-2.32003391792513,1.467355343143,-5.21886055729135,-3.28431223324683,-2.32456670229286,-1.35793940512351,0.574036020847168,1.00305229809503,1092,1,0.9444
"beta0.species[47]",-4.17869037022345,1.12367185862494,-6.55112613919423,-4.89047359606627,-4.12439486499501,-3.40251007432568,-2.13064948913138,1.00025765619324,9896,0,1
"beta0.species[48]",-1.42867374973723,0.796689873390042,-2.99966354319122,-1.95731257177349,-1.43317412148989,-0.893793191335752,0.143110012511606,1.0000761591866,20787,1,0.963275
"beta0.species[49]",-1.85121950185838,1.27207860937735,-4.25783932810048,-2.7061170248703,-1.88677150083113,-1.03064289849367,0.759100454546387,1.00055660620756,5171,1,0.925075
"beta0.species[50]",-0.598812895122341,0.803195431593843,-2.17605004439419,-1.13647746788712,-0.605294834903932,-0.0652851286584583,0.986040060787342,1.00022963007536,11075,1,0.774175
"beta0.species[51]",-1.97750815517993,0.836698164021645,-3.62529414784492,-2.53625682841393,-1.97343023242409,-1.4131667367662,-0.346367735224624,1.00014004636545,20726,0,0.99135
"beta0.species[52]",-2.89978685379284,1.27238448782227,-5.51137395854726,-3.70302429272788,-2.8730752722233,-2.06240768201397,-0.423113744456751,1.00255825468246,1085,0,0.989125
"beta0.species[53]",-0.978724583388975,1.037989417136,-2.9571366390854,-1.68299886128402,-1.00283276838876,-0.294071738841547,1.12029878313495,1.00018324920433,15999,1,0.8288
"beta0.species[54]",0.11313781324662,0.814702222734254,-1.46525805505991,-0.439666514673742,0.100204138224694,0.662650974979441,1.72656114782565,0.999995174490935,40000,1,0.550325
"beta0.species[55]",-2.75210865573615,0.935246360279869,-4.64180644816643,-3.36877870874447,-2.74026501725066,-2.11257138635602,-0.968789307643503,1.00018591116478,12712,0,0.998875
"beta0.species[56]",-2.2098312660952,1.50148586284932,-5.19827947047222,-3.20764386577484,-2.19416404791234,-1.20153371201613,0.683683213588332,1.00648809939514,424,1,0.93305
"beta0.species[57]",-2.88144698122252,1.08387370993935,-5.06004290618472,-3.58675707833176,-2.86139350682509,-2.15241923275237,-0.808304895575486,1.00041393961375,6116,0,0.996325
"beta0.species[58]",-1.66692529699227,0.992077728431399,-3.58777919082937,-2.33836272187494,-1.6755709916102,-1.01130570118951,0.30839751415827,1.00103169150068,2558,1,0.952725
"beta0.species[59]",-2.76927403243149,1.32477068541035,-5.42714321742154,-3.62550695115571,-2.753692326652,-1.89547514716097,-0.20101802035312,1.00200691495517,2627,0,0.982425
"beta0.species[60]",-0.261520690194486,0.827048800528244,-1.87356432394991,-0.81829748806588,-0.262254221073803,0.297222751915081,1.36959181940767,0.999956670458966,40000,1,0.6257
"beta0.species[61]",-1.77448685005324,1.14859690640259,-4.06267014433701,-2.52470808242927,-1.75648386520356,-1.00533136596307,0.436929849223706,1.00117554103988,3284,1,0.94265
"beta0.species[62]",-2.23332331040992,1.43452207469478,-5.11797699972236,-3.17163825309657,-2.21331786030323,-1.29727264277817,0.561602949656991,1.01463904600117,198,1,0.943175
"beta0.species[63]",-3.02933441901564,1.34180154171992,-5.70507109346679,-3.89833787234372,-3.01953350951537,-2.15538818878805,-0.377967025131203,1.00237124268185,1164,0,0.9863
"beta0.species[64]",-1.82588778688091,1.47950578563139,-4.77465374251596,-2.79184063574038,-1.83656417296759,-0.860565433574119,1.12763871437301,1.0016466471377,1563,1,0.893875
"beta0.species[65]",1.19009289409358,0.906849798920115,-0.527327455289513,0.576242890712102,1.16948755816626,1.78450768088671,3.03149000375678,1.0002767462396,10985,1,0.908375
"beta0.species[66]",-1.68400451321441,0.890632776699962,-3.45115812549084,-2.27546845394727,-1.67765451383325,-1.08626812546563,0.0515272501395448,1.0007714555908,3057,1,0.97145
"beta0.species[67]",-2.15926307173882,1.20172928760002,-4.46312375856901,-2.95076747981895,-2.18323666017414,-1.39642274230225,0.284877185835272,1.00208856924513,1298,1,0.961925
"beta0.species[68]",-0.0178627648886523,0.811268545320469,-1.59985279664612,-0.561523351401183,-0.0186045057817478,0.522963610932225,1.57034256468485,1.0002998094617,7479,1,0.5099
"beta0.species[69]",-2.97488776589553,1.35894115422446,-5.64570564697458,-3.85695937961965,-2.98149449902501,-2.10546560603817,-0.251478229931302,1.00077818687498,5219,0,0.982875
"beta0.species[70]",-1.64854644712248,0.843690614090525,-3.30545715453998,-2.21552840245618,-1.64427891544397,-1.07908436413922,-0.00534986352257966,1.00014393495603,13515,0,0.975325
"beta0.species[71]",-1.01412622873893,0.823443417020893,-2.63821655419789,-1.56479911162789,-1.01919981542138,-0.459189101373313,0.600850317894141,1.00026552731525,8476,1,0.890575
"beta0.species[72]",-2.81778414633885,1.28113852940325,-5.42592612954176,-3.65104730687467,-2.78805079260747,-1.95772265889191,-0.379717937309894,1.0026221801903,1053,0,0.98715
"beta0.species[73]",-1.12376782114314,1.15202801377206,-3.41723319544251,-1.87099309051952,-1.1170840367298,-0.36498663376817,1.12679402312923,1.00176372849839,1511,1,0.8427
"beta0.species[74]",-1.01874030730085,1.27423733349478,-3.71346029768979,-1.78821877265178,-0.983014758077376,-0.187825976140462,1.38490721442495,1.00105249798133,2571,1,0.7971
"beta0.species[75]",-1.99641423449649,0.966808818333223,-3.93443619513648,-2.6295632047701,-1.98511238266154,-1.350582595226,-0.115576570004062,1.00054734667439,4254,0,0.981125
"beta0.species[76]",-2.47273251485303,0.911479323240609,-4.29594266864086,-3.07587067011945,-2.45648031651232,-1.84706004747043,-0.742013370051254,1.00015846569578,14016,0,0.997825
"beta0.species[77]",-2.90062832086732,1.30681158205509,-5.56045159257027,-3.74080484610684,-2.87220057975368,-2.02767908908004,-0.39749563005863,1.00063313608893,4031,0,0.988375
"beta0.species[78]",-1.12315075487111,1.3589999569086,-3.76656827603203,-2.03352726978118,-1.13579939313551,-0.229547423907122,1.58028116848924,1.00154087653507,1676,1,0.799975
"beta0.species[79]",-2.51724555603871,1.36574726865934,-5.29777689274657,-3.40243961855872,-2.48935757786642,-1.59492288202371,0.082306312384214,1.00198327321027,1292,1,0.9715
"beta0.species[80]",-1.28609749766093,1.01515356540906,-3.28797883461106,-1.95646607168663,-1.28795597110348,-0.621606239556271,0.740154602380549,1.00114876705068,2193,1,0.900875
"beta0.species[81]",-2.5061995731875,0.929871337587797,-4.38972258540025,-3.11814465208826,-2.48310912477766,-1.87897287979413,-0.737100729830615,1.00020746702533,11726,0,0.9974
"beta0.species[82]",-2.13710875281504,0.835818404990768,-3.78360927769283,-2.70002615787129,-2.12884499023931,-1.57230256323005,-0.507670133817862,1.00001038742597,40000,0,0.995175
"beta0.species[83]",-2.85792318564241,1.0607727091511,-5.02594856560253,-3.55312502719159,-2.83177604406074,-2.13594014163802,-0.830223600181811,1.00026541255315,10153,0,0.997475
"beta0.species[84]",-2.59031344674063,1.46691588594069,-5.49466294625344,-3.54589154374753,-2.5848882422956,-1.62997030326572,0.304878675537297,1.00189181034643,1409,1,0.961675
"beta0.species[85]",-1.71688801722628,1.46692230605566,-4.80128687178449,-2.64688926496678,-1.6430259206996,-0.722972090636063,1.00140084691752,1.00229025964582,1170,1,0.88985
"beta0.species[86]",1.64557252320713,0.926336584242321,-0.121105707842371,1.01358164190592,1.62279006091221,2.25875799789331,3.5191022773623,1.00029334950731,7857,1,0.965775
"beta0.species[87]",-3.18430813224792,1.01856582286869,-5.27387418739213,-3.84791656604147,-3.15463571561889,-2.48733937427968,-1.27055691437545,1.00015888925988,15371,0,0.9995
"beta0.species[88]",-1.84849563822516,0.859800433032517,-3.55253144729507,-2.42459158926144,-1.83970774532539,-1.27381461852154,-0.180529724094717,0.999998594889258,40000,0,0.98525
"beta0.species[89]",-0.209942377496134,1.07942169598467,-2.28736729703858,-0.927751420044351,-0.235048363477032,0.48656095008313,1.97958631369629,1.00250102972341,1037,1,0.590325
"beta0.species[90]",-2.67445943481667,1.23191188068984,-5.28404117074001,-3.43720110600672,-2.6229458639897,-1.83988145859605,-0.402958200921418,1.00166940258095,1740,0,0.9897
"beta0.species[91]",-0.121227130709084,0.812206020163829,-1.71246866953799,-0.668607775703823,-0.121499812193155,0.426639134555283,1.46945500840826,1.00028613435808,8336,1,0.558325
"beta0.species[92]",-3.25928278533977,1.39457988548536,-6.06255034674598,-4.1704760023001,-3.24512237243754,-2.32627345237691,-0.571277883013138,1.00383877967669,834,0,0.9904
"beta0.species[93]",-1.79372514830601,1.00301850120396,-3.86475425306828,-2.44136259058023,-1.75935191323151,-1.11583187509002,0.0697589755456213,1.00059345764004,4100,1,0.970425
"beta0.species[94]",-3.48688144057874,1.13123680328996,-5.92443336585215,-4.18606242136382,-3.41792991159637,-2.71210370453092,-1.44651865794258,1.00037831866477,6445,0,0.999725
"beta0.species[95]",-2.44171916667369,1.18826246004295,-5.02192956787545,-3.16524378175689,-2.3536584421691,-1.62187178784821,-0.340432196315548,1.00119981275095,2052,0,0.989525
"beta0.species[96]",-3.45798419059707,1.24400629455708,-6.08459190032183,-4.23791906665308,-3.39176174446279,-2.59984170745511,-1.19370645640829,1.00018195813539,18047,0,0.9988
"beta0.species[97]",-1.80595926605924,1.17162024408694,-4.04658848979263,-2.59129409853903,-1.82265817172002,-1.04576733256125,0.565248205674728,1.00109180877573,2282,1,0.936975
"beta0.species[98]",-2.87017712224588,1.50814865162063,-5.79815770666589,-3.86628968089297,-2.89376699355274,-1.89382026760966,0.217847817203178,1.01398644301204,202,1,0.9673
"beta0.species[99]",-1.73778615711053,0.893714783194853,-3.51203834770157,-2.33383452235158,-1.73300348235565,-1.13605454941939,-0.00412510248897218,1.00078305658661,3200,0,0.975275
"beta0.species[100]",-2.59367768491045,1.36454016778837,-5.35387707490885,-3.48155460535596,-2.56936002182116,-1.68265812256204,0.0483114702230031,1.00337354329699,742,1,0.973275
"beta0.species[101]",-1.81416469909145,1.16398955280097,-4.27933855475348,-2.53219200506294,-1.77583329058622,-1.04249344249724,0.383896390814413,1.00441128254174,618,1,0.948675
"beta0.species[102]",-1.25144907199585,1.26256111203558,-3.64524120652401,-2.10400460239265,-1.27492287242673,-0.423880900098331,1.31776384047725,1.00651120205818,403,1,0.84435
"beta0.species[103]",-2.91961635359505,1.23230547130792,-5.48257552301628,-3.6933489051927,-2.87047972371594,-2.09272190508748,-0.633503419798326,1.00189273274804,1716,0,0.9933
"beta0.species[104]",-3.72807712551044,1.25970813383336,-6.3323093142013,-4.53558331845396,-3.68828560744756,-2.87082148763224,-1.3805576691592,1.00013415525784,21376,0,0.99905
"beta0.species[105]",-2.39082384275633,0.853885363203257,-4.07786700171325,-2.96159863829585,-2.389704208849,-1.82021659186641,-0.714267893342215,1.00006524585706,40000,0,0.997725
"beta0.species[106]",-1.64118176197994,0.858483583490291,-3.34169315166909,-2.21746792344587,-1.63480003478532,-1.06705070887505,0.0524676378288799,1.00029405851113,8498,1,0.97105
"beta0.species[107]",-0.867490337786869,1.03242875325558,-2.86227132405998,-1.56982108254771,-0.878340988201178,-0.169089323196686,1.17672108793517,1.000367528829,6323,1,0.800625
"beta0.species[108]",-3.04818710458252,1.38549209139755,-5.81079761194089,-3.94181272334856,-3.02667173081837,-2.14141986550528,-0.346407563763866,1.00162043386243,2104,0,0.985925
"beta0.species[109]",-1.57690891736305,0.830921615518449,-3.20327571323188,-2.13571213611546,-1.57201022769236,-1.01384107338571,0.0392056984287463,1.00000879440905,40000,1,0.9722
"beta0.species[110]",-0.477359109382667,0.907520038853074,-2.21980315937629,-1.09474472061734,-0.490680872410386,0.119288323891998,1.33967584238063,1.00069289449998,3447,1,0.7051
"beta0.species[111]",-1.39253203200898,1.15271160040685,-3.56748937895309,-2.16841868651017,-1.43143648279334,-0.654113420974332,0.972940628169511,1.00077339718772,3419,1,0.888
"beta0.species[112]",-2.67012791570234,0.926914156173883,-4.55506087322241,-3.28313719213391,-2.65767473364815,-2.0390887459906,-0.897303477786425,1.00014758805184,13379,0,0.9986
"beta0.species[113]",-1.38572367354585,0.828884657101826,-3.03353049718988,-1.94477135537401,-1.38147125340816,-0.830019214339651,0.228051237517363,1.00016696971172,13327,1,0.952025
"beta0.species[114]",-2.70101899761865,1.20055280217919,-5.14599136187058,-3.47035572368729,-2.67601586386101,-1.90546272915347,-0.380802828579397,1.0004614901087,6547,0,0.988025
"beta0.species[115]",-3.05956154673931,1.17601503643692,-5.45933554624372,-3.81252887323907,-3.02429055414024,-2.27197258471165,-0.822427761529256,1.00174993220708,1520,0,0.99595
"beta0.species[116]",-3.15095363674595,1.32487734866608,-5.83864485975778,-3.99908732562651,-3.12168696421648,-2.26987078854901,-0.610960883016938,1.00136436559597,2140,0,0.991725
"beta0.species[117]",-1.52616551705865,1.39838781246487,-4.37572300691969,-2.40584040273068,-1.50309463212001,-0.613653228406226,1.18421170439178,1.00575577314979,511,1,0.871375
"beta0.species[118]",-1.26376476072657,1.02480489513837,-3.24324314558969,-1.95441791821816,-1.27398897139704,-0.574698714822418,0.762320175730096,1.00086270329078,3109,1,0.88975
"beta0.species[119]",-2.84579154176254,1.07886172617229,-5.07243536087731,-3.52584067501172,-2.82021051134655,-2.12045083253556,-0.802788958259617,1.00106586929471,2371,0,0.99645
"beta0.species[120]",1.14071313060481,0.849389303991832,-0.498346828650572,0.566915400899281,1.13293983109702,1.70739668733933,2.83128213358364,1.00015984595447,13223,1,0.9119
"beta0.species[121]",-2.10827826255096,1.41312420429429,-4.96049111597318,-3.01899940927862,-2.08483504834807,-1.17665583645812,0.628134487769862,1.00483910367028,563,1,0.93595
"beta0.species[122]",-1.70105086497149,1.41111875481806,-4.53283881946506,-2.62161460562325,-1.69049135002536,-0.767274533614841,1.07280793881604,1.00460311499838,593,1,0.8897
"beta0.species[123]",-2.50439204593212,1.41876104873565,-5.30953286532708,-3.43139721565308,-2.51174032804967,-1.59766356898532,0.340606073212275,1.00448431288421,578,1,0.96035
"beta0.species[124]",0.435279983113726,0.891169489917513,-1.27143589679738,-0.164912536055277,0.416445929903002,1.02389346353993,2.24175671725924,1.00025936036883,11364,1,0.68465
"beta0.species[125]",-3.03678117088948,1.31231311341874,-5.66234602164918,-3.89367376013664,-3.03015216371818,-2.16910935989254,-0.498999561964709,1.00050829356739,4954,0,0.989475
"beta0.species[126]",-1.43599241650229,1.43105522730607,-4.30839104227114,-2.35597604470732,-1.42328481360959,-0.500538868845395,1.36395963467561,1.00529164209974,522,1,0.849875
"beta0.species[127]",0.0103097393927413,0.959059703203606,-1.80035947405927,-0.638301349969319,-0.0119915290071598,0.627344332745311,1.96495931348947,1.00027272989989,9000,1,0.49495
"beta0.species[128]",-1.88146192825819,1.28755477369041,-4.35213300964534,-2.73712433666135,-1.90783488802646,-1.06000452156832,0.759283973843187,1.0030382371896,835,1,0.926425
"beta0.species[129]",-2.01579565466317,1.43500821608378,-4.84754199301562,-2.95202985430502,-2.01615690281971,-1.09653184665437,0.86252569525883,1.00202686155243,1249,1,0.921775
"beta0.species[130]",-2.00205358090168,1.32882544789239,-4.71839676421367,-2.85151468417588,-1.97648949724694,-1.13416485419394,0.57036630593134,1.00097879333221,3300,1,0.9388
"beta0.species[131]",-1.96008333463386,1.24225129583211,-4.27313269906278,-2.76588750144501,-2.01056929320055,-1.21147631050619,0.650158061203428,1.01170357558347,450,1,0.9435
"beta0.species[132]",-2.34983982887471,1.06649311662149,-4.49273362567153,-3.03853322987483,-2.33696860484276,-1.63847598729859,-0.300205420445699,1.00035884467834,6884,0,0.9863
"beta0.species[133]",-1.27231924680925,0.941283717518004,-3.21037102213559,-1.88066328731427,-1.23798829792104,-0.626565095613081,0.479939252033111,1.00092106605081,3416,1,0.919225
"beta0.species[134]",-0.425070713025739,0.822348167288226,-2.03456648531323,-0.974337737355954,-0.42539531360205,0.127159929251424,1.1966191159998,1.00007216814778,31888,1,0.70065
"beta0.species[135]",-2.57616492250223,1.39825229410358,-5.40052860328691,-3.47966846384687,-2.56660439741322,-1.65716595782391,0.168097992025692,1.00181487451043,3097,1,0.9684
"beta0.species[136]",-1.3333354995325,0.80830602690726,-2.91586033615665,-1.87761161906607,-1.33241871121376,-0.793982362419412,0.264804862629103,1.00001430845967,40000,1,0.949025
"beta0.species[137]",-2.00586991289865,1.12269977555211,-4.20265680908427,-2.74818674513714,-2.00563152926823,-1.2747026136419,0.23568399617229,1.00092868009277,3599,1,0.96135
"beta0.species[138]",0.464057332442135,0.903263057353634,-1.24983441459794,-0.149809732163298,0.4460603772779,1.05041589736895,2.29606179968107,1.00054359404799,4833,1,0.691375
"beta0.species[139]",-2.81181968527946,1.48070137259007,-5.77715990291196,-3.79150434806474,-2.78754480386329,-1.81225853837598,0.0191647500756215,1.00200936442036,1440,1,0.97425
"beta.species[1,1]",-1.95332757259188,0.276893324056698,-2.50501973700961,-2.1386879614179,-1.94983204881827,-1.76540265668622,-1.42014967390892,1.00001334837433,40000,0,1
"beta.species[2,1]",0.00150617655848594,0.126667309675587,-0.24929646597879,-0.0837903235501939,0.00167554104505944,0.0875186675026029,0.247651104489204,1.0001969564384,11963,1,0.50575
"beta.species[3,1]",0.136346650121524,0.149472277470172,-0.155786821751943,0.0354020132726075,0.136321951647931,0.237677042153151,0.430355677105756,0.999978970916225,40000,1,0.819
"beta.species[4,1]",-0.233191105169945,0.124397407997957,-0.480152396334333,-0.315930956019128,-0.232135440619436,-0.149054533649284,0.00948553749206867,1.00013698291918,17888,1,0.970125
"beta.species[5,1]",0.12663451285071,0.108579420405308,-0.0894618561074254,0.054570883458352,0.12673912696305,0.200174811399445,0.338895301678803,0.999996504167025,40000,1,0.87725
"beta.species[6,1]",-0.0703461995393228,0.11402699198095,-0.291412724016265,-0.147093765409643,-0.0706674212443313,0.00605779605528313,0.154096623946598,1.00000745804933,40000,1,0.73295
"beta.species[1,2]",-6.03783671108282,0.654533346606506,-7.44967545958492,-6.45016135136885,-5.99746481964948,-5.5840167022155,-4.86967929952394,1.00134157958982,2657,0,1
"beta.species[2,2]",-0.296872279733038,0.33439283170434,-0.956347415459739,-0.519058672398617,-0.29613266052445,-0.0728602447261646,0.3564661124478,1.00013087575956,40000,1,0.8142
"beta.species[3,2]",0.315847073094792,0.285658798244866,-0.235389637188059,0.122346758589582,0.312493189768345,0.505093809844874,0.881478613780386,1.0003593459239,7770,1,0.867825
"beta.species[4,2]",-0.449590382860354,0.285495756984168,-1.01771383583209,-0.638950484007928,-0.447568313143979,-0.255638627967498,0.104723584372093,1.00096149441424,2483,1,0.9437
"beta.species[5,2]",0.0695400672969822,0.239327921211234,-0.407701903363207,-0.0895570227163465,0.0717321663969352,0.230795410963377,0.534505060169416,1.00014974703495,18561,1,0.617775
"beta.species[6,2]",-0.197271908427317,0.239302752397265,-0.65373567234298,-0.360819898969513,-0.200350926333822,-0.0381029566452809,0.279636380932034,1.00041335786164,6812,1,0.797225
"beta.species[1,3]",-4.55007035708239,0.884886958611621,-6.2143521265392,-5.1625408389233,-4.56492946832033,-3.95427986608679,-2.79619844749232,1.00782291968935,395,0,1
"beta.species[2,3]",-0.38604154904807,0.451672632908248,-1.28859726339997,-0.680719018126028,-0.381046863249136,-0.084242544582635,0.489354311883781,1.00107348858344,2811,1,0.80575
"beta.species[3,3]",-0.179010866238664,0.316854465714492,-0.818018641516811,-0.38744325499845,-0.175442283269465,0.0343082240511813,0.432918760152058,1.00078928354799,3349,1,0.7125
"beta.species[4,3]",-0.226520677730981,0.321576371652286,-0.853135641666387,-0.440586806767067,-0.227252194016711,-0.0107076273017047,0.407825616560807,1.00022406614626,37629,1,0.760225
"beta.species[5,3]",0.186207494078483,0.296351555375041,-0.403578794575347,-0.00755870896721331,0.187439242424508,0.380877334058985,0.775561657734705,1.00112110885777,2552,1,0.742075
"beta.species[6,3]",-0.116337886714859,0.286254280485662,-0.679708262180749,-0.309114087761029,-0.117459728358487,0.0756820294258516,0.451445986392719,1.00071702121799,3489,1,0.66055
"beta.species[1,4]",-2.51820025911272,0.529543508120216,-3.65933551965503,-2.83138669381663,-2.49197177727641,-2.16998611676316,-1.54539125548459,1.00058175744443,9070,0,1
"beta.species[2,4]",-0.0249021766101425,0.219831183895077,-0.468795514781283,-0.161740723452219,-0.0206644979107173,0.119602949921584,0.391315459115847,1.00111939176269,4277,1,0.5391
"beta.species[3,4]",0.0600864148475559,0.230013485488148,-0.39402253084621,-0.0913952217922961,0.0610444375247161,0.211845053846249,0.510556407346915,1.00014298326864,13789,1,0.60545
"beta.species[4,4]",0.25228613575932,0.234810887087848,-0.212158623459467,0.0995285625594951,0.252607167340634,0.404978024357103,0.713895633499284,1.00081878619817,4977,1,0.86435
"beta.species[5,4]",0.365454558976709,0.203438682286505,-0.0143976854262323,0.226976613079761,0.358234190397038,0.493568185572291,0.790393112475376,1.0016529069068,1856,1,0.97055
"beta.species[6,4]",0.400205626260869,0.213236388472307,-0.00628373752326582,0.256391245466287,0.394087009489127,0.536657355808322,0.837681876271536,1.00160469849329,1743,1,0.97365
"beta.species[1,5]",-1.77776819068605,0.315678004335538,-2.41173171192731,-1.98766722585499,-1.77060269433244,-1.56026327275237,-1.17524721509384,1.00012981066766,26099,0,1
"beta.species[2,5]",0.661538004236606,0.135200333221697,0.397783951716265,0.571100866356656,0.660895349061105,0.752199598929401,0.928408446349069,1.00002695949003,40000,0,1
"beta.species[3,5]",0.227409271244621,0.160516294914373,-0.0855838272419781,0.119030948170151,0.227053449151999,0.336230456349777,0.542427696035706,1.0000519333341,28867,1,0.9231
"beta.species[4,5]",0.0118324778425657,0.142120609950191,-0.266046638006388,-0.0838425762867937,0.0123416071924597,0.107305165745669,0.291469325981329,1.00005087176805,25255,1,0.533625
"beta.species[5,5]",0.13426491414224,0.116547457555872,-0.097922417584008,0.0570342421298087,0.134889374344143,0.214009915973246,0.357946702040649,1.00004277047719,35808,1,0.87475
"beta.species[6,5]",0.221337568225644,0.124244460304088,-0.0265854169718899,0.13854323973803,0.222280402645134,0.3051604839922,0.46124994757964,1.00019872889415,10262,1,0.960775
"beta.species[1,6]",-2.477991716433,0.379468988995095,-3.23844762513845,-2.72734951210519,-2.47490174858105,-2.22137152331713,-1.73931958746855,1.00037442608642,6089,0,1
"beta.species[2,6]",-1.5986542062788,0.252160247371993,-2.13253689755823,-1.76014271972404,-1.58543346324657,-1.42598980523894,-1.13881293190982,1.00174624547636,1630,0,1
"beta.species[3,6]",-0.142524500868,0.215330451340767,-0.566779547993952,-0.286550571707139,-0.142900686263804,0.00164925431753937,0.27965775612397,1.00072732391732,3995,1,0.74765
"beta.species[4,6]",-0.419741322125377,0.208480159419946,-0.840025913620944,-0.556188336535225,-0.415663414666092,-0.279537852707764,-0.0185574636174752,1.00094559657807,3402,0,0.980275
"beta.species[5,6]",-0.590387799354027,0.202221107325406,-1.00044522102508,-0.723586086933912,-0.58629086147015,-0.45306767852991,-0.204587210920793,1.00028398394124,7785,0,0.998875
"beta.species[6,6]",0.10280681288265,0.209515345723781,-0.291394118198379,-0.040905051110287,0.0993233181768958,0.241296994625672,0.524701953009291,1.00105698838752,2313,1,0.680275
"beta.species[1,7]",-6.081437555442,0.775003585841766,-7.72796438142951,-6.57075219729022,-6.04142078129796,-5.54638177636662,-4.671319976406,1.00121978510599,3382,0,1
"beta.species[2,7]",-0.938969318719412,0.459475311707276,-1.87393866444348,-1.23368027523459,-0.926116135626803,-0.626395761576495,-0.0667652074466009,1.00059190726483,4327,0,0.983325
"beta.species[3,7]",-0.0155838630704742,0.314462593682552,-0.632797430999075,-0.225859159213339,-0.0155281864800712,0.192359170922807,0.606345927239695,1.0011021868502,2220,1,0.5207
"beta.species[4,7]",-0.566918281152562,0.337041589539598,-1.24564392637155,-0.787191403526912,-0.564806568787681,-0.341148151970368,0.0915135801319956,1.00101453091971,3139,1,0.955525
"beta.species[5,7]",0.35153197752735,0.281395161754108,-0.186973163038692,0.162742307243818,0.347054763643671,0.534870264564137,0.92052918932828,1.00127349381645,2081,1,0.898275
"beta.species[6,7]",-0.299677272235036,0.300061313738187,-0.899037223347532,-0.499170187307152,-0.295753909735517,-0.0978676864452594,0.279691054572996,1.00112697841429,2328,1,0.843425
"beta.species[1,8]",-6.00315896382061,0.643862499017583,-7.38127728947776,-6.405830250121,-5.96521478199951,-5.55373054694484,-4.8512268528031,1.00117728904937,3863,0,1
"beta.species[2,8]",-0.150624762562415,0.436881133921624,-1.01202663861841,-0.443286751236429,-0.147111617944619,0.142170929324333,0.702276892412074,1.0012591643185,2037,1,0.633275
"beta.species[3,8]",0.162308933973443,0.300552394776202,-0.427213429694705,-0.0376066324958605,0.157253633705474,0.361137821542351,0.759355511132203,1.00027328022448,9977,1,0.708725
"beta.species[4,8]",-0.524701113670405,0.321947829691038,-1.15708281367833,-0.740228675799373,-0.523427553916389,-0.306546003075316,0.100064308236107,1.00021007328271,14621,1,0.949675
"beta.species[5,8]",0.35141539269112,0.269906691590542,-0.188489678501468,0.172238115442392,0.355331425916892,0.533945012247347,0.873531550324542,1.00041213068923,6494,1,0.90215
"beta.species[6,8]",-0.0137831652555159,0.269034841826714,-0.522967982555206,-0.197019073714022,-0.0198238995123379,0.163257643598858,0.532870120522074,1.00027473849048,9418,1,0.52785
"beta.species[1,9]",-5.23192888884454,0.791566319683179,-6.81935333651772,-5.76040302659925,-5.21957793038049,-4.70096857139474,-3.6978786325851,1.00175372915228,1796,0,1
"beta.species[2,9]",-1.07329220186402,0.416423413511333,-1.92389036035004,-1.34776090112917,-1.06036031583596,-0.787323394940698,-0.294468641871923,1.00139758184183,1790,0,0.997025
"beta.species[3,9]",-0.0823801369838253,0.29521049997385,-0.659590329474762,-0.281635551362819,-0.0819009845191034,0.116208932493622,0.496207281536686,1.00091080686292,2712,1,0.609425
"beta.species[4,9]",-0.278823852813749,0.302728981614286,-0.881300338372904,-0.480729445364819,-0.278038462631214,-0.076871255719841,0.311999306169328,1.00141802819394,1952,1,0.825225
"beta.species[5,9]",0.0400701487407177,0.283977065268802,-0.511735905380581,-0.150546436582058,0.0381360974630969,0.22924459559093,0.605726330203559,1.00172395333598,1532,1,0.553425
"beta.species[6,9]",-0.344402418003559,0.264672827433663,-0.864079589108703,-0.521041495438078,-0.344572805482441,-0.166083161739399,0.170942087307971,1.00030855620383,8177,1,0.903325
"beta.species[1,10]",-4.30613810704545,0.500614950545775,-5.35554512787072,-4.62392579068214,-4.27959194346923,-3.96292227834101,-3.39630169533783,1.0002214299777,40000,0,1
"beta.species[2,10]",-0.235464003029763,0.218673477269975,-0.670139832826918,-0.380415218757543,-0.234224110448747,-0.0871701854393694,0.186722914566724,1.0003038948151,7689,1,0.86035
"beta.species[3,10]",0.5759937773141,0.242527784240625,0.106750807928474,0.414796149887584,0.572848080492456,0.737268938870027,1.06296840121343,1.00015700574348,13179,0,0.991975
"beta.species[4,10]",-0.0243188198065355,0.23401157960264,-0.482560513942434,-0.181828758182693,-0.0236890031218706,0.134437448522584,0.434070139999543,1.00027586790604,7973,1,0.541875
"beta.species[5,10]",0.249074513941445,0.201726903157291,-0.142790324488397,0.114200259275454,0.247130279776068,0.382987551298328,0.6511256233567,1.00045295444011,6940,1,0.890925
"beta.species[6,10]",0.104108534944139,0.211081023303177,-0.299016516155543,-0.040558806143498,0.100057343905327,0.242715329172973,0.531692327014455,1.00117654326782,2142,1,0.68525
"beta.species[1,11]",-4.74651905885021,0.430122681743458,-5.63479343057566,-5.02650537245228,-4.73278417639234,-4.45071171005549,-3.94115740617553,1.00073672175585,4543,0,1
"beta.species[2,11]",-0.0701593237610288,0.266716599740395,-0.587934740821234,-0.250158939028424,-0.0717515578858925,0.108954009475467,0.452782727993667,1.00011972265856,20372,1,0.606975
"beta.species[3,11]",0.202228435802725,0.248048241071823,-0.272132457951214,0.0341477588559048,0.199014686956945,0.367403295691617,0.698171032478829,1.00060186811933,4267,1,0.792525
"beta.species[4,11]",-0.596907341000118,0.254045210911585,-1.10255649080369,-0.76645401930681,-0.59494529206023,-0.425458317210964,-0.107049647464411,1.00028302243251,11056,0,0.991175
"beta.species[5,11]",0.17418292149824,0.206092839994162,-0.229011473863392,0.0356305657770049,0.173781363603311,0.312172400755889,0.576421559395016,1.00036220547178,6898,1,0.80185
"beta.species[6,11]",-0.160628577251987,0.20380684912913,-0.540771414909145,-0.301838467908218,-0.166910314616879,-0.0273672518748784,0.25558677340458,1.00006718281833,27318,1,0.7877
"beta.species[1,12]",-4.34293828214698,0.74286056053612,-5.78145579223505,-4.82628805977842,-4.35264830621212,-3.87996600668573,-2.85839478309065,1.01249950249367,631,0,1
"beta.species[2,12]",-0.586968481536526,0.385154666008518,-1.37393547660953,-0.83581827761542,-0.577181719594062,-0.327252560385221,0.1345590050628,1.00141262731488,3151,1,0.94185
"beta.species[3,12]",0.274803259680127,0.301480326461232,-0.313870352908127,0.0738389169790936,0.272717535121389,0.473959836476874,0.873788004863919,1.00121998342179,2227,1,0.822875
"beta.species[4,12]",-0.454604897308454,0.323887248235989,-1.10732247095204,-0.667523406914297,-0.44905245863204,-0.234206711636863,0.172015313002851,1.00299561471612,861,1,0.92345
"beta.species[5,12]",0.385433652057108,0.296038217913364,-0.157022542369188,0.182651147309586,0.371614215808681,0.571839662582722,1.01465489456704,1.00341226390309,769,1,0.9129
"beta.species[6,12]",-0.392738802632272,0.267091833241786,-0.924752081922459,-0.569267590431933,-0.389139367386955,-0.215412711896775,0.129401644493861,1.00084196705935,3710,1,0.93235
"beta.species[1,13]",-4.21977413671909,0.916269484335583,-6.01019090901483,-4.82918874043478,-4.23296454046818,-3.62342642127505,-2.3759090992692,1.00362809769201,1087,0,1
"beta.species[2,13]",-0.919593195098173,0.444036992392963,-1.84672218502175,-1.20066469530139,-0.893469485605319,-0.613285305662366,-0.119565763391144,1.00539409820444,763,0,0.98835
"beta.species[3,13]",-0.0265988567865423,0.303402284665517,-0.623309685381091,-0.228038661462574,-0.0249859652837975,0.175717294674363,0.566836709632292,1.00055323123658,4617,1,0.533425
"beta.species[4,13]",-0.159223856753496,0.330303670905502,-0.813825940225133,-0.378974449303672,-0.158704524058933,0.0596801806174099,0.49612583680356,1.00182757446038,1884,1,0.6887
"beta.species[5,13]",-0.121467721266958,0.315759119354321,-0.753584787846919,-0.330383352716943,-0.117913426494335,0.087701787537689,0.492868255759742,1.00324662005515,833,1,0.648175
"beta.species[6,13]",0.070581157716828,0.313045538201076,-0.538817858692544,-0.136083691042314,0.0690880478109396,0.275119955398624,0.694088083672592,1.0037052674803,739,1,0.586775
"beta.species[1,14]",-5.18692658173647,0.495594103306871,-6.20118648120148,-5.51030364768406,-5.16845239658604,-4.84138932587688,-4.27213591692784,1.00174713660265,1824,0,1
"beta.species[2,14]",-0.856822122159319,0.306844405303757,-1.48274115093086,-1.05763270299322,-0.848767127198985,-0.646152501563319,-0.276472559985348,1.00029617220812,17619,0,0.998525
"beta.species[3,14]",0.15816427890434,0.259104063044478,-0.351120169063349,-0.0149574879049819,0.156024456868905,0.332532197937757,0.664054307545815,1.00041508441649,7086,1,0.73145
"beta.species[4,14]",0.113108937228662,0.243671077018006,-0.36224284901077,-0.0490955088259112,0.112771954561711,0.275988986864688,0.595964748620378,1.00110916231747,2423,1,0.67915
"beta.species[5,14]",0.00649194240851995,0.228061519928113,-0.441286192748764,-0.146498072039217,0.00628735586512894,0.160186357515937,0.449974514368493,1.00031086909279,7886,1,0.510875
"beta.species[6,14]",-0.210717247125424,0.226113134524337,-0.64233427848289,-0.365220760555457,-0.214550772356869,-0.061482348235133,0.244734782227644,1.00034303217663,11559,1,0.82515
"beta.species[1,15]",-4.9052901121205,0.545900686854888,-6.02478974304977,-5.25848209471833,-4.88590465852264,-4.53169004574586,-3.88565157560555,1.00250744232383,999,0,1
"beta.species[2,15]",-1.18074454546662,0.356648321501701,-1.92296742171393,-1.41240812033258,-1.16818092135551,-0.934723705288038,-0.521606852820844,1.00133822817255,1828,0,0.999925
"beta.species[3,15]",0.263712377869035,0.273915089765812,-0.268176135856715,0.0793693849626099,0.261605723245267,0.446830633845551,0.811113655754562,1.00072538371354,3269,1,0.834325
"beta.species[4,15]",-0.295875422926773,0.272631173364469,-0.838658885772479,-0.477583391830245,-0.293335629033048,-0.11280520185124,0.233748977824038,1.00033090651125,9395,1,0.862825
"beta.species[5,15]",0.0435901740568643,0.236651262255555,-0.41685297480254,-0.11759498062303,0.0431594825665334,0.202230376062812,0.512025762331221,1.0003284508796,7751,1,0.57335
"beta.species[6,15]",-0.354395865870557,0.246321018533012,-0.835021066146219,-0.520967168265258,-0.354891988568306,-0.188708626820658,0.12792796266535,1.00008469780448,20202,1,0.923525
"beta.species[1,16]",-5.48712709338371,0.944781805571117,-7.40153732674108,-6.10212677353269,-5.47177017449451,-4.85480602999059,-3.65922821379733,1.01353142917826,201,0,1
"beta.species[2,16]",-0.926856912804121,0.483701260327438,-1.91239971448654,-1.24250862061176,-0.913572249672591,-0.595903273396305,-0.0144128105941831,1.00187081753127,1810,0,0.976825
"beta.species[3,16]",0.0252080826499365,0.318092037243123,-0.605237117972299,-0.186927135337714,0.0253963338825023,0.23767196925658,0.649281422160574,1.0002207243046,10327,1,0.532225
"beta.species[4,16]",-0.0493523947769111,0.326272288506598,-0.693610996722234,-0.266224885446852,-0.0489696462221941,0.169501489153406,0.589007773843451,1.00028579653274,10568,1,0.561125
"beta.species[5,16]",-0.0136017017056119,0.311775631500582,-0.625595931044969,-0.220710850331767,-0.014376452160421,0.193552282829032,0.597873124211845,1.00103424744648,2414,1,0.51885
"beta.species[6,16]",-0.172013778476177,0.29236560235192,-0.744303701573299,-0.37062714323438,-0.172741032408637,0.0229927759758186,0.410324338591326,1.00014799347622,23568,1,0.723625
"beta.species[1,17]",-3.32680382923825,0.558997994315071,-4.55626995133963,-3.65616962694957,-3.28664412579984,-2.94459317238091,-2.35817936402413,1.00093765414204,4993,0,1
"beta.species[2,17]",0.0278325628451617,0.199058166773054,-0.363689337455288,-0.104565647697325,0.0276858458883032,0.162518229865369,0.417213258270934,0.999983789048061,40000,1,0.556575
"beta.species[3,17]",0.27931564761186,0.212273673452236,-0.136888079875923,0.135645428885604,0.278514722260439,0.420849316690518,0.700234045209769,1.00003201542273,37429,1,0.9067
"beta.species[4,17]",-0.383576532768963,0.20948297727984,-0.792008733843704,-0.525735435284917,-0.383949431594099,-0.242065967222179,0.0297210472217121,1.00028745315699,7919,1,0.965925
"beta.species[5,17]",0.666381706585957,0.210420794573261,0.271805521321334,0.52043107184941,0.661285596206057,0.803345003530154,1.09881707072654,1.00128749580542,1920,0,0.999675
"beta.species[6,17]",-0.211393151870306,0.193388848945838,-0.588000514064252,-0.339902463000688,-0.212532244482166,-0.0819380874730312,0.171911082491527,1.00009430644338,21427,1,0.863625
"beta.species[1,18]",-4.7450041125091,0.902588507454093,-6.48654452642815,-5.36765054118265,-4.74816474278852,-4.14504319919964,-2.94850184211303,1.00461443769356,794,0,1
"beta.species[2,18]",-0.163922826478339,0.481368535489835,-1.13876824271958,-0.475252129353409,-0.157073821373152,0.156402264318542,0.769150959928885,1.00109641020292,3158,1,0.63255
"beta.species[3,18]",0.18842950933996,0.312978477429264,-0.42302218754253,-0.0205496376856733,0.186250893477872,0.396300158291325,0.813116452828155,1.00080146920829,3535,1,0.72735
"beta.species[4,18]",-0.302420195736076,0.334049518339334,-0.965310304495385,-0.524222292545085,-0.300067322396339,-0.0781196185650074,0.347316929482754,1.00077255231022,3387,1,0.818425
"beta.species[5,18]",0.241034365357711,0.310063630869432,-0.355031967622738,0.0349104375659009,0.236318926162725,0.441813546417752,0.866849391502381,1.00111428150139,2775,1,0.786125
"beta.species[6,18]",-0.0397580966732464,0.300776065503816,-0.625151804035977,-0.242707143610363,-0.0405152853090628,0.158931642561705,0.559539458551851,1.00146440955824,1695,1,0.55605
"beta.species[1,19]",-5.34812768361445,0.63914021546158,-6.71963212994848,-5.75373549341397,-5.30978771738285,-4.90239254812635,-4.20122098695804,1.00084012354352,3230,0,1
"beta.species[2,19]",-0.470045497572314,0.308717964759964,-1.08799650567471,-0.67461487910609,-0.467276240112526,-0.259847254153373,0.126123581920369,1.00021263128031,13584,1,0.93895
"beta.species[3,19]",0.376762737297012,0.2863237565897,-0.176244034181656,0.183884057787374,0.373425694133809,0.565585946610951,0.952338627260928,1.00021937958475,9680,1,0.90815
"beta.species[4,19]",-0.439909995735917,0.294626775175519,-1.03726019465604,-0.635882320102467,-0.435264035126466,-0.241070155161412,0.125688741314988,1.00046681578579,5643,1,0.93455
"beta.species[5,19]",-0.0140938417983239,0.224607044154323,-0.452909549845334,-0.164495992550485,-0.0154844809808053,0.136830959777035,0.428111582564339,1.00024371454948,10075,1,0.52735
"beta.species[6,19]",-0.459794375805738,0.222789129641142,-0.889648865196556,-0.608597852818236,-0.460692819519805,-0.31299053608804,-0.0157398079865233,1.0005833239171,4161,0,0.9786
"beta.species[1,20]",-5.35486066910078,0.960708002329267,-7.26616875635573,-5.99567937798576,-5.35236243917188,-4.71772398259201,-3.45916943370059,1.0163523938986,169,0,1
"beta.species[2,20]",-1.0070625762363,0.518177477698881,-2.05885485579184,-1.35191188654179,-0.991953223644421,-0.650915746418225,-0.0304620283635663,1.00118181287104,3458,0,0.978
"beta.species[3,20]",-0.0628233160094126,0.338743980839751,-0.726900746075506,-0.287790109958249,-0.0657724721199705,0.160774546129521,0.606772654410288,1.00104082992344,2632,1,0.5781
"beta.species[4,20]",-0.579725225231468,0.353074196380813,-1.28438075209671,-0.810647583110084,-0.577412088944916,-0.345394535035208,0.108792427099224,1.00074633422865,4076,1,0.95065
"beta.species[5,20]",0.270521265459199,0.334695058017253,-0.364822065850007,0.0435521318147071,0.262853740592633,0.487232809960314,0.942794583195532,1.00041836140075,7588,1,0.7916
"beta.species[6,20]",-0.391186179008018,0.310400545992833,-1.00492118676751,-0.598422313666571,-0.390279541961797,-0.18137088567562,0.211293266696079,1.00016095973348,40000,1,0.89695
"beta.species[1,21]",-5.82764137593115,0.778036784177789,-7.45982127539294,-6.31590923887033,-5.79231677215613,-5.29697710381445,-4.39414227996501,1.00479059458693,643,0,1
"beta.species[2,21]",0.0971359132016086,0.403856904351228,-0.688452237163767,-0.175175171316693,0.0974648675560406,0.367053724161644,0.898377068633096,1.00061946682323,4121,1,0.597425
"beta.species[3,21]",0.221240498470477,0.294403920826042,-0.354689473348829,0.022944562329647,0.220918973461705,0.417768614850172,0.803370101267618,1.00028752310185,8187,1,0.773825
"beta.species[4,21]",-0.531555551787197,0.323926475313436,-1.1789105439839,-0.746849660136177,-0.525288104129722,-0.312833152198714,0.0946827364849812,1.00103789323401,2611,1,0.952075
"beta.species[5,21]",0.376939584232295,0.280683764834556,-0.171961885383285,0.189202958659131,0.377392847023437,0.564840857504206,0.923029122548563,1.00047177952053,5454,1,0.9109
"beta.species[6,21]",0.0570747899497223,0.278397988790928,-0.478384006948605,-0.129912048459954,0.0531332021056558,0.240619826411819,0.616721074386533,1.00067361978375,3791,1,0.577275
"beta.species[1,22]",-4.83385337144587,0.767339717294631,-6.41542544118367,-5.33027279324017,-4.80350455335249,-4.30623904822449,-3.39283979281228,1.00592314879691,451,0,1
"beta.species[2,22]",-0.38030145308795,0.346780516720809,-1.07598587266229,-0.609992991484593,-0.376529820346836,-0.143396439377849,0.285284889582289,1.00034685507432,6568,1,0.8661
"beta.species[3,22]",0.181269948189162,0.280201103608423,-0.363289651249376,-0.00639826601522185,0.178421215356005,0.367837988089844,0.735588846144358,1.00028748276193,7721,1,0.743125
"beta.species[4,22]",-0.436526524215301,0.30548535744355,-1.04693484234015,-0.637854637487492,-0.431901371065852,-0.228620619388418,0.150077228934033,1.0011779987758,2100,1,0.926475
"beta.species[5,22]",0.486787419918367,0.251049026032816,0.0127123326788511,0.314619273179674,0.480143489345997,0.651106143950102,0.996367678503548,1.00158557827567,1910,0,0.97815
"beta.species[6,22]",-0.0433250553590632,0.270193870245444,-0.569868111023336,-0.226721053943705,-0.0455768111617337,0.137369743503453,0.491403057899215,1.00398927173873,660,1,0.566925
"beta.species[1,23]",-3.88844120287497,0.925663990925196,-5.59348097968367,-4.51388888493411,-3.93021560884578,-3.32178620279267,-1.88415955317451,1.01196623354013,237,0,1
"beta.species[2,23]",-0.19877939200425,0.440505300491101,-1.03279611479888,-0.492200450252257,-0.207422248159121,0.0787180063483967,0.704169860613247,1.00901059651914,379,1,0.68975
"beta.species[3,23]",0.19256515909826,0.309359670650802,-0.409817075139324,-0.0122997635120612,0.189579247219655,0.398133998518021,0.808783706191296,1.00020652091128,21557,1,0.7356
"beta.species[4,23]",-0.310040472322324,0.32955528353243,-0.969567682886306,-0.524894954960658,-0.30691359036988,-0.0908701493680892,0.332852934936205,1.00132762421011,2206,1,0.831775
"beta.species[5,23]",0.240070268156157,0.310963787358826,-0.346520740436794,0.0308997123237288,0.228980904281071,0.439153548467269,0.884916953094418,1.00345515591489,749,1,0.783025
"beta.species[6,23]",-0.122590203373794,0.296838367074229,-0.714477681391057,-0.319549602664379,-0.122112290824084,0.0751171364624668,0.455565063460851,1.00035650245983,11172,1,0.66405
"beta.species[1,24]",-2.83063270017013,0.407286231474659,-3.66530860407486,-3.09598079237071,-2.81609595593982,-2.55016871610198,-2.06994475057053,1.00067700415953,4416,0,1
"beta.species[2,24]",-1.0896680850843,0.219111367667154,-1.54015931748176,-1.23087808424473,-1.08343534893761,-0.940899325193645,-0.678688455093499,1.00055547420826,4396,0,1
"beta.species[3,24]",0.042265642362607,0.213937213220132,-0.37432656287325,-0.102341120988862,0.0403239651921578,0.185307597543633,0.464786651432351,1.00033375018664,8804,1,0.574675
"beta.species[4,24]",-0.450083087162795,0.207716963271077,-0.86731818866984,-0.589069910823565,-0.447395445058052,-0.308082043498621,-0.0498959916845685,1.00007326920605,29832,0,0.9868
"beta.species[5,24]",-0.439426235079553,0.200290025342181,-0.8439639143095,-0.57058167481179,-0.435776501726587,-0.303709807017581,-0.0565816944487253,1.00076152593434,3220,0,0.988
"beta.species[6,24]",0.279048230881726,0.20826887669022,-0.11191688067065,0.135642734447791,0.273227392879495,0.414615729366597,0.709474949778823,1.00042841047583,5546,1,0.915125
"beta.species[1,25]",-4.16215039581444,0.446749791344478,-5.075389517459,-4.45782111319396,-4.14850973220562,-3.85659729321281,-3.31380913866124,1.00002084714259,35961,0,1
"beta.species[2,25]",-1.59351677780394,0.273373612368961,-2.15080659809763,-1.77122858618177,-1.58471610435308,-1.4061631978778,-1.08146423736761,1.00015763723677,18230,0,1
"beta.species[3,25]",0.122736073118124,0.237154528728517,-0.335334862563962,-0.0374487471322887,0.121719187472997,0.280789817093947,0.59212632165813,1.00126165788667,1925,1,0.69755
"beta.species[4,25]",-0.271774816758843,0.223741210377415,-0.711764697717334,-0.421595557192755,-0.270836811139318,-0.119616162479883,0.163731207595867,1.0017273492027,1452,1,0.8886
"beta.species[5,25]",-0.560833708776448,0.233846314852021,-1.01814629169111,-0.719239677097389,-0.559534789564134,-0.403666855300942,-0.10329269985166,1.00023612663422,8945,0,0.992325
"beta.species[6,25]",0.140282014881933,0.229264717766722,-0.29539370202377,-0.0187348033559925,0.136127752291444,0.292033485716526,0.606459908186402,1.00019018617323,12280,1,0.72385
"beta.species[1,26]",-4.32972926844469,0.478741842800794,-5.33243456468793,-4.63334158717568,-4.30821978675626,-4.00031684114861,-3.45456155670995,1.00055521147184,6726,0,1
"beta.species[2,26]",-1.48848061834294,0.267644777559807,-2.03029951348355,-1.66540860382998,-1.48388074242593,-1.30779662908698,-0.981064367096795,1.00012510468904,17994,0,1
"beta.species[3,26]",-0.132974841448678,0.229263379533022,-0.590451045858873,-0.285755264331913,-0.131537552760848,0.0226841782127974,0.307527916100581,1.0005111979308,4628,1,0.717375
"beta.species[4,26]",-0.290038418085791,0.220917447859958,-0.721108800656405,-0.439068753476467,-0.290161202639496,-0.141883661331464,0.143497579653841,1.00015694356156,20725,1,0.90635
"beta.species[5,26]",-0.488860758265588,0.232660852063559,-0.956526569098839,-0.644044522033948,-0.487039887844817,-0.331174254363399,-0.0423331012007747,1.0011527979062,2156,0,0.98415
"beta.species[6,26]",0.238848806770627,0.235961509829294,-0.212679881452979,0.0786713184888854,0.234732303310144,0.39479915864853,0.715027993497655,1.00020524078149,11033,1,0.845
"beta.species[1,27]",-3.86079155058372,0.765191179931984,-5.29297634176472,-4.36044008416999,-3.89049918812701,-3.39195695625211,-2.24861566901364,1.01019096514272,290,0,0.99995
"beta.species[2,27]",-0.17258330455502,0.340564922431,-0.85311542903425,-0.394255812379559,-0.170719280798433,0.0532356787717958,0.488525788638192,1.00176202089315,2099,1,0.696625
"beta.species[3,27]",0.254284904759189,0.286579934941108,-0.310599340927762,0.0628368071359581,0.253457785377569,0.445445854791207,0.821226946382835,1.00030757223316,10467,1,0.815525
"beta.species[4,27]",-0.481586328167642,0.316833912658992,-1.12105155865183,-0.687745153075742,-0.474270481521965,-0.26905539340939,0.132090390428232,1.00122206986626,2768,1,0.940875
"beta.species[5,27]",-0.0755971236308147,0.272982450433363,-0.61938466768327,-0.252538045125983,-0.0735372026609638,0.103538879462726,0.459821102272983,1.00059502582609,4804,1,0.610775
"beta.species[6,27]",-0.184580679226722,0.278882321693337,-0.758790967137143,-0.362262880162961,-0.180289059895315,0.000372682815466117,0.351308434509902,1.00231453205524,1723,1,0.74935
"beta.species[1,28]",-4.05465641388183,0.725379138482934,-5.60498751274612,-4.50856777426504,-4.02646565475058,-3.56218187968745,-2.72072525238549,1.00381341866768,692,0,1
"beta.species[2,28]",-0.616454181776292,0.279355295269578,-1.18683424897122,-0.798008121815378,-0.608531361645816,-0.425447414854963,-0.0858396391062097,1.00093591859793,2747,0,0.9897
"beta.species[3,28]",-0.0253107091569464,0.251485529460436,-0.514133934931323,-0.19539186968055,-0.0257671684541702,0.143951978554082,0.466889898635674,1.00013601202892,14673,1,0.541075
"beta.species[4,28]",-0.392208195789944,0.264903961552797,-0.913661104407035,-0.569911794358997,-0.390884773243234,-0.215188400018955,0.129309766440178,1.00058805803542,4835,1,0.9316
"beta.species[5,28]",-0.0384551249797173,0.245526178834784,-0.510360223589974,-0.203630554579162,-0.042424396775715,0.118978378977917,0.4583912542862,1.00076514172687,6283,1,0.56815
"beta.species[6,28]",-0.313497096262376,0.2491416374312,-0.820096187616196,-0.47472947059402,-0.309383502828006,-0.146705169471311,0.16212106065864,1.00150920488891,1896,1,0.899575
"beta.species[1,29]",-5.56126108665335,0.544959655572509,-6.69030277399131,-5.91527566016923,-5.5326179984163,-5.18043120298665,-4.56784300343078,1.00187385094778,1816,0,1
"beta.species[2,29]",-0.2966576643105,0.400003610557078,-1.09230418255974,-0.55962350233659,-0.29691745036096,-0.0280286699230853,0.482485421643447,1.00152139316506,1645,1,0.771675
"beta.species[3,29]",0.133381689658604,0.270215527204094,-0.395930286516463,-0.0482186476407206,0.130182566784845,0.313256215337427,0.667516037196329,1.00022992918937,15229,1,0.68845
"beta.species[4,29]",-0.435310540098044,0.296982696643035,-1.03743577691034,-0.62928052655818,-0.431541078016173,-0.235833183858346,0.135415037572215,1.00072116708705,3468,1,0.930825
"beta.species[5,29]",0.521297358964747,0.24508694835235,0.0406567794974742,0.354974736277256,0.519358437126506,0.685188837494075,1.00448790832233,1.00080624072054,3004,0,0.983375
"beta.species[6,29]",-0.0368351565874496,0.25406620173409,-0.517972826215006,-0.213287957248033,-0.0422980666061991,0.131668316274968,0.471544602791006,1.0007403502817,4142,1,0.566375
"beta.species[1,30]",-5.15177213180279,0.910274070541888,-7.02334125758147,-5.74491691236734,-5.1274023099975,-4.53106490510499,-3.43865971215925,1.00687141077732,456,0,1
"beta.species[2,30]",-0.440343737770558,0.472365518559674,-1.38791611865157,-0.751350840083939,-0.432570073092966,-0.123189984297506,0.477815950112817,1.00220295892649,1678,1,0.8274
"beta.species[3,30]",0.175886442592708,0.321567042484079,-0.451087723808599,-0.0392682262476575,0.174887210004234,0.38941181799305,0.812400304404851,1.00110386654409,2295,1,0.708475
"beta.species[4,30]",-0.480728264989883,0.342826763900722,-1.16896907044221,-0.70597905466823,-0.475002586281584,-0.248236034484025,0.174651412767528,1.00121088583019,2331,1,0.922675
"beta.species[5,30]",0.543439468831911,0.326217539219014,-0.0821938640525939,0.323238507506544,0.534166552507307,0.755012317270941,1.20698489221692,1.00399068796265,701,1,0.95625
"beta.species[6,30]",-0.0754348485196161,0.312423260248493,-0.689445330578871,-0.28407650518031,-0.0739140249280189,0.136358287287437,0.531183898523522,1.00067274083037,4229,1,0.593975
"beta.species[1,31]",-2.8546246018865,0.348669637058709,-3.56207733505773,-3.08295534754833,-2.8468868367885,-2.61882514751973,-2.19388041447274,1.00013871546665,20773,0,1
"beta.species[2,31]",-0.516758771580248,0.159511413992291,-0.828509940299889,-0.624553416732132,-0.51625558896327,-0.408721691132571,-0.204728392863366,1.00006004104369,25567,0,0.999375
"beta.species[3,31]",-0.0539293932292397,0.176495436578188,-0.39718463880216,-0.172347391975755,-0.0549040229209191,0.0654076740284409,0.29439642870003,1.00001105861731,40000,1,0.6207
"beta.species[4,31]",-0.357054411092326,0.159640324778414,-0.671718637715688,-0.465068348110757,-0.355801642937107,-0.250200435430467,-0.0443433869405574,1.00002567932919,40000,0,0.9872
"beta.species[5,31]",-0.51258868555227,0.167408747870248,-0.846117001200632,-0.623869841341917,-0.510526751044299,-0.399121612116153,-0.187883744408327,1.00012753376409,17810,0,0.999225
"beta.species[6,31]",0.246262379594316,0.168910217740955,-0.0738049919309814,0.130958802087273,0.242085693980366,0.358126851430395,0.585303733892165,1.00000119244997,40000,1,0.93135
"beta.species[1,32]",-4.97463791428919,0.835988409618792,-6.60756725555221,-5.53171709725041,-4.97637241759527,-4.42821175763368,-3.3103160419651,1.00392637502537,726,0,1
"beta.species[2,32]",-0.184692655342553,0.41909293563516,-1.02935030139671,-0.455073066519655,-0.18042951747795,0.0906159124501509,0.637906509678088,1.00217384031763,1163,1,0.67255
"beta.species[3,32]",0.218152411486184,0.305709071924963,-0.371257274304226,0.0131449041874358,0.214214544058721,0.419980778548432,0.825496799216368,1.0027612131258,952,1,0.76315
"beta.species[4,32]",-0.554950537970515,0.323551746847136,-1.210937446346,-0.766712594506519,-0.549489545598666,-0.334858515730101,0.0641647421856224,1.00083872976626,4381,1,0.959775
"beta.species[5,32]",0.536811897149769,0.302373821021215,-0.0221443266750227,0.327992371539428,0.526717459381924,0.733088233026767,1.16196333465403,1.00750189885099,369,1,0.969125
"beta.species[6,32]",-0.122587050614481,0.295543120547925,-0.700572511952715,-0.320051269514392,-0.123021682753386,0.0742493430901085,0.460243973552748,1.00280526718024,988,1,0.662275
"beta.species[1,33]",-4.11462023009568,0.381596863163596,-4.88471944006668,-4.36531664939367,-4.10496599575762,-3.85365884122422,-3.39049075900007,1.00149741886563,1723,0,1
"beta.species[2,33]",0.0965062898416969,0.274547132991798,-0.443683027779706,-0.0875736345939608,0.0951639327394419,0.281139558813623,0.634172517535402,1.00053979476948,4437,1,0.6377
"beta.species[3,33]",0.238528905998834,0.237506857041432,-0.223606876317199,0.0792039351061152,0.236952085972876,0.397482628626742,0.710799097285596,1.00007274935286,25743,1,0.844425
"beta.species[4,33]",-0.525456038985977,0.258845919249795,-1.03674542991571,-0.699856206439065,-0.524500813246756,-0.349917457467397,-0.0224281911247722,1.000387243118,5810,0,0.9796
"beta.species[5,33]",0.461465541649745,0.203094554087408,0.0614677375243136,0.324601376486697,0.461006392317561,0.597888466575934,0.857103783769125,1.00036622705007,6242,0,0.988075
"beta.species[6,33]",0.130209385500596,0.231193780756809,-0.307382831307883,-0.029084739364401,0.125369976833562,0.283591413658049,0.598439883532315,1.0001942846174,11146,1,0.707775
"beta.species[1,34]",-4.52677729740129,0.601944364546049,-5.73211810858413,-4.91825439766061,-4.52427961676706,-4.13134871940166,-3.34183773146039,1.00244977698713,1143,0,1
"beta.species[2,34]",-0.876979179518596,0.350576394381527,-1.60729540692106,-1.1032109980627,-0.863094328704787,-0.635636240626076,-0.230338321721138,1.00140339133805,3177,0,0.996525
"beta.species[3,34]",-0.0550842101876838,0.273960924655916,-0.589954237534027,-0.237929691346885,-0.056364485123276,0.127044145183827,0.487854174937603,1.00070752854923,3377,1,0.5813
"beta.species[4,34]",-0.355770227585183,0.277871590857986,-0.912299664916183,-0.539850287437553,-0.352170869554764,-0.1652416049388,0.174395475974245,1.0008077025679,5207,1,0.903325
"beta.species[5,34]",-0.224257342473452,0.260340871460061,-0.746326707097329,-0.396970286548849,-0.221499547949176,-0.0480874731705548,0.276024912818734,1.00170605653405,1682,1,0.804875
"beta.species[6,34]",-0.100770145068511,0.259922360912853,-0.60163315956264,-0.275332931696305,-0.103496486340153,0.0705488038315704,0.417950786533372,1.00044389029333,31285,1,0.65735
"beta.species[1,35]",-4.57136190396918,0.981871905247468,-6.47717939471704,-5.23842192749705,-4.58017155942714,-3.91770542675677,-2.64103901140971,1.0155746559394,186,0,0.999825
"beta.species[2,35]",-0.254964591822442,0.47827957310696,-1.19656074174133,-0.575858343573712,-0.249164793165174,0.0642715090899547,0.671004897801708,1.00316898668474,902,1,0.703825
"beta.species[3,35]",0.0696832079922665,0.314090013751136,-0.553096867493101,-0.139853999880636,0.0732502507985517,0.281542735412444,0.679189154388971,1.00038903514314,7411,1,0.591225
"beta.species[4,35]",0.0232575498364461,0.328592012779255,-0.611147249506595,-0.199860664013137,0.0223320994650644,0.240874979109106,0.674434674427164,1.00070655072374,4249,1,0.5265
"beta.species[5,35]",0.0308831446470714,0.313681605250229,-0.592874974081393,-0.176270786774416,0.0337794440040668,0.238904856930621,0.647020057648363,1.0003639511741,14601,1,0.542975
"beta.species[6,35]",-0.139897434113659,0.314601317974407,-0.772865651149885,-0.345785163564941,-0.135140821447011,0.0684449841242517,0.470018523014239,1.00145876606558,2498,1,0.67335
"beta.species[1,36]",-2.31147398300603,0.377767363145543,-3.08717007771652,-2.55846685686564,-2.30079636719376,-2.0523432320676,-1.59770899426161,1.00059932956764,3936,0,1
"beta.species[2,36]",0.140938805451131,0.150840435262841,-0.149691385450062,0.0385361794802197,0.138923623797591,0.241190864723533,0.441284449537473,1.00040887206183,6594,1,0.82615
"beta.species[3,36]",0.157420411676868,0.170436547099553,-0.183283961006389,0.0443941615583553,0.159206183362683,0.272300807594302,0.487889273295278,1.00023778975508,10459,1,0.8252
"beta.species[4,36]",0.0868084494251867,0.154324550855132,-0.216390151326722,-0.0175708206536526,0.0879591792718024,0.190811950001232,0.387980321982185,1.00016155625829,14888,1,0.7119
"beta.species[5,36]",0.0226136459202808,0.140603311367389,-0.252099953454255,-0.0722657928832548,0.0233270856755576,0.116615678033734,0.298974461250538,1.00000841518401,40000,1,0.564925
"beta.species[6,36]",0.402070348732281,0.150445822538362,0.11429836946807,0.300044509354469,0.399025317626613,0.500848646743212,0.7059062243519,1.00045077193584,5979,0,0.99685
"beta.species[1,37]",-3.63018233219851,0.693078844015281,-5.0118715498786,-4.07483306861517,-3.63411258069763,-3.18372217832667,-2.25142103392683,1.00288494749878,1054,0,1
"beta.species[2,37]",-0.661967728717411,0.306772625751708,-1.2937359202398,-0.859985781145582,-0.650183245864332,-0.453219955230665,-0.0885544403105708,1.00050723383754,16263,0,0.9883
"beta.species[3,37]",0.533019345095169,0.278007256577773,0.00595442737127732,0.343739851327647,0.525545511908563,0.716200786049681,1.09715268466163,1.00119833104524,2027,0,0.9763
"beta.species[4,37]",-0.332763016034712,0.287993148067478,-0.90258927123355,-0.522763825563689,-0.331027701116282,-0.141552411714311,0.232762392737734,1.00072480473339,6743,1,0.87965
"beta.species[5,37]",-0.107995110018384,0.266544508531093,-0.633730992180283,-0.282644280775735,-0.107961902268086,0.0666678462509862,0.419008148747013,1.00103626688943,3755,1,0.6621
"beta.species[6,37]",0.0641210441800014,0.271138153178546,-0.472042589754942,-0.11366213543907,0.0633163995892198,0.242163092535825,0.603488807390995,1.0017891400635,1583,1,0.5936
"beta.species[1,38]",-5.20159027455467,0.634218799226948,-6.49794564710135,-5.62107020445109,-5.1798270431457,-4.77004653815553,-3.99284236397886,1.00060748194537,6848,0,1
"beta.species[2,38]",-0.107353822880022,0.370966036595686,-0.837882684239665,-0.353396629980749,-0.108787612680001,0.140302346926707,0.624923369255298,1.00047772437777,5588,1,0.615725
"beta.species[3,38]",0.0854477318450771,0.290616710449061,-0.486322265426613,-0.111277650250772,0.0883324793040621,0.282958036447376,0.655242829753993,1.00118199934831,2167,1,0.61615
"beta.species[4,38]",-0.301226635041721,0.310444018305228,-0.908446393868472,-0.509985434178578,-0.30036827981485,-0.0910358826868421,0.304445935676233,1.0002073469092,10769,1,0.835925
"beta.species[5,38]",0.310777589134685,0.259971205020197,-0.201045497909677,0.138558274514994,0.310630000114194,0.482235083217905,0.824318853354611,1.00055037201024,5688,1,0.88655
"beta.species[6,38]",-0.042529088318411,0.261161661523437,-0.541199104209303,-0.221785001187687,-0.0458080201641456,0.131985159944759,0.484289565781281,1.00044325503874,8005,1,0.571675
"beta.species[1,39]",-4.2789858037961,0.700195868611069,-5.81699839526071,-4.69976403993776,-4.22539860172173,-3.8049917462859,-3.03988550010927,1.00601643217623,546,0,1
"beta.species[2,39]",0.162375989282827,0.282454818138163,-0.388564449161896,-0.0275300671620626,0.161739918080478,0.347356073930066,0.72464171167637,1.00037265681782,9554,1,0.7168
"beta.species[3,39]",0.236730349386072,0.269932935209422,-0.283338633685278,0.0553176965986768,0.23215948305654,0.415630653468007,0.781405025051111,1.00090103051632,6548,1,0.81105
"beta.species[4,39]",-0.437853536098541,0.290655193321053,-1.02836069441893,-0.627832189171806,-0.431251144974594,-0.239405086169799,0.112281942218373,1.00077441108759,4121,1,0.939
"beta.species[5,39]",0.075851430334383,0.233164027305836,-0.387321585109445,-0.0786428915219768,0.0770241815675576,0.229472993087178,0.534019852556483,1.00012170273206,16267,1,0.6316
"beta.species[6,39]",-0.0533479857793391,0.232888741080314,-0.505525272220444,-0.206667950503728,-0.0567703142058815,0.0969176756176525,0.417511660372521,1.00158954813977,2294,1,0.6004
"beta.species[1,40]",-5.61605728376944,0.560674982854263,-6.79536742415937,-5.97593222942479,-5.58936502991486,-5.22480750875053,-4.59251515498667,1.00222305905262,1213,0,1
"beta.species[2,40]",-0.787646677684882,0.391729008297388,-1.57918372242767,-1.04560302652085,-0.776474384483096,-0.522104445454562,-0.0464706220089976,1.00167076533573,1492,0,0.98165
"beta.species[3,40]",0.199188826867438,0.281969837708018,-0.349471511097516,0.00760794542168127,0.197075429663894,0.387949794140637,0.758196913376854,1.0002629334242,10164,1,0.758125
"beta.species[4,40]",-0.554152958251342,0.298134429903022,-1.15197896536367,-0.750647066878311,-0.549149986186326,-0.352125356727831,0.0207082159058392,1.00004159618475,40000,1,0.970725
"beta.species[5,40]",0.213966414600662,0.245568101505309,-0.269948671707762,0.0488784134640573,0.214831095115482,0.378104347571813,0.694694805477972,1.00073965827915,3416,1,0.810425
"beta.species[6,40]",-0.197100223446302,0.244616280650419,-0.665860141531543,-0.363887453143758,-0.201449710962421,-0.0338769259547914,0.294972168315752,1.00025994307856,9253,1,0.791975
"beta.species[1,41]",-2.75368981665396,0.759447478832213,-4.12688652984681,-3.28044858737439,-2.79522709885958,-2.27775329388769,-1.13523784061599,1.02753345828232,104,0,0.999025
"beta.species[2,41]",-0.743621805142358,0.339437080894022,-1.45068196531176,-0.959679051640421,-0.729485216214513,-0.510873618929302,-0.116211941893579,1.00348403275124,1188,0,0.99085
"beta.species[3,41]",0.173433731884845,0.294788556205563,-0.411886272686587,-0.0211373596152878,0.176646526029652,0.369662315844116,0.747383946563133,1.00287046906292,1016,1,0.7268
"beta.species[4,41]",-0.423774458808335,0.309854746634515,-1.02996719227182,-0.631511071917452,-0.424210797004757,-0.218560776885825,0.188398804022319,1.00143293791129,2051,1,0.915025
"beta.species[5,41]",0.017988719112612,0.293070648922637,-0.54414489397006,-0.176150508805957,0.0102725868811668,0.204906330957115,0.620989572867195,1.00504267487327,698,1,0.5141
"beta.species[6,41]",-0.0484492253166811,0.276227752196142,-0.598347808397577,-0.231840978914354,-0.0490361789253663,0.135269374119573,0.497289503271181,1.00059301361657,5152,1,0.570825
"beta.species[1,42]",-3.51282957909549,0.497539943807258,-4.55900826495776,-3.82772519071312,-3.49046613883178,-3.17654603516512,-2.59310258870903,1.001127968949,3172,0,1
"beta.species[2,42]",-0.389032842886543,0.20866072549971,-0.80061542213594,-0.527108061530055,-0.386286377303456,-0.249472142038432,0.0189045866628154,1.00027045803565,11266,1,0.97025
"beta.species[3,42]",0.312914260520148,0.235004055845369,-0.150688577251873,0.154915079201792,0.315315043093821,0.471266807467709,0.770623668708833,1.00001019039166,40000,1,0.9086
"beta.species[4,42]",0.0275440531929083,0.225303543044219,-0.418879905046633,-0.1244093132863,0.0293117924895581,0.180216496903861,0.464578558833979,1.00029728928679,10460,1,0.55145
"beta.species[5,42]",-0.0465687575248073,0.189431237708512,-0.415694186976064,-0.172631868504895,-0.0466376729980106,0.0810055712776159,0.322370459852913,1.00018428700789,14435,1,0.59705
"beta.species[6,42]",0.282413111885358,0.20338672196551,-0.098444385241005,0.142747255000272,0.274438516500297,0.413595854566792,0.705858388958447,1.00020129763817,14962,1,0.925225
"beta.species[1,43]",-2.92099194406625,0.325788894702878,-3.57819965010733,-3.13639300510127,-2.91471055409896,-2.70102929236465,-2.29478289256828,1.00042351879997,5302,0,1
"beta.species[2,43]",-0.77532679373596,0.177820452495327,-1.12895988780176,-0.894772275416186,-0.773983602589005,-0.655556824472157,-0.430090253925504,1.00016097220627,12397,0,1
"beta.species[3,43]",-0.186521009108625,0.196459344901001,-0.570656312310864,-0.319938654781594,-0.185732006244824,-0.0544491228899708,0.196570498260103,1.00008719556079,19166,1,0.828075
"beta.species[4,43]",0.0769629448691217,0.187980996950306,-0.287874198454482,-0.0497336057144712,0.0749045001184159,0.202291793667063,0.452495488936186,1.00007355642478,40000,1,0.657175
"beta.species[5,43]",-0.237863755799763,0.162957441919962,-0.560019687545567,-0.346738598149008,-0.236554538451516,-0.127024662380184,0.0805069495126015,1.00005028633325,32292,1,0.928675
"beta.species[6,43]",-0.133358823870122,0.162410041887177,-0.439708653925002,-0.245320857140351,-0.137485124998362,-0.0263483649926082,0.194461834394303,1.00025349002934,8597,1,0.79665
"beta.species[1,44]",-4.15424302239173,0.380889317662619,-4.92660076802632,-4.4043913246012,-4.14521592697436,-3.89483825789385,-3.42049003857274,0.999991143304465,40000,0,1
"beta.species[2,44]",-0.558375741092916,0.232154397721152,-1.01918967469747,-0.713939140356301,-0.556358767676118,-0.402520619588155,-0.107348224250638,1.00004827784487,34983,0,0.99205
"beta.species[3,44]",0.457123425497926,0.234769114475869,0.00532548405759614,0.297840987002198,0.453867611917343,0.611921251192409,0.92982664924024,1.00090545081827,2871,0,0.976425
"beta.species[4,44]",-0.284518436894212,0.224069768874767,-0.728799377500975,-0.433510207858465,-0.283835208674303,-0.133434277777941,0.154703460707377,1.00021072325896,9597,1,0.89885
"beta.species[5,44]",0.0207199259785567,0.179293749128687,-0.330029600244908,-0.100160365167701,0.0204937727449373,0.140962777704656,0.374742759265619,1.00021976219674,9750,1,0.545625
"beta.species[6,44]",-0.44203189220838,0.179163030343344,-0.780795665544132,-0.565431135871213,-0.446661454743165,-0.322869675817231,-0.0815469143053538,1.00022448644066,10945,0,0.99155
"beta.species[1,45]",-4.06589314527138,0.380678318909176,-4.83536648143622,-4.31380704897638,-4.05501085151842,-3.80921497958601,-3.34925217301562,1.00050585434241,6261,0,1
"beta.species[2,45]",-0.192169588080202,0.222898421626252,-0.633297540292317,-0.341251198830478,-0.191278268936546,-0.0406104809609924,0.24155289136695,1.00027315672333,9370,1,0.806
"beta.species[3,45]",0.058662663936806,0.22284325417028,-0.374811279947135,-0.0923163194848972,0.057789009804776,0.207554586990067,0.496302374023338,1.00023539454007,32176,1,0.60435
"beta.species[4,45]",-0.625403299530301,0.236342935249245,-1.09827618323947,-0.782125229340852,-0.622204078936464,-0.465620503481048,-0.169400497151314,1.00001673968921,40000,0,0.996675
"beta.species[5,45]",0.250785946044743,0.181151550441213,-0.105113996637694,0.129822989949388,0.250806370608543,0.372723592687871,0.606968582177874,1.00003984353504,36614,1,0.915925
"beta.species[6,45]",-0.0871492931351815,0.193595378355877,-0.453545521810978,-0.219542673737211,-0.0913688094220227,0.0412662326627687,0.304970802516598,1.0004689179915,4932,1,0.679275
"beta.species[1,46]",-4.07825867355528,1.12195206277125,-6.10053004855182,-4.81747268075536,-4.15179792447827,-3.41911049857599,-1.58022886167075,1.00755573710967,354,0,0.9981
"beta.species[2,46]",-0.718438122903919,0.52003415071373,-1.78831674258,-1.05653952197575,-0.701551577301589,-0.367772115926933,0.268424368499279,1.00610684439631,664,1,0.923575
"beta.species[3,46]",0.163411839092128,0.321999760399618,-0.471490767862631,-0.0501873165434059,0.161782928835,0.375157593832705,0.799241532846369,1.00467713866524,564,1,0.698225
"beta.species[4,46]",-0.313021284041277,0.341366287028636,-0.988390062236757,-0.542764896801033,-0.309607436912661,-0.0810538774635737,0.34833421361906,1.00447276543397,581,1,0.8224
"beta.species[5,46]",-0.0846370407903082,0.330184026683797,-0.733363606293277,-0.302737924009662,-0.088846946646016,0.133640818174526,0.572543038689058,1.00301938624894,880,1,0.605625
"beta.species[6,46]",-0.0373572539791002,0.318207418422916,-0.667840624829045,-0.248311670332662,-0.0374593710548376,0.175216711607192,0.587410375304206,1.00083585976489,3570,1,0.546925
"beta.species[1,47]",-3.71719746934011,0.349142638721336,-4.42831708106066,-3.94730933112482,-3.71110462632691,-3.47875506644928,-3.04783539691735,1.00029437206851,7677,0,1
"beta.species[2,47]",0.859250201475729,0.258516796338318,0.371691815382475,0.683815500379075,0.851669264756906,1.03034432741891,1.38807726367159,1.00045723548769,5815,0,0.999775
"beta.species[3,47]",0.389972408258645,0.23412801523422,-0.0651077419258848,0.231332427247321,0.388274800025665,0.545508835051538,0.856729783376091,1.00004708955981,40000,1,0.95445
"beta.species[4,47]",-0.217629944724331,0.242369074607877,-0.704015133619615,-0.379515903565182,-0.215294059843424,-0.052785825443424,0.249625472214761,1.00017810712798,11454,1,0.815625
"beta.species[5,47]",0.0431340986470738,0.195367291030489,-0.349789142532028,-0.0867182711742258,0.0459879797774712,0.175515725957133,0.418593149308325,1.00087271100273,2746,1,0.5939
"beta.species[6,47]",-0.0290667815613332,0.18223787329378,-0.377666242130383,-0.153660573229938,-0.0341191365313109,0.0907889187055354,0.338596633767756,1.00018712630516,11353,1,0.574725
"beta.species[1,48]",-2.20644245709391,0.30813923784842,-2.82752206201201,-2.41296450601674,-2.2011761343117,-1.99607720709232,-1.61824088510933,1.00000221988452,40000,0,1
"beta.species[2,48]",0.934728959913275,0.15894068734717,0.626584688217275,0.828339584901548,0.933445480974919,1.04082686971601,1.24887994010905,1.00008428745199,27866,0,1
"beta.species[3,48]",0.335927687372032,0.166945523373526,0.0111401040032689,0.223660484583466,0.334019583624221,0.446965680097882,0.665815869775061,0.999995024136672,40000,0,0.9787
"beta.species[4,48]",0.00817044800737357,0.153165805535999,-0.296260802096701,-0.0933374778889102,0.00951849721670465,0.112142799484674,0.30281767546383,1.00002101668909,40000,1,0.5251
"beta.species[5,48]",0.471496234117331,0.121892646368551,0.229267664448538,0.389122590343639,0.472024824695634,0.553847992198953,0.708797691073586,0.999993684662608,40000,0,0.9999
"beta.species[6,48]",0.278101866526908,0.123905786584967,0.0365550320119762,0.195064831503785,0.276496087026259,0.360211572260254,0.524312305222046,1.00007527714966,33305,0,0.987875
"beta.species[1,49]",-5.30908708826227,0.909532469169001,-7.074764832134,-5.92299550350499,-5.32245952302922,-4.70206004804078,-3.5039368649582,1.00251538968533,1241,0,1
"beta.species[2,49]",0.200940435631213,0.477255786215404,-0.715595327720126,-0.122512928854054,0.194189876214623,0.513595906924119,1.16085221999735,1.00235540667687,1261,1,0.66225
"beta.species[3,49]",0.103975660175223,0.333420460980392,-0.547715812601755,-0.121300227822239,0.102809798658796,0.329126091818443,0.759978793181489,1.00065302411716,3591,1,0.6209
"beta.species[4,49]",-0.41304232665932,0.342371070938509,-1.09455744694303,-0.638061059775123,-0.414785380734608,-0.183269061507654,0.255605639633684,1.00170476991497,1537,1,0.887125
"beta.species[5,49]",0.237580670706168,0.314431783241598,-0.392557463810352,0.0308579387543466,0.241199390669339,0.44825502655275,0.842460278842621,1.00050954934095,9122,1,0.779825
"beta.species[6,49]",0.0464569040751712,0.309778261935525,-0.555095994277155,-0.160898414088698,0.0440453265344494,0.252767643076056,0.657026408456119,1.00155268776746,1742,1,0.55815
"beta.species[1,50]",-2.50960341789713,0.333805769356726,-3.18386530238496,-2.72710046420706,-2.50292317653793,-2.28158783755611,-1.87766001778916,0.999988148677826,40000,0,1
"beta.species[2,50]",-0.45454862293005,0.158187233584727,-0.767512333613055,-0.560956764925959,-0.453354616531883,-0.347728735873536,-0.146410264645138,1.00005685490686,25073,0,0.9982
"beta.species[3,50]",-0.055432727024026,0.17352283675347,-0.398078326431162,-0.170453305280221,-0.0552238962100544,0.0611149394375405,0.282896868593027,1.00017104311083,11733,1,0.6243
"beta.species[4,50]",-0.369226881279242,0.158319969782564,-0.68121515109251,-0.47503474445604,-0.369073106870845,-0.262567611123362,-0.0585557929473419,1.00014773524249,20476,0,0.989725
"beta.species[5,50]",-0.133017178956042,0.148080085680177,-0.425555111259802,-0.231798173177235,-0.133201668318427,-0.0326477532129599,0.156866410744837,1.00004814856006,30027,1,0.815575
"beta.species[6,50]",0.181669442912703,0.158458930166358,-0.118908155051807,0.0725921240322088,0.178218122589804,0.286852027714535,0.501035310469224,1.00016061333525,14026,1,0.876675
"beta.species[1,51]",-3.68747711688784,0.362935377239404,-4.42552043005047,-3.92276883622224,-3.67745531083722,-3.44067508306747,-2.99940923239925,1.00036915562656,6525,0,1
"beta.species[2,51]",-0.190646393807334,0.193104567075925,-0.56956554143288,-0.320674282684674,-0.189527690276717,-0.0611880637408688,0.187959436926824,1.0000122706342,40000,1,0.839125
"beta.species[3,51]",0.0661578703804677,0.196538597815104,-0.319627106558028,-0.0661358884127304,0.067338375630869,0.198558737300777,0.449004191502647,1.00000478669678,40000,1,0.634325
"beta.species[4,51]",-0.420696198219555,0.190502525857467,-0.798872276900641,-0.548408112759461,-0.418282741775826,-0.29164561695478,-0.052865002848629,1.00011264882567,31293,0,0.987525
"beta.species[5,51]",0.260585778583167,0.153518508173917,-0.038256698719225,0.157667687564243,0.259730372087717,0.36432686319689,0.562833555123215,1.00003911106953,39982,1,0.956225
"beta.species[6,51]",-0.302762072448689,0.173525617417187,-0.646084576432797,-0.418595107550658,-0.30336846985685,-0.185460602828186,0.035991766308119,1.00050410299356,5092,1,0.959725
"beta.species[1,52]",-4.61626193411026,0.821584500655827,-6.16997998475825,-5.16841054944813,-4.63174963074183,-4.08817737825391,-2.92130882995456,1.02552995886496,109,0,1
"beta.species[2,52]",-0.773745103958076,0.45998451244786,-1.74225163491132,-1.05526552240833,-0.747237036684993,-0.457507601721235,0.0449012299033758,1.00422492751843,806,1,0.9674
"beta.species[3,52]",-0.378904029497208,0.310312941742249,-1.00356417176605,-0.585482312988283,-0.373512755658116,-0.167856575498842,0.211000164401936,1.00049177280293,4715,1,0.890075
"beta.species[4,52]",-0.147377100149664,0.319412483326306,-0.778002592814617,-0.360286409193256,-0.147336909625161,0.0644690142853867,0.482723101705879,1.00078293026357,3751,1,0.681725
"beta.species[5,52]",0.0147639727959053,0.30609428389394,-0.58592817826101,-0.189864156739491,0.0130296637440564,0.217831992273254,0.623161291814835,1.00230352011636,1420,1,0.517375
"beta.species[6,52]",-0.0273108635590066,0.296158391935438,-0.607366209252449,-0.223824087038226,-0.0282591748378284,0.16828498689771,0.557914385519191,1.00099695597465,2895,1,0.5401
"beta.species[1,53]",-2.88098024024002,0.511489611927888,-3.88193345846829,-3.21651597685036,-2.88104480009797,-2.54779965068798,-1.87098565583353,1.00068740830956,13424,0,1
"beta.species[2,53]",-0.673301280403836,0.265535210500287,-1.218861871135,-0.845549137788587,-0.664937644538647,-0.49204817791407,-0.170936880334957,1.00038545678044,8150,0,0.9963
"beta.species[3,53]",-0.295217266867736,0.260972358373791,-0.828249324784953,-0.464796109352914,-0.288085443949622,-0.118594239849083,0.196378956338915,1.00170089865328,1530,1,0.876675
"beta.species[4,53]",-0.36923556066872,0.244503961835108,-0.849835951097014,-0.528241950087143,-0.367593524171167,-0.2072128493458,0.111555574046878,1.00007534235126,23039,1,0.9376
"beta.species[5,53]",-0.124008438203356,0.231896881626138,-0.588680449697733,-0.278338172009924,-0.121898754494061,0.032890516820544,0.325441093520132,1.00090398547409,2702,1,0.7016
"beta.species[6,53]",0.304869941330408,0.244829217673546,-0.162700725843432,0.139210222852182,0.29978196692544,0.463782639728481,0.804975429182539,1.00017901696283,18234,1,0.896925
"beta.species[1,54]",-2.35050928552547,0.342242241727201,-3.04896098855045,-2.57547702769979,-2.34068860498498,-2.11518937081893,-1.70591336109394,1.00021541965439,11019,0,1
"beta.species[2,54]",0.0179275423194988,0.141330463174541,-0.260388025755838,-0.0762835152712829,0.0177284521519163,0.112890148086704,0.295617295657904,1.00023485709459,11063,1,0.550675
"beta.species[3,54]",0.237327619324597,0.167763903052084,-0.0883682708318887,0.123840024416213,0.235974489944906,0.349521276562871,0.569357188917694,1.00044346414591,6964,1,0.9222
"beta.species[4,54]",-0.0418744507940922,0.150356848632366,-0.342719300118419,-0.141350668987569,-0.0402306420057031,0.0594670198969074,0.248758623269332,1.00016054991691,14075,1,0.60755
"beta.species[5,54]",1.38699214106968e-05,0.130878613801573,-0.257360249762319,-0.0869985784648268,0.000164660758560142,0.0886460984371837,0.254928967579813,1.00000303139205,40000,1,0.50065
"beta.species[6,54]",0.191819260296389,0.133254822001289,-0.0640028869927184,0.100737905050643,0.190335004339135,0.280066595536888,0.460136436921362,1.00004082891122,40000,1,0.9285
"beta.species[1,55]",-4.3209250402875,0.444979721117943,-5.23433629146166,-4.61099112691555,-4.30722743443788,-4.01427772758497,-3.48334157722877,1.00007036572802,21233,0,1
"beta.species[2,55]",-0.0982417534105537,0.272104407938861,-0.635762276621139,-0.279779156830307,-0.0957450610091978,0.0833047773546292,0.436134472628937,1.00011992124354,24768,1,0.639875
"beta.species[3,55]",0.131517970118954,0.251558642424599,-0.34903264638744,-0.0400282403503182,0.128975924385979,0.299167585396965,0.62986715293637,1.00030781434807,7795,1,0.695825
"beta.species[4,55]",-0.472912090218719,0.268955755618594,-1.01019126185734,-0.65209350158912,-0.470606671668103,-0.290712837664159,0.0433315941125652,1.00020269913463,10671,1,0.962125
"beta.species[5,55]",0.420682886717277,0.194074802565927,0.0456683650630019,0.29124364615386,0.418936847643974,0.549087180388128,0.806302209250213,1.00046136702629,6761,0,0.986125
"beta.species[6,55]",-0.167406908443866,0.210957427610149,-0.567846777689475,-0.312180661209251,-0.17182765144292,-0.0269205551701587,0.262120855353147,1.00006618792388,40000,1,0.786825
"beta.species[1,56]",-3.91469212500539,0.846852382625631,-5.58674353528617,-4.46297204081279,-3.92625052290623,-3.37591875310371,-2.19602299616995,1.00344046734129,871,0,0.99995
"beta.species[2,56]",-0.846994611721565,0.433789851072173,-1.78405054955638,-1.11493253688215,-0.818974175104587,-0.547529733077397,-0.0674963077743626,1.00313355159109,1027,0,0.98405
"beta.species[3,56]",0.0732171312400988,0.293615395173027,-0.508161746438204,-0.123979475340519,0.0731236742206815,0.273738765510533,0.648134247973491,1.00123576719867,2229,1,0.6024
"beta.species[4,56]",-0.292809035953164,0.309227604761184,-0.908321742674906,-0.497761094132494,-0.289815076309906,-0.0836755120981076,0.306887298548622,1.00170203961672,1624,1,0.8283
"beta.species[5,56]",-0.349245672427086,0.308803679253774,-0.96719021956019,-0.552011301479677,-0.343494931633605,-0.13943097267864,0.246739689741971,1.00273001422926,959,1,0.875575
"beta.species[6,56]",0.147726625891346,0.293613828635163,-0.411359162277083,-0.0512555632579397,0.141138611910278,0.34003744009063,0.741151886699177,1.00198463583131,1268,1,0.6886
"beta.species[1,57]",-4.71256768352885,0.559419815683948,-5.82877430014274,-5.08370560524851,-4.71225194207665,-4.33477862397151,-3.62075840214205,1.00020370203334,40000,0,1
"beta.species[2,57]",-0.434831841515378,0.333104797069436,-1.09490699685517,-0.656547692043028,-0.431892412721019,-0.212783665948959,0.220584210754839,1.00074187495543,3657,1,0.90575
"beta.species[3,57]",0.373465945038505,0.280597253832492,-0.170545817083074,0.183629461420018,0.370261918749377,0.559586399865029,0.937106830144328,1.00038633851202,7355,1,0.910675
"beta.species[4,57]",-0.58227760225865,0.301174742640472,-1.18686829546601,-0.778916985936802,-0.577582086382136,-0.379350063413908,-0.00412250298403899,1.00061543228289,4287,0,0.975975
"beta.species[5,57]",0.211378817681298,0.240699145387768,-0.247875312521867,0.0510755183581088,0.207292063705019,0.366971764414564,0.698422499446692,1.00091030025302,5240,1,0.8138
"beta.species[6,57]",-0.308238042236498,0.233692611988256,-0.767443583717397,-0.466407099725274,-0.307817731103525,-0.150891312219082,0.146668407307147,1.00014991717988,23610,1,0.90695
"beta.species[1,58]",-4.2407410272131,0.686370811561615,-5.62480605902536,-4.67777163009961,-4.23898287635123,-3.78872243109512,-2.90538526126877,1.0002661562498,11587,0,1
"beta.species[2,58]",-1.06513056313741,0.361246770900316,-1.82550982319663,-1.29358575524098,-1.04770237140273,-0.815324894335435,-0.410652327841583,1.00184105724676,2274,0,0.999575
"beta.species[3,58]",-0.362129752498119,0.282101408468799,-0.929511374306203,-0.547982431009182,-0.357789802282857,-0.170083044362187,0.17648975291167,1.00198348136359,1251,1,0.902275
"beta.species[4,58]",-0.194857070818827,0.295783888617691,-0.776087635081453,-0.391462763816174,-0.194905208931971,0.00178136006928967,0.38811969438114,1.00043873572639,6904,1,0.748375
"beta.species[5,58]",0.174998977136148,0.28294146201041,-0.353065295506208,-0.0189250538295918,0.16507719623716,0.358839302550855,0.75956701757722,1.00063953542013,7822,1,0.72765
"beta.species[6,58]",-0.276306169497794,0.263065086782336,-0.789397052424388,-0.452764702406927,-0.276829948332467,-0.101778465609164,0.245140501721328,1.00011128987931,16435,1,0.85355
"beta.species[1,59]",-4.88294288148847,0.903417408339527,-6.57271126017052,-5.48870407719642,-4.92057351007374,-4.3120515595269,-3.01256244396494,1.03004379474661,94,0,1
"beta.species[2,59]",-0.317353038783043,0.431874051794076,-1.17970343764732,-0.603853358187283,-0.31256339309267,-0.0277852455237529,0.523535385497067,1.00322346072517,914,1,0.7704
"beta.species[3,59]",0.279358197233047,0.315399317338358,-0.330874628476615,0.0674751577726299,0.277488044852295,0.488796617892024,0.90817720852695,1.00054788566399,4612,1,0.813725
"beta.species[4,59]",-0.286168285800157,0.335482042600219,-0.952010085176271,-0.506662007330116,-0.283115635023799,-0.0641326016175341,0.364535310005601,1.00166911373108,1637,1,0.8058
"beta.species[5,59]",0.355370764365136,0.306674084778987,-0.224823529810852,0.148511053943289,0.347427952915948,0.550805684976665,0.989483349527995,1.00389250446892,742,1,0.88095
"beta.species[6,59]",-0.257055269791307,0.290864160308068,-0.836569652169182,-0.448162149329226,-0.253841696085001,-0.0619138559250407,0.305800444536135,1.00036871742346,8030,1,0.81315
"beta.species[1,60]",-1.7280769972572,0.399206507080227,-2.55030244731654,-1.9894017172431,-1.71763992855165,-1.45529441091654,-0.969979293836842,1.00050965706572,4976,0,1
"beta.species[2,60]",1.15047111552536,0.202178590106162,0.762562648829331,1.01337891549481,1.14681721673593,1.28603767765095,1.55539875226259,1.00007908982955,27311,0,1
"beta.species[3,60]",0.397310208729608,0.204442239124299,-0.00424473469668035,0.260274815102715,0.397314311918974,0.533628563543934,0.799413479394962,1.00000344249117,40000,1,0.973675
"beta.species[4,60]",-0.256287885079612,0.196969363986524,-0.650479355843456,-0.38547422662454,-0.253992723998047,-0.121456371829861,0.117924797120152,1.00036685539814,7066,1,0.906375
"beta.species[5,60]",1.2434558199098,0.266908370254087,0.755786425541728,1.05604396551621,1.23051409776555,1.42080411726454,1.79200808840427,1.00272874628146,979,0,1
"beta.species[6,60]",-0.192836529410807,0.204049549423554,-0.613197967277835,-0.327431846915164,-0.183955088468843,-0.0488800182159815,0.181931535482119,1.00128933052713,1903,1,0.825
"beta.species[1,61]",-3.71144605792828,0.564340597473871,-4.8087319244573,-4.09007178820142,-3.71416326704527,-3.33946670606284,-2.59226027589008,1.00092457852168,3053,0,1
"beta.species[2,61]",-0.87197956047758,0.306654826654779,-1.50831620098669,-1.07071239818668,-0.861130414716402,-0.661421838274185,-0.303016660693146,1.00127691909236,1958,0,0.999075
"beta.species[3,61]",0.257667030018243,0.268830098127141,-0.263604322692494,0.0763259497306403,0.253999969317783,0.436446813035093,0.796778103412864,1.00050141340352,4728,1,0.83305
"beta.species[4,61]",-0.586995252120346,0.284389393364194,-1.16184953575173,-0.774077498517934,-0.579569290931341,-0.396057771852545,-0.0420131253755309,1.00023037466072,11736,0,0.982975
"beta.species[5,61]",-0.151109277270574,0.252729917639658,-0.637283040075036,-0.319461493682259,-0.153493587741635,0.0133929244372908,0.356320251531253,1.00090917571443,4820,1,0.732625
"beta.species[6,61]",-0.224162495911662,0.252636535939036,-0.724399537060046,-0.391092466097489,-0.223363578158841,-0.0545323931260262,0.26509866272447,1.00053780506485,5059,1,0.8131
"beta.species[1,62]",-4.3725672902261,0.859761867200474,-6.03682653583427,-4.92557526943933,-4.39511104625037,-3.83670267911886,-2.58341265987171,1.01109414384509,309,0,1
"beta.species[2,62]",-0.540877377526733,0.41192627771368,-1.38798281155044,-0.79886254340758,-0.526308053510225,-0.268152996794093,0.226428581162699,1.00533724110618,5856,1,0.918125
"beta.species[3,62]",-0.0151117061838279,0.297200216519309,-0.595333622568659,-0.213988864505453,-0.0172082006078917,0.181858352492425,0.576184946199201,1.00165731845203,1576,1,0.5234
"beta.species[4,62]",-0.394479729628661,0.313125126499068,-1.01532263012079,-0.604031856565509,-0.392554416879307,-0.185839570048511,0.215787083158006,1.00074778484547,3201,1,0.896025
"beta.species[5,62]",0.0799023737920573,0.298936175389895,-0.497037060289646,-0.118070459470414,0.0753707759772339,0.271695154169761,0.679947616735211,1.00434947446024,1165,1,0.604875
"beta.species[6,62]",0.0650248346966164,0.298586832231342,-0.517411386788621,-0.132810065585404,0.0622869541590714,0.259081316581118,0.667560530407536,1.00075945622513,7778,1,0.586125
"beta.species[1,63]",-5.39686605765265,0.955083060995214,-7.27692922636812,-6.03435536421527,-5.39448406790414,-4.75398529666095,-3.53619162286124,1.00504203773926,636,0,1
"beta.species[2,63]",-0.442828895608302,0.481780295294359,-1.41410770470653,-0.757437216768382,-0.437578180295573,-0.121775323948783,0.484891289896606,1.0008329496947,3321,1,0.82355
"beta.species[3,63]",0.166280458797918,0.314842785048382,-0.448600594030365,-0.0447466955748582,0.164507761540583,0.375791028750787,0.793504864591999,1.00005317033136,37391,1,0.703925
"beta.species[4,63]",-0.338215284554001,0.331896597803312,-0.998279326432318,-0.556692037070442,-0.335194682085948,-0.115089703080097,0.297889454263724,1.00131221740705,2688,1,0.846775
"beta.species[5,63]",-0.0274053985073477,0.312564431202946,-0.657460521721564,-0.234856800429919,-0.0220134179554891,0.184015458868832,0.571295405834104,1.00037872789515,7273,1,0.52785
"beta.species[6,63]",-0.0159785503953205,0.298716168300029,-0.590281719530892,-0.218910384223792,-0.0201725511886229,0.17996845546016,0.583561201887316,1.00080676316375,4226,1,0.52745
"beta.species[1,64]",-4.52189378283507,1.02365512727966,-6.42727603299547,-5.20126957879459,-4.56356854490619,-3.87930468230149,-2.3866704668962,1.01282637993581,424,0,0.99985
"beta.species[2,64]",-0.240836995382771,0.484887062452135,-1.21725307806646,-0.549613596685973,-0.232979845868624,0.0816137570333218,0.692407210996181,1.00127699840697,1897,1,0.69295
"beta.species[3,64]",0.0527674310829951,0.305865053437796,-0.551878806572091,-0.149167605590449,0.0529045622657568,0.255727513282179,0.653293236797515,1.00000521970451,40000,1,0.5709
"beta.species[4,64]",0.127720621418828,0.322628001607105,-0.496639103129467,-0.0896322281386892,0.124862037579238,0.34255917400681,0.772720593848343,1.00192384512222,1655,1,0.651675
"beta.species[5,64]",0.0265351428606918,0.328544162658984,-0.62805168349919,-0.188847189286395,0.0272367763012519,0.243910164995436,0.673367028378897,1.00098630760584,8397,1,0.534875
"beta.species[6,64]",-0.15967035676588,0.306121338052044,-0.772064347937614,-0.359127659172139,-0.157618759093336,0.0433554130073217,0.435346834745726,1.00122694592544,3618,1,0.699775
"beta.species[1,65]",-0.878503640325391,0.330589247139942,-1.53722152033462,-1.09821036487038,-0.874206223849778,-0.654721344975072,-0.24058069656052,1.00004958048666,28355,0,0.99645
"beta.species[2,65]",0.444170021066619,0.132368299501054,0.185446847443655,0.353993104052518,0.443783718096271,0.533366574619882,0.704415566562225,1.00007571999791,22928,0,0.999425
"beta.species[3,65]",-0.081242378442131,0.152032338514705,-0.380009168231079,-0.182944970670833,-0.0806655763124196,0.0205765597572869,0.21624276870606,1.00013141673182,16444,1,0.704275
"beta.species[4,65]",-0.174551213763001,0.129210045525664,-0.426130924786586,-0.26120201415151,-0.174297211894795,-0.0879677115505283,0.0789430244271589,1.00012181132593,34361,1,0.913225
"beta.species[5,65]",-0.0286042963061938,0.11983382874574,-0.266735885019695,-0.108881320939381,-0.0271902901528602,0.0516571839968908,0.204641380870491,1.00000927966284,40000,1,0.589575
"beta.species[6,65]",-0.136256045402996,0.134917447770921,-0.412929020161067,-0.223913047901509,-0.131733308401693,-0.0439844239572337,0.116230824196419,1.0002669355712,8727,1,0.8456
"beta.species[1,66]",-4.89670563464325,0.586663166504521,-6.11393734016962,-5.27468174252646,-4.87252230723774,-4.49365208116755,-3.81535713650339,1.00107835957204,3500,0,1
"beta.species[2,66]",-0.35504549638091,0.278796521220773,-0.908714173913637,-0.543100446998413,-0.353522209397772,-0.166879538015208,0.185341885616748,1.00004546205245,33368,1,0.90055
"beta.species[3,66]",0.0130217742549645,0.265902406775992,-0.510977727965627,-0.163199279510965,0.0140961603471228,0.18969755668354,0.538004393823699,1.00026725855686,8345,1,0.520225
"beta.species[4,66]",-0.486130218451946,0.279204950592168,-1.04165306319899,-0.673200596362956,-0.48299123329858,-0.295143701235628,0.0517875553215961,1.00033841481625,7597,1,0.962375
"beta.species[5,66]",0.166598701058538,0.211407496308311,-0.248355946468361,0.0257348893804487,0.163968149773663,0.307749370186867,0.58380907968707,1.0007529996394,3345,1,0.786675
"beta.species[6,66]",-0.0471847932930637,0.22552204969205,-0.480475249637914,-0.200541427076015,-0.0512486838946472,0.100190450620128,0.407156889963487,1.00033190904869,7747,1,0.588825
"beta.species[1,67]",-4.87526297309815,0.843856040245014,-6.51368017105993,-5.43448884180659,-4.87581527048318,-4.32306693193261,-3.18075190777492,1.00089877582828,3684,0,1
"beta.species[2,67]",-0.417215192305219,0.430802809274979,-1.28135029327266,-0.699792812029069,-0.414067464732362,-0.124020360445344,0.412085260477756,1.00193689101791,1373,1,0.834875
"beta.species[3,67]",0.14299834941855,0.297205790460362,-0.443452483565762,-0.0546387778550764,0.142802394249363,0.341145715559426,0.731350479780289,1.00027290331226,10190,1,0.686325
"beta.species[4,67]",-0.594117136517334,0.325450630647974,-1.25486788515548,-0.806430077292467,-0.583530250775986,-0.37262740424927,0.0211128859417051,1.00083097057359,3213,1,0.970325
"beta.species[5,67]",-0.0144753786657186,0.299101459361162,-0.602788561648736,-0.214897120997147,-0.0119939048539526,0.184552510278046,0.571545222071986,1.00091707268849,2829,1,0.516425
"beta.species[6,67]",0.060704271087713,0.297232739186766,-0.509083266883413,-0.141720886528506,0.0559793230754686,0.257817619776995,0.652635922962488,1.00065249772125,5599,1,0.5757
"beta.species[1,68]",-1.84216216844127,0.315159214445381,-2.47126856121986,-2.0533711950765,-1.84162956465643,-1.62665908396839,-1.23360456146809,1.00006365725229,25136,0,1
"beta.species[2,68]",1.5507773986223,0.177680175552295,1.20952675360889,1.42949505289076,1.54824966787336,1.66912156478911,1.90924351434762,1.00000187876747,40000,0,1
"beta.species[3,68]",0.252087347891378,0.166470480974449,-0.0774689374984203,0.139239229755384,0.252775151132385,0.364076237412668,0.57720690291669,1.00000701656496,40000,1,0.9352
"beta.species[4,68]",0.104149930730969,0.158131226347799,-0.21123404582595,-0.00184132630181464,0.105706248067953,0.210497342961624,0.411369617904635,1.00015038508685,13620,1,0.746275
"beta.species[5,68]",0.441410809111559,0.131801156384979,0.183510148333998,0.353208087376932,0.441246694545267,0.530514164433991,0.699679591640269,1.0000005276993,40000,0,0.999575
"beta.species[6,68]",0.111666905055955,0.149758464880978,-0.191002963091214,0.0116546306451654,0.113448997916006,0.214892589861819,0.397057947488008,1.00004670017059,31207,1,0.7745
"beta.species[1,69]",-5.43859429940556,0.921000994688339,-7.15759527951026,-6.051931213205,-5.48198782587885,-4.8590652707543,-3.51296906919336,1.00261104840012,6489,0,1
"beta.species[2,69]",-0.668584697985299,0.49523317430074,-1.69536183999245,-0.984388849377385,-0.657507852326199,-0.342919333804185,0.288053295786334,1.00096041388346,2778,1,0.9186
"beta.species[3,69]",0.17615897732282,0.320675038829899,-0.450248932421908,-0.0384001577674651,0.175547206348158,0.389915056454931,0.81156976525539,1.00017178597404,33182,1,0.711475
"beta.species[4,69]",-0.35249612780634,0.338765841022917,-1.0134612269545,-0.57901739043647,-0.351817337721111,-0.129872435893729,0.319138793095966,1.00073054017325,3483,1,0.8543
"beta.species[5,69]",-0.189461506582758,0.315515399363141,-0.823184762013206,-0.39945233699424,-0.18498337631702,0.0253622150367375,0.417277625352942,1.00046948033844,10603,1,0.724075
"beta.species[6,69]",-0.00418105821427037,0.300681361475713,-0.579864137420505,-0.208208356292693,-0.00896055441185329,0.19389651134109,0.596885366599952,1.00045459395806,5847,1,0.511125
"beta.species[1,70]",-3.91469238309434,0.449747004579284,-4.85157074059202,-4.20532476246005,-3.89762072481829,-3.60452445483849,-3.0779855208857,1.00052181612172,4587,0,1
"beta.species[2,70]",1.38386878848134,0.283274744119206,0.855064647133422,1.19129236370911,1.37629256392214,1.5659813156691,1.97674392433685,1.00110637389373,2285,0,1
"beta.species[3,70]",0.600988947969907,0.230718203458819,0.161467016762435,0.444376430431247,0.595175439613461,0.752990061304889,1.07104014142786,1.00063470770356,3873,0,0.99685
"beta.species[4,70]",0.326985471249843,0.245533933403757,-0.148478095060375,0.161216288624599,0.325676615830008,0.49176726247223,0.81128307036696,1.00023779018464,9820,1,0.908675
"beta.species[5,70]",0.157301738522843,0.191410031696445,-0.226596961060275,0.0303058416146741,0.160239530683658,0.287591246824157,0.524011650586649,1.00024132774335,12661,1,0.797175
"beta.species[6,70]",0.0980267105387615,0.1942792350169,-0.287042361837488,-0.03159532401435,0.0974958624070999,0.228822840032258,0.479424474843957,1.00011885419486,16336,1,0.69535
"beta.species[1,71]",-4.30695229429804,0.514974588435946,-5.37948768595385,-4.64021246111197,-4.28377858286304,-3.9487640430896,-3.36040715982337,1.00159902087898,2246,0,1
"beta.species[2,71]",0.344625605711251,0.237722661605114,-0.114301291071238,0.182894841731277,0.340418523233699,0.502902568026567,0.821791876074062,1.00018687906503,13409,1,0.928775
"beta.species[3,71]",0.165388897681244,0.236167595597066,-0.291405313299819,0.00776352000488615,0.164071560872823,0.321629819420376,0.636554458421224,1.00028445926279,11134,1,0.7608
"beta.species[4,71]",-0.606590727911953,0.262397059856087,-1.13423099469925,-0.782448611840282,-0.600821640760395,-0.428090393652492,-0.108464764074347,1.00087200415327,2905,0,0.9923
"beta.species[5,71]",0.520468882494965,0.210384019990737,0.127722199454732,0.376830386949316,0.513444489047506,0.654135767584186,0.958902666411048,1.00250814742289,1091,0,0.995725
"beta.species[6,71]",-0.34500755672504,0.217639593607629,-0.793582565786856,-0.48728449152958,-0.338166172152342,-0.196646046537732,0.0655014007146651,1.00095734929598,3055,1,0.9496
"beta.species[1,72]",-5.15821587137128,0.767354144409989,-6.67520312345456,-5.66577671183387,-5.15821421716276,-4.64657993913388,-3.66347359176738,1.00324769022229,879,0,1
"beta.species[2,72]",-0.804077542338513,0.438049477128108,-1.70204386222763,-1.09052003505999,-0.789010338775477,-0.501710886861466,0.0155011413220195,1.00168995608551,1998,1,0.972675
"beta.species[3,72]",0.166668105556559,0.299333209785526,-0.418409063639586,-0.0332634960026405,0.166888634256744,0.367293531326696,0.753279676059121,1.00083356491793,3256,1,0.7129
"beta.species[4,72]",-0.436760095932522,0.319612911902333,-1.07050503896346,-0.649239896934075,-0.436021857925687,-0.222736376934769,0.189104077484984,1.00144459165417,1784,1,0.91575
"beta.species[5,72]",-0.12072335659482,0.292345223148141,-0.710549474725341,-0.314787293053561,-0.114820942451495,0.0790581571843587,0.43690516156455,1.00034991498954,7923,1,0.653725
"beta.species[6,72]",0.0442981674798138,0.285787813048467,-0.501949055503794,-0.149280625461402,0.0406603195493951,0.232434385827725,0.623859991191642,1.00088214953283,2898,1,0.55595
"beta.species[1,73]",-3.40076377252552,0.705119809234989,-4.82594469528168,-3.85142589180504,-3.39776164520739,-2.93994155073694,-2.02361363153011,1.00252866796398,1298,0,1
"beta.species[2,73]",-0.7867704412659,0.312714565259687,-1.4281543988059,-0.990104016465103,-0.777490320757676,-0.571536618229607,-0.19908598107126,1.00070517935474,6524,0,0.995975
"beta.species[3,73]",-0.00798212250045334,0.272190792932711,-0.539927281132309,-0.191088993196443,-0.00824563824558086,0.173493921602074,0.529208141417804,1.00053574440051,4536,1,0.512925
"beta.species[4,73]",-0.52584495162914,0.282823297797187,-1.09625011676355,-0.709776652433469,-0.521431730859114,-0.335785016567207,0.0213893811804698,1.00066971394777,4552,1,0.969725
"beta.species[5,73]",0.219298350734923,0.266080644546546,-0.268801724123814,0.0376458106831848,0.206139640940571,0.389209902736752,0.775066204848699,1.00111086883911,2357,1,0.79655
"beta.species[6,73]",-0.35612001877722,0.250461542222402,-0.851299545985098,-0.520321539027341,-0.353910464768479,-0.189027909121793,0.133635225621676,1.00091526822431,4118,1,0.925075
"beta.species[1,74]",-3.73972711971074,0.842352965043749,-5.41730706245179,-4.29831397844973,-3.73179138507415,-3.17602320643721,-2.10344759076597,1.00360650012883,828,0,0.999925
"beta.species[2,74]",-0.637676798467283,0.359528018870443,-1.38180754374901,-0.863088280311685,-0.6280109247643,-0.397943968090066,0.0460745288190857,1.00357984246821,922,1,0.967125
"beta.species[3,74]",0.211774526450913,0.283216610187527,-0.336233643565441,0.0199606774773206,0.210347820664133,0.399186430002015,0.77788770786233,1.00190765987222,1301,1,0.772225
"beta.species[4,74]",-0.593223219370652,0.311905205127551,-1.22833673536933,-0.797331672451955,-0.586713407936082,-0.383775093182317,0.0085883699141162,1.00166433075061,1748,1,0.973025
"beta.species[5,74]",-0.0383720518316515,0.285193499073516,-0.592672363817684,-0.230263951699428,-0.0414440678362133,0.147565776083001,0.537546973625094,1.00473532942778,560,1,0.5584
"beta.species[6,74]",-0.0940561069653425,0.278427619230424,-0.641383581829031,-0.281973522977323,-0.0939890594627555,0.0925833049213086,0.458898095678093,1.00218172291828,1148,1,0.63255
"beta.species[1,75]",-4.20479344711295,0.547122127586958,-5.31899203392098,-4.55932791958888,-4.18922297983062,-3.83060687718307,-3.17351661072805,1.00066095513766,5451,0,1
"beta.species[2,75]",-1.38891549343855,0.321214131994218,-2.04976573942509,-1.59865875404686,-1.37831941602429,-1.16983392773741,-0.78667571921804,1.00068822699169,3753,0,1
"beta.species[3,75]",0.215924943475875,0.248559427583728,-0.269178137317322,0.048856619126724,0.213600398450534,0.381761688369623,0.709571543775486,1.00066321474763,3561,1,0.80895
"beta.species[4,75]",0.000838621327915654,0.243713871109994,-0.483647659222942,-0.160378325560997,0.00234349069332692,0.164004140332424,0.475368637843971,1.00006986359295,22784,1,0.5044
"beta.species[5,75]",0.107863749913004,0.231610792888475,-0.334732518807974,-0.0484523175496719,0.103970065857649,0.258081653785667,0.585074976887714,1.00057728286344,4367,1,0.677825
"beta.species[6,75]",-0.312946306525239,0.249629065193418,-0.801280041786077,-0.480533196876603,-0.313176823741264,-0.144510096562644,0.175814912409212,1.00009498616766,24083,1,0.89545
"beta.species[1,76]",-3.02833568013761,0.315833333581336,-3.65474071052032,-3.24163852965495,-3.02650148745244,-2.81346839906192,-2.41626411023029,1.00001676394902,40000,0,1
"beta.species[2,76]",-0.140230989571202,0.168191796007187,-0.472293656413523,-0.25265750378512,-0.140742817714514,-0.0272232256542976,0.189291246077669,1.00005923519233,36587,1,0.798
"beta.species[3,76]",0.158586710667142,0.185296510524658,-0.20221204671787,0.0345044546649106,0.157670242181564,0.282148607071233,0.527184330784231,0.999998662328251,40000,1,0.8057
"beta.species[4,76]",0.0637928995924004,0.171039269765608,-0.271834815553466,-0.0500605730269741,0.0645343628498476,0.178623631585645,0.397685503190184,1.00006892462077,39833,1,0.64965
"beta.species[5,76]",0.0639520701215767,0.149341790015378,-0.234007257440349,-0.0354132717101738,0.0645123618298251,0.164664398481616,0.35519314485152,1.00010712042589,19132,1,0.668625
"beta.species[6,76]",-0.0185006788933922,0.152921625036628,-0.306978704603908,-0.122816040726797,-0.0233003793305888,0.0811617025321793,0.294982558250425,0.999985658582443,40000,1,0.55915
"beta.species[1,77]",-4.93764235373107,0.854266822818846,-6.63762429676938,-5.50128994150141,-4.94487815478228,-4.37018225438977,-3.24734031886526,1.00935762504537,286,0,1
"beta.species[2,77]",-0.749164644769603,0.444625715679383,-1.67778775282154,-1.03203972874621,-0.733583743240601,-0.446839894892298,0.0804480754286159,1.00166098905212,1646,1,0.96135
"beta.species[3,77]",0.111148013751749,0.310603720075578,-0.49952143770357,-0.0948055194345113,0.111938128763062,0.317715104840336,0.72306997184906,1.00102029139821,2710,1,0.643675
"beta.species[4,77]",-0.110204611906935,0.321033177786701,-0.741146493557175,-0.324849349529605,-0.110678563120958,0.102320190993376,0.521761524809152,1.00080158150512,3093,1,0.63675
"beta.species[5,77]",0.100165818521308,0.307183375979703,-0.508631064459418,-0.101615624776124,0.102964646259866,0.306718634955524,0.695855912013767,1.0000595762953,40000,1,0.633875
"beta.species[6,77]",0.172323312477902,0.308206122875175,-0.4274714991001,-0.0331540241000022,0.16992695807137,0.375888524108462,0.788644729777762,1.00268801824142,1161,1,0.7123
"beta.species[1,78]",-5.06818633142609,0.924986696674264,-6.87347056149896,-5.67595139738743,-5.07594550423174,-4.46036195923531,-3.22158359788211,1.01052490327829,246,0,1
"beta.species[2,78]",-0.319757058373764,0.460254199152602,-1.24035926690206,-0.618905045184163,-0.314271351655239,-0.0146862062800139,0.570074644330011,1.00049122631533,5211,1,0.7612
"beta.species[3,78]",0.289188926039929,0.311840381825604,-0.306073701773219,0.0805835752363348,0.284376440117054,0.495038256550309,0.913467246362672,1.00045844677167,6707,1,0.824375
"beta.species[4,78]",-0.285477290907101,0.335796063806844,-0.948583580570789,-0.508519127380269,-0.281782433368616,-0.0576916873798909,0.360892976587118,1.00010196151586,40000,1,0.8022
"beta.species[5,78]",0.171867262156211,0.317475780599721,-0.436244250256949,-0.0432389501423345,0.166707663036462,0.379644997200788,0.817880279092694,1.00153258007874,1612,1,0.7031
"beta.species[6,78]",-0.110437769203771,0.298919871214992,-0.7086165658453,-0.305506020659914,-0.108473171776777,0.0893477014589716,0.471637728271213,1.00137210879378,2042,1,0.6455
"beta.species[1,79]",-3.58535237331664,0.679885742013002,-4.87591700538302,-4.04496799987457,-3.60061654677282,-3.1513474261243,-2.19611491208131,1.00248927134078,1995,0,1
"beta.species[2,79]",-0.807948100248933,0.347523453384443,-1.53493577648333,-1.03047187530288,-0.794957398722703,-0.569758286068663,-0.16536673571804,1.00166070399775,1952,0,0.993575
"beta.species[3,79]",0.170265542561521,0.277221853739932,-0.372390507447268,-0.0154533133678145,0.169360114642633,0.355388243818774,0.717927697572006,1.00112154235082,3487,1,0.731125
"beta.species[4,79]",-0.398761130412668,0.278850994612466,-0.962521514130742,-0.584290873202327,-0.395155925696928,-0.209137498957745,0.13495413000195,1.0009469495664,3201,1,0.926175
"beta.species[5,79]",0.0314105186727374,0.275239626247794,-0.493070093802237,-0.152736484396912,0.0262199442862437,0.208668158543516,0.593370513773562,1.00087198551789,3341,1,0.53835
"beta.species[6,79]",-0.351372154251226,0.266624114598811,-0.886081891129387,-0.525047764197176,-0.349155028321676,-0.172884552809879,0.162642128698893,1.00081916633402,3503,1,0.90945
"beta.species[1,80]",-4.38457891988942,0.63344130721997,-5.66520351819283,-4.79789350948696,-4.37201913755662,-3.96498092507103,-3.15654064159803,1.00171223541745,1677,0,1
"beta.species[2,80]",-0.880104126468956,0.342839263988226,-1.59876505760542,-1.10148497337362,-0.867049775433121,-0.642613009271721,-0.250021018164572,1.00061652129497,4821,0,0.9976
"beta.species[3,80]",-0.0477252948469746,0.261457648853794,-0.561232901863655,-0.221436963178167,-0.046736568345408,0.128840580875951,0.460106097412757,1.00082668255122,2891,1,0.5706
"beta.species[4,80]",-0.294517552575787,0.276958217008025,-0.853444553176315,-0.47682915073827,-0.288594868511388,-0.105857277348739,0.23222732024563,1.00109474334909,3262,1,0.85805
"beta.species[5,80]",-0.177781814989536,0.273111132206463,-0.727132984020815,-0.35885726713672,-0.173341430848112,0.00739475101624457,0.345021723116055,1.00029965288723,8049,1,0.741825
"beta.species[6,80]",0.214461006241041,0.271120077359465,-0.304280614420789,0.0280961795814807,0.208707414696794,0.393829026116873,0.757557980250335,1.0012522511009,1981,1,0.7846
"beta.species[1,81]",-3.84249801217245,0.389102720848889,-4.63396065230216,-4.0964505201238,-3.83022506652597,-3.57825159204198,-3.11247411472648,1.00115135559844,2143,0,1
"beta.species[2,81]",-0.806602901740382,0.222737828236444,-1.25280914726759,-0.952515788249697,-0.805202404212523,-0.657450268218104,-0.374815236836245,1.00034453992154,9498,0,0.999925
"beta.species[3,81]",-0.00307414569402789,0.220735352516981,-0.433245436196598,-0.152572498140845,-0.00351861347993883,0.146132493745247,0.431318453465093,1.00010079090278,17224,1,0.506725
"beta.species[4,81]",0.124002836493304,0.199120607969293,-0.264173474659906,-0.0111860351596303,0.122562586921056,0.25855881584946,0.514918189866168,1.0000707284864,30103,1,0.731225
"beta.species[5,81]",-0.0136464542405906,0.176412341037213,-0.359927257516627,-0.131802030314366,-0.013429596791458,0.10420078464209,0.33519010997744,0.999962088845733,40000,1,0.529775
"beta.species[6,81]",-0.342081370981573,0.177039272161561,-0.678973542792985,-0.464033885689033,-0.344759639185991,-0.224494770915224,0.0137937993427506,1.00004445358152,40000,1,0.970525
"beta.species[1,82]",-3.39591705689299,0.370071254209323,-4.15541347641713,-3.63295376359814,-3.38471118068698,-3.14331140547701,-2.69796671590152,1.00116230011825,2090,0,1
"beta.species[2,82]",0.263763224266512,0.199193520640897,-0.122704953322745,0.130060758316005,0.262875465803725,0.397424520266526,0.661094289168375,1.00093200457234,3070,1,0.9082
"beta.species[3,82]",0.101903493769938,0.204363017501201,-0.296571887603733,-0.0335706216357115,0.101339373603417,0.23899520721547,0.505953669076727,1.00038160849637,6209,1,0.6928
"beta.species[4,82]",-0.373727841317118,0.192504595218547,-0.751047855016762,-0.502668360330338,-0.373589221021001,-0.245866618243107,0.00617661029835846,1.00026165325692,9571,1,0.973225
"beta.species[5,82]",0.608482512438676,0.187008354009392,0.263594648369798,0.479987492962248,0.60074711738716,0.728612060606281,0.999373833033033,1.00024144384288,11490,0,0.999775
"beta.species[6,82]",-0.146607583049877,0.181342763335915,-0.49789429151341,-0.269479306636052,-0.147360228244849,-0.0253671214478076,0.21274483030475,1.00013734699156,16212,1,0.790925
"beta.species[1,83]",-5.08179809365184,0.564183377555871,-6.25856929911302,-5.44186064367198,-5.05402235461661,-4.69624460965334,-4.03441098974518,1.00166179810189,1894,0,1
"beta.species[2,83]",-0.662485721203902,0.340111518226697,-1.34705387182702,-0.885669903638136,-0.656638557787272,-0.430853978487528,-0.0130420157047725,1.0004131152591,6185,0,0.9769
"beta.species[3,83]",0.416734188918854,0.280261331828306,-0.120620498663303,0.225703951126154,0.41263388378143,0.603488235860659,0.980555437262715,1.00023846639487,10545,1,0.933875
"beta.species[4,83]",-0.245314979192914,0.289981278553317,-0.821354987733695,-0.438325586865105,-0.242395841239562,-0.0507289407060649,0.319664342530993,1.00076368992391,3340,1,0.80195
"beta.species[5,83]",0.0636834203943983,0.237354207894532,-0.40160936858499,-0.0950729981189854,0.0636589618580489,0.222709579128028,0.523584592862306,1.00024346712707,8569,1,0.60585
"beta.species[6,83]",-0.320550569470402,0.238252707528321,-0.7811776488251,-0.47935471761414,-0.322933588624306,-0.163131858351842,0.154588444463855,1.00033840990276,22661,1,0.9097
"beta.species[1,84]",-4.54167492417089,0.918948230587391,-6.36245834476972,-5.15921060522531,-4.54212705928414,-3.92488054167418,-2.7353784536715,1.00515251238756,559,0,1
"beta.species[2,84]",-0.679587475133579,0.475032271959421,-1.6508762327263,-0.983825061171189,-0.666058558218105,-0.358875739690898,0.214226664147113,1.0007368727196,32584,1,0.930475
"beta.species[3,84]",0.18168242354815,0.314923892033257,-0.437138870287444,-0.0269332979433891,0.181484719295578,0.39140956635014,0.801079109620567,1.0009409771999,3001,1,0.71935
"beta.species[4,84]",-0.407218192724791,0.334852460568906,-1.07214985082268,-0.6291832408,-0.406282364427014,-0.181364361501417,0.246574733447678,1.00093092477479,4459,1,0.890075
"beta.species[5,84]",0.288510128664182,0.315011332057275,-0.316876055726087,0.0734515689508297,0.284354557608672,0.496610151719664,0.924780948549834,1.00082831642253,8505,1,0.820625
"beta.species[6,84]",-0.0335604303631624,0.312078889208089,-0.644339539354518,-0.242387547606234,-0.0341431949254889,0.173190442274823,0.582150166991046,1.00219131314063,1632,1,0.542675
"beta.species[1,85]",-3.87097983101999,0.739988707590349,-5.3498406513719,-4.35437186459384,-3.86877093176238,-3.38731977719101,-2.41204240027988,1.00234042877683,1121,0,1
"beta.species[2,85]",-0.472927838017661,0.317205668829907,-1.09939499192679,-0.684034983584973,-0.468732587202383,-0.258808620965021,0.145276342055822,1.00094789314799,2792,1,0.934
"beta.species[3,85]",0.422733195775351,0.283272566108909,-0.127362680106592,0.230723167892255,0.420515312797465,0.610313201740747,0.986427542289694,1.00012783963377,18121,1,0.93475
"beta.species[4,85]",-0.215999675738022,0.279832117241951,-0.763950181659346,-0.402791761348563,-0.216049678346615,-0.0309441320716828,0.337653873577701,1.00109381389853,2246,1,0.784775
"beta.species[5,85]",-0.194822682931392,0.258516745450633,-0.713869816066775,-0.366111923216311,-0.190845035982791,-0.0225792907900071,0.30835381903993,1.00026718003362,9058,1,0.77765
"beta.species[6,85]",0.0359109809969634,0.253426969864266,-0.453466219284373,-0.134514284439894,0.0303140303588784,0.202487032900163,0.547064541764998,1.00048003835224,6542,1,0.547775
"beta.species[1,86]",0.0956263597237249,0.378272985201195,-0.630937786304171,-0.160381370379422,0.0868965261978492,0.347431890759989,0.854456665041368,1.00011877532156,15588,1,0.592775
"beta.species[2,86]",0.744188158894631,0.163481699568295,0.434745473959752,0.63384239501932,0.74013912578224,0.85002243118025,1.07747378679563,1.00015692432871,15846,0,1
"beta.species[3,86]",0.0678554558507512,0.165031810694721,-0.256813964135359,-0.0431663575745395,0.0678885833042417,0.178475559071997,0.393614091989373,1.00034330561594,8488,1,0.659625
"beta.species[4,86]",-0.247668256666242,0.138693155436122,-0.526643743774991,-0.340411193165808,-0.245077354325812,-0.153617758266754,0.019277753160832,1.00047728010124,5967,1,0.9655
"beta.species[5,86]",0.108499964169413,0.143526748700362,-0.171981269331005,0.0119312223619671,0.108595992802564,0.203726609071458,0.393844079031213,1.0001308199377,19345,1,0.775175
"beta.species[6,86]",-0.130710495345707,0.150567882700719,-0.434302142264015,-0.230379800940425,-0.126568032827554,-0.0282522229407901,0.154421036478374,1.00020104266976,13049,1,0.806775
"beta.species[1,87]",-4.91192473377173,0.495216961138644,-5.92325153131687,-5.23654419725793,-4.89637326920526,-4.56939731840731,-3.99482831686583,1.00104185826429,2874,0,1
"beta.species[2,87]",0.0899112148398024,0.326697074137421,-0.548275655756048,-0.130650895757992,0.0882497196123302,0.307140766202366,0.732712710026632,1.00117882664182,2334,1,0.60735
"beta.species[3,87]",0.0622411995492671,0.275600445557227,-0.475785547611705,-0.122032208642879,0.0591110567380453,0.245479595138099,0.608228825413715,1.00027772874684,12153,1,0.589025
"beta.species[4,87]",-0.512657960658832,0.300085615572278,-1.11358492205452,-0.709348740900514,-0.509888730018208,-0.309013350798862,0.0682296415200482,1.00029698877059,7820,1,0.958925
"beta.species[5,87]",0.305211258612378,0.227032426432543,-0.144005668552146,0.153886323281002,0.305890877784315,0.45796303422823,0.744772758031202,1.00060578769332,3917,1,0.909575
"beta.species[6,87]",-0.0295543005805804,0.236024485350717,-0.47242156338358,-0.193041325518,-0.0348403001160262,0.126321852390555,0.4502893003382,1.00014432108561,15952,1,0.5584
"beta.species[1,88]",-4.59286141739168,0.468169055612835,-5.56193257250897,-4.89893296066903,-4.57662017976781,-4.27377333813465,-3.71190114879553,1.00063216186436,4498,0,1
"beta.species[2,88]",-0.795357243489075,0.257213338321655,-1.3124170580676,-0.966102460896237,-0.791255291435114,-0.620523551797459,-0.303124134545948,1.00023080704738,10488,0,0.999375
"beta.species[3,88]",-0.138952072843403,0.237902550528977,-0.602321266279309,-0.300094066180943,-0.140918431644775,0.0199933451890664,0.331101051765341,1.00026483015156,11135,1,0.72345
"beta.species[4,88]",-0.356085500129073,0.233384415108094,-0.815262075062902,-0.513856541510258,-0.355031308923222,-0.198154326305826,0.0971983214297844,1.00035759473334,9604,1,0.93765
"beta.species[5,88]",0.050640979105047,0.204927680631049,-0.348073197127805,-0.0863046412790658,0.0508034916894422,0.188322659745038,0.453311085697549,1.00017366897404,18441,1,0.597075
"beta.species[6,88]",-0.230362298782422,0.212499892624104,-0.638249201654445,-0.375576303126232,-0.232441594305392,-0.0883360807494832,0.189226761908451,1.00013408774353,40000,1,0.86
"beta.species[1,89]",-4.32455585789021,0.727542317871802,-5.81841668158865,-4.80077361887188,-4.29753500846083,-3.82214743814952,-2.98210349844168,1.0037793263084,770,0,1
"beta.species[2,89]",-0.571080086357166,0.302192855339128,-1.17706443678352,-0.768975837016728,-0.563593297124721,-0.365571211447507,0.00441434076247021,1.00069859289485,4424,1,0.97415
"beta.species[3,89]",0.156879131950089,0.26625358384913,-0.355021316940178,-0.0236039167712877,0.154328258359989,0.333906181095087,0.686539379572239,1.00095206116593,2989,1,0.72065
"beta.species[4,89]",-0.0523478464907187,0.263203721057099,-0.566982198459392,-0.227105885873485,-0.0547343633533753,0.12220139966562,0.466816770093242,1.00080281790208,3421,1,0.582775
"beta.species[5,89]",-0.249522178625387,0.264846084121136,-0.781121827988167,-0.423505578876593,-0.245520143994758,-0.0699177676009108,0.256286711541205,1.00114116031726,3133,1,0.82785
"beta.species[6,89]",0.212009160952715,0.258814480802532,-0.278895528628813,0.035086958255362,0.207992756294406,0.379773520600713,0.740454536033805,1.00066573081496,6787,1,0.791775
"beta.species[1,90]",-5.08860769635277,0.727926114984306,-6.55534609746366,-5.56494760614062,-5.07434249273359,-4.60062631827783,-3.69371967709676,1.00377516545431,764,0,1
"beta.species[2,90]",-0.465719706107001,0.415712159557644,-1.30317877100211,-0.73681867378132,-0.460309210107814,-0.1844221896755,0.325624097193194,1.00163283149549,1835,1,0.87205
"beta.species[3,90]",0.128665269076221,0.294872247045151,-0.445942773575298,-0.0689087209096914,0.125186614259724,0.32515948832616,0.715717552999965,1.00007684813377,40000,1,0.66975
"beta.species[4,90]",-0.630559638392035,0.328804640304332,-1.29368885997077,-0.84963861059831,-0.62494898605594,-0.406348941273906,-0.00459322008534259,1.00000262474402,40000,0,0.975775
"beta.species[5,90]",0.560326702605564,0.252391383805209,0.079905068819827,0.388888140072688,0.554803711993829,0.724722875909302,1.0713164384924,1.00030452251781,15766,0,0.98915
"beta.species[6,90]",-0.15432152655136,0.269406282496492,-0.680542092700941,-0.335706745577151,-0.153669720078845,0.0263660680870959,0.375329622125792,1.00061270548048,4814,1,0.7168
"beta.species[1,91]",-2.27805057912999,0.347229200856576,-2.98640370438861,-2.50617236592723,-2.27003943556045,-2.04166256818886,-1.61940097633327,1.00045252616583,5253,0,1
"beta.species[2,91]",0.852747374056001,0.162348355149714,0.540561866428897,0.743400774465444,0.850679403170773,0.959118440166034,1.17888840714566,1.00044332534624,5185,0,1
"beta.species[3,91]",0.415249649397884,0.171865962274753,0.0800892644211515,0.299251624657591,0.414172179855178,0.530775037411376,0.75358957390611,1.00019640078708,10868,0,0.991775
"beta.species[4,91]",-0.058221289338985,0.176911638344805,-0.420755577205369,-0.173155139948389,-0.0534838900725739,0.0630078392924499,0.274204754616006,1.000458597415,5886,1,0.618675
"beta.species[5,91]",0.129647469532422,0.133267473823907,-0.139878209198246,0.0417098988470728,0.132882165673554,0.221134572974362,0.383275338010356,1.00017168220701,17331,1,0.835175
"beta.species[6,91]",0.316017920965027,0.136692874564289,0.0451763094948033,0.225002888322938,0.316889616337147,0.407901646904176,0.582922108325989,1.00001502430793,40000,0,0.98875
"beta.species[1,92]",-5.04431873583504,0.882898115667814,-6.7592827273984,-5.63703361357667,-5.05065336271569,-4.45635854300182,-3.30714195762724,1.00721169217148,434,0,1
"beta.species[2,92]",0.115251641385496,0.507675245197948,-0.897734596945874,-0.216471908945114,0.114439470631311,0.454936280545709,1.09165867414174,1.00255539002721,1741,1,0.59055
"beta.species[3,92]",0.00619890429001155,0.327225576454547,-0.640324214553377,-0.213460090091098,0.00773943175119068,0.225042629055571,0.646765963930826,1.00079454603893,3426,1,0.509325
"beta.species[4,92]",-0.459278578984678,0.350507109959505,-1.16173069304269,-0.693438791515602,-0.4537039950639,-0.220452810861366,0.215566495684598,1.00066665396281,8993,1,0.908925
"beta.species[5,92]",0.562952612243559,0.320731049536485,-0.048673310144054,0.347232103962461,0.554580625811127,0.770388665311897,1.22154343664735,1.00318044390646,880,1,0.96465
"beta.species[6,92]",0.132015907839516,0.322232108737635,-0.499983111921123,-0.0814219363355614,0.13223348494351,0.344594128615595,0.769958288193815,1.00086500235683,3253,1,0.662675
"beta.species[1,93]",-4.3356158372782,0.605835756378876,-5.69517036749486,-4.69923627188246,-4.28295099690651,-3.91218888009551,-3.30124072195514,1.00187187765035,5032,0,1
"beta.species[2,93]",-0.152592012168323,0.238123208524604,-0.621734857007149,-0.313165843857914,-0.152749862207584,0.00786945666876716,0.315066978914475,1.00054139724031,4879,1,0.73935
"beta.species[3,93]",0.289074130298724,0.239995221862546,-0.179939841015515,0.127907365444005,0.286954990489813,0.449519463419295,0.766499793169572,1.00055285081716,4202,1,0.8877
"beta.species[4,93]",0.0813195713279205,0.241629266974359,-0.390833776951966,-0.0794238735922221,0.0802139565297455,0.239978602748094,0.561827514252082,1.00036641705073,6125,1,0.632
"beta.species[5,93]",0.223078392083625,0.188623544188971,-0.14526318134398,0.0966203880550171,0.222011950804102,0.347264110306144,0.598528253722255,1.00038393330215,7583,1,0.883125
"beta.species[6,93]",-0.133041216010899,0.182961214126344,-0.498038155081026,-0.253086936896819,-0.131532780590809,-0.0104049169927373,0.222642184142626,1.00150512108281,2012,1,0.767725
"beta.species[1,94]",-5.94874865401798,0.652688164481341,-7.33845249405052,-6.35849084837501,-5.91797532547355,-5.49865233737808,-4.77870136295911,1.00225647305345,1218,0,1
"beta.species[2,94]",0.00452051145595782,0.421673003917175,-0.812349842538011,-0.279241341693341,0.00371585208578507,0.281942456786266,0.843442560318978,1.00025529759237,19180,1,0.50305
"beta.species[3,94]",0.0995201907029908,0.298909252592672,-0.485328718458394,-0.0983371968367323,0.100156871170639,0.299507588612829,0.685236141440817,1.00023271375167,9728,1,0.632275
"beta.species[4,94]",-0.527672643286741,0.327315518881397,-1.17577230259598,-0.744336380857452,-0.522996899375484,-0.307168938857709,0.106735532800235,0.999992916136309,40000,1,0.950375
"beta.species[5,94]",0.441281073470202,0.268252942331402,-0.0892781833102893,0.262040463421435,0.441996529804631,0.624654737300561,0.954803668060121,1.0008054042053,2971,1,0.94855
"beta.species[6,94]",0.247690902350646,0.288846504842303,-0.29697376215041,0.0499030316584715,0.240892755337256,0.437380231190762,0.837445499287497,1.0001458099244,21812,1,0.80285
"beta.species[1,95]",-3.5971192162342,0.44916589913786,-4.51857937560998,-3.88650639205674,-3.584833468329,-3.29019422786594,-2.75378233573732,1.0002882529142,15437,0,1
"beta.species[2,95]",-0.212382149367861,0.24570355775586,-0.691777631408043,-0.377964647425229,-0.215999432186927,-0.0499265259968797,0.275428076196016,1.0008635408431,3132,1,0.80795
"beta.species[3,95]",0.354790284191235,0.252048262524365,-0.142487614097008,0.186577637357169,0.357745168424151,0.525849996876852,0.84185837338319,1.00218853683834,1241,1,0.91985
"beta.species[4,95]",0.00414626333491688,0.261955032044414,-0.528616096153055,-0.168613557829655,0.0102425275983598,0.181918297070125,0.507022658608995,1.00361453270947,697,1,0.51605
"beta.species[5,95]",0.144316290008034,0.204079402173937,-0.254633858819276,0.0100375899276317,0.144319008594113,0.277594075826142,0.548309842603602,1.00125126331558,3400,1,0.7658
"beta.species[6,95]",-0.14936539784553,0.201555043619814,-0.55213026346905,-0.279461836902883,-0.1483637965981,-0.0162833923564372,0.239145050584629,1.00101982100425,3245,1,0.7765
"beta.species[1,96]",-4.9740383893714,0.626197047622604,-6.27845840687724,-5.36062456025249,-4.94874904435422,-4.55838688761356,-3.81083108388325,1.00184779674707,5013,0,1
"beta.species[2,96]",-0.356387973736123,0.353068307394811,-1.05949804752177,-0.590732160783599,-0.353042349008585,-0.119641325836946,0.330007570116596,1.00066121141946,4120,1,0.84635
"beta.species[3,96]",0.253643556795656,0.307343447110913,-0.342167597043923,0.0453833467834696,0.251169166889719,0.457253676958612,0.868579946890274,1.00017764641871,40000,1,0.7962
"beta.species[4,96]",-0.550234062220069,0.320079412099241,-1.19410893006757,-0.760475474099219,-0.546752230121595,-0.333811900279719,0.0673377265483022,1.00047575842536,5488,1,0.959775
"beta.species[5,96]",0.0886290621431961,0.26272763608005,-0.435263536779501,-0.0868995690125007,0.0922294047044084,0.267047135226425,0.596669806447345,1.00066361635183,4084,1,0.6372
"beta.species[6,96]",-0.105389671228202,0.262803261566696,-0.614256033438748,-0.281817092084848,-0.109203776194587,0.0691230721172377,0.416756117617021,1.00039652884284,5811,1,0.660275
"beta.species[1,97]",-5.66671133254269,0.832798627773017,-7.34233723436937,-6.21127797277949,-5.65542449798921,-5.106428524418,-4.05945294189816,1.00161212086384,1787,0,1
"beta.species[2,97]",-0.30288136586685,0.418479039047035,-1.15223558718045,-0.577472669170654,-0.29599241860283,-0.0230583843736933,0.502197098974402,1.00100208725853,2562,1,0.767475
"beta.species[3,97]",0.239795263906507,0.306007470917794,-0.348474527246382,0.0333015859022697,0.234779157306856,0.442700313407314,0.857140477778726,1.00061059898415,4433,1,0.7845
"beta.species[4,97]",-0.451367652236169,0.325051649341042,-1.10326552904475,-0.665588866199709,-0.450032749440511,-0.233664037924189,0.180028036006107,1.0010571929292,2572,1,0.91765
"beta.species[5,97]",0.161022744752542,0.286930386962614,-0.399833153983572,-0.0313569814123745,0.161933919645175,0.350795217018869,0.730931992509711,1.00179928891413,1420,1,0.715225
"beta.species[6,97]",-0.163756996968639,0.280179242404842,-0.714937900243065,-0.350941865690972,-0.164637406835249,0.0220812762567868,0.389487253434667,1.00031205191451,7998,1,0.7237
"beta.species[1,98]",-4.01977081149954,0.975555753157709,-5.76149077885727,-4.69231665591765,-4.07819868091519,-3.416158749056,-1.91758429477624,1.05399711035366,65,0,0.9997
"beta.species[2,98]",-0.0562170821345499,0.437250310349643,-0.905813338057971,-0.346903086208851,-0.0596169991038633,0.232746473843778,0.808285476368572,1.01154210151985,238,1,0.5543
"beta.species[3,98]",0.0858646049071488,0.314388850820184,-0.531208427666697,-0.126314791037149,0.0852115348152821,0.295862386239656,0.706245433194337,1.0009292505474,3009,1,0.607225
"beta.species[4,98]",-0.297938739952464,0.34847031622422,-0.987258384083515,-0.528203641435146,-0.297075393127548,-0.0674362498080778,0.390790939870129,1.00338039150365,876,1,0.806575
"beta.species[5,98]",0.270234484405326,0.307030172573139,-0.323506066771168,0.0684649122449378,0.264688073136378,0.466421204188962,0.898314141879068,1.00351572746207,1164,1,0.81805
"beta.species[6,98]",-0.156019759207324,0.292468350781488,-0.743015031135875,-0.346494980794146,-0.15403569250994,0.0370214202397093,0.417840650687549,1.00471425063637,739,1,0.7067
"beta.species[1,99]",-3.94286239104587,0.446359710611255,-4.85292504723945,-4.2342269431474,-3.92600468149864,-3.63697363792035,-3.11606869795667,1.00152907106082,1949,0,1
"beta.species[2,99]",-1.13302886546746,0.261383478869244,-1.66369640826196,-1.30470354450247,-1.1263174957493,-0.954025878273882,-0.641644496217182,1.00010086547757,20935,0,1
"beta.species[3,99]",-0.204386743163252,0.235922835908187,-0.672313539847518,-0.363456717620344,-0.202712423456897,-0.0446095930520028,0.255316401909727,1.00033535881903,7115,1,0.8072
"beta.species[4,99]",-0.146945656515947,0.221978900295259,-0.581391834101914,-0.296582486565042,-0.147244076639411,0.00242401212816073,0.285963828137511,1.0004728594635,7516,1,0.746475
"beta.species[5,99]",-0.135712135316351,0.206713221896561,-0.540166856947146,-0.274263796724642,-0.136894737219395,0.00377726551818211,0.269436204097931,1.00008096705902,40000,1,0.7444
"beta.species[6,99]",-0.236844972262849,0.210239109178553,-0.64921186137435,-0.377430194160083,-0.238425662990565,-0.0954246056287888,0.17886506429329,1.00012971562935,21642,1,0.869675
"beta.species[1,100]",-4.33601644583712,0.932258756804181,-6.04002233091248,-4.95544967659141,-4.36359455610877,-3.76067462270677,-2.38740002667757,1.01630578139229,462,0,0.99965
"beta.species[2,100]",-0.273183123934565,0.438768413150777,-1.15611830132837,-0.561344829497997,-0.268259760830194,0.0198226235418228,0.581374477488086,1.0043939842791,709,1,0.735225
"beta.species[3,100]",0.309334900468236,0.307415662399338,-0.289983540610054,0.102811292927544,0.306346052840364,0.514426091947701,0.923739273371104,1.00123350433561,2429,1,0.8446
"beta.species[4,100]",-0.361887037310953,0.334799675461704,-1.03879201806322,-0.58030217537743,-0.357226380561648,-0.139177343067884,0.284896196955218,1.00110952606565,2313,1,0.864375
"beta.species[5,100]",-0.137626202733208,0.313138556888254,-0.761933260648724,-0.342826719353555,-0.13302965928117,0.0708405063209279,0.466079765933723,1.00139655536959,4992,1,0.669
"beta.species[6,100]",-0.0199339117927987,0.301481318116785,-0.601539628086459,-0.220722680755562,-0.0248760960072257,0.178349476541223,0.587474964401276,1.00087824285323,4202,1,0.5337
"beta.species[1,101]",-3.93790133507258,0.811935515061781,-5.45923288170681,-4.46206184837876,-3.96384416608352,-3.45446863484758,-2.18945136500327,1.00474839142796,971,0,1
"beta.species[2,101]",-0.0128312672541623,0.317063568773757,-0.633933836443737,-0.223515083636731,-0.0128912782990768,0.197649502261955,0.617223807465637,1.00205636018675,1322,1,0.517025
"beta.species[3,101]",0.190603580456226,0.271816345955616,-0.348096698747363,0.00816801669169223,0.191870337232574,0.373109593330351,0.720585019159196,1.0010229413461,2486,1,0.7592
"beta.species[4,101]",-0.135568996353405,0.280378920792836,-0.691005633485079,-0.322098451085225,-0.134679057900545,0.0533862590368486,0.408340962401365,1.00278962020838,912,1,0.684975
"beta.species[5,101]",-0.0913324411471179,0.27498040841724,-0.620124088133003,-0.275309677563392,-0.0965473629988684,0.0834561635002176,0.468338837780629,1.00446835364929,671,1,0.64075
"beta.species[6,101]",-0.189716154435802,0.291182964269153,-0.813823759213066,-0.36800741584031,-0.174756985440645,0.0038498642636785,0.348623645883565,1.00229948029808,2612,1,0.74535
"beta.species[1,102]",-5.47846102042168,0.964622503888077,-7.45888757301084,-6.10349065147536,-5.44259749929722,-4.82243530426708,-3.64891060170594,1.01006594829963,281,0,1
"beta.species[2,102]",-0.787181678933329,0.51691526539364,-1.8690016739792,-1.11970961949629,-0.769808807760622,-0.431672652940063,0.168442755650148,1.00168819016098,1908,1,0.94395
"beta.species[3,102]",0.109468185977255,0.323752624697373,-0.52402670666161,-0.107128705573404,0.107358159007963,0.327360358114061,0.744427677410117,1.00013026211118,16098,1,0.6317
"beta.species[4,102]",-0.331820674273747,0.340201540039922,-1.00955900052528,-0.555360946992123,-0.331846309071779,-0.103130907077022,0.327814359963074,1.00152860110166,1663,1,0.837925
"beta.species[5,102]",-0.0781209383939919,0.317125496770726,-0.703554221483614,-0.287790759915142,-0.0745860079760943,0.134323108662548,0.542114641912043,1.00119569129054,2367,1,0.593625
"beta.species[6,102]",-0.111149610630344,0.305720803550425,-0.711481443516031,-0.315232023356399,-0.113909295770343,0.0938654186634845,0.493597379504045,1.00081271735307,4362,1,0.644125
"beta.species[1,103]",-3.87420344742266,0.610077486302435,-5.02311041798476,-4.28662836988462,-3.89421222128669,-3.48398185880049,-2.61655249480657,1.0054565055012,666,0,1
"beta.species[2,103]",0.683785735470652,0.36932354720723,0.013395480749079,0.430060340829796,0.66691965069883,0.918357844750517,1.45838050335099,1.00384543484532,858,0,0.9772
"beta.species[3,103]",0.108103863673117,0.285761814424825,-0.456259730583901,-0.0827824826159173,0.107352127774589,0.299665770474845,0.670427655053029,1.00037986227582,12949,1,0.649475
"beta.species[4,103]",-0.404254136786727,0.307216300732845,-1.0255034799053,-0.603902315508418,-0.401578412890162,-0.196531624177099,0.188303047102928,1.00047619904885,5231,1,0.908425
"beta.species[5,103]",0.232347165748028,0.253954499189248,-0.268385031566571,0.0655891366091655,0.233353671675376,0.399378248189072,0.735999911105011,1.00122372034585,2271,1,0.8227
"beta.species[6,103]",0.152476963635424,0.266743229336078,-0.373537076686708,-0.0215834834700078,0.152780858664063,0.3270030255131,0.677053343010631,1.0030848544993,1032,1,0.723025
"beta.species[1,104]",-5.48739038164351,0.745287880582737,-7.00027650209906,-5.96305502313953,-5.47563430507134,-4.99533622041697,-4.05126025579739,1.00293555929991,1002,0,1
"beta.species[2,104]",0.0400388348697076,0.444441671161403,-0.837628692816604,-0.25676934258107,0.039731357107026,0.336974953668945,0.923669604568026,1.0008356550667,3707,1,0.536475
"beta.species[3,104]",-0.00457556687972743,0.304797660718094,-0.60990909069982,-0.208067881994299,-0.00427750671984209,0.199406442165172,0.593161139561521,1.00019528077363,14196,1,0.50545
"beta.species[4,104]",-0.467523730020475,0.330884816082942,-1.13552861775273,-0.685292443583484,-0.461152577572384,-0.242436437083573,0.165193378931165,1.00049172004914,5183,1,0.925225
"beta.species[5,104]",0.469602357005996,0.292401851617445,-0.0992109893224187,0.27304550238379,0.466897551502889,0.660822944520377,1.05151033458591,1.00063084894841,6309,1,0.94855
"beta.species[6,104]",0.130982900856258,0.296944853481681,-0.435548084863676,-0.0697859303815406,0.125852855024738,0.327571675135186,0.727356920996909,1.00081219508024,3333,1,0.66765
"beta.species[1,105]",-3.45273677801801,0.367918940246259,-4.20357225481436,-3.69428865540527,-3.44441830197922,-3.19953897407551,-2.76361616963576,1.00040929999136,6753,0,1
"beta.species[2,105]",1.51530242371824,0.263790271144013,1.02170389550269,1.33288941696899,1.50585488576698,1.68664911598391,2.06153455890378,1.00103391288972,2485,0,1
"beta.species[3,105]",0.138517324562165,0.201655918298077,-0.255250569003906,0.00237677078939206,0.138518690653744,0.273733289142685,0.534250213552619,1.00018203329584,16404,1,0.7538
"beta.species[4,105]",-0.0501118976601057,0.227198053108482,-0.516039547928805,-0.198885774887127,-0.0439933098046196,0.105247822392229,0.381096922723587,1.00106309712974,2324,1,0.578325
"beta.species[5,105]",0.3196208859598,0.174128479326946,-0.0261715927479036,0.205440595983535,0.320911954435322,0.436570225730748,0.657320716052311,1.00011064239664,16909,1,0.96495
"beta.species[6,105]",0.30115619226935,0.167269395857219,-0.0257625645493703,0.188752570399816,0.300819047471134,0.411932883879944,0.629811942598645,1.0000138868576,40000,1,0.965
"beta.species[1,106]",-5.56189502405769,0.57256718265203,-6.74820144696275,-5.9336486647146,-5.53513252526998,-5.16146615135561,-4.51125259326966,1.00378651750741,702,0,1
"beta.species[2,106]",-1.24602402964709,0.365916462841316,-2.00646093630456,-1.482547192178,-1.23221656396863,-0.992070173026798,-0.56929435752334,1.00288582897616,952,0,0.99995
"beta.species[3,106]",0.211777413099697,0.268043583055892,-0.308552489102565,0.0310755053215169,0.209127258468903,0.39027784706543,0.744175140223509,1.000333609022,6800,1,0.78705
"beta.species[4,106]",-0.480269049280007,0.267463304801456,-1.01219445234866,-0.658159116076643,-0.477266957803416,-0.29819622971937,0.0368504335096557,1.0006726552982,4051,1,0.964725
"beta.species[5,106]",-0.272407145485891,0.262860948313349,-0.798934807807417,-0.446253019442588,-0.268825722451596,-0.0927252446073319,0.231929029387482,1.00026170887785,10311,1,0.8495
"beta.species[6,106]",-0.0410039740377894,0.254604849516258,-0.535002591645861,-0.215345971174807,-0.044294515891896,0.12759395911736,0.470286778714231,1.00026614899252,8182,1,0.56835
"beta.species[1,107]",-2.5004075202698,0.49875161283121,-3.52684463469986,-2.81835415433111,-2.48512913989923,-2.1663289088146,-1.55557202200258,1.00144662061709,2527,0,1
"beta.species[2,107]",-1.00687376225317,0.231914612153756,-1.49881055764168,-1.15049040508249,-0.995050438196652,-0.849971008991148,-0.585184739742044,1.00026708694954,12216,0,1
"beta.species[3,107]",-0.24395885366802,0.217848610617708,-0.67483695622638,-0.388487608337774,-0.244959572923521,-0.0985631413694103,0.183452718628084,0.999996433007783,40000,1,0.868425
"beta.species[4,107]",-0.365581962725707,0.21834493171154,-0.79552074168434,-0.510737416173545,-0.364688004063764,-0.219811632457514,0.0623717533353559,1.00042162913195,6789,1,0.95485
"beta.species[5,107]",-0.259107615367971,0.180069278753174,-0.613969999869968,-0.378582516782582,-0.258672781411733,-0.138252030296033,0.0897570551900594,1.00034871550711,6358,1,0.925875
"beta.species[6,107]",0.0808717279269046,0.205132891279211,-0.320513320142434,-0.0561363957279703,0.0797495794923103,0.216921391019812,0.488871355799308,1.00013098928076,17191,1,0.65195
"beta.species[1,108]",-5.6148534368648,0.900191170314381,-7.43031860291399,-6.20075718702482,-5.60665244461624,-5.02071553606445,-3.85950271132614,1.00251904998262,1456,0,1
"beta.species[2,108]",0.0216521592450985,0.496730948295988,-0.964747211273261,-0.309073636185785,0.0245209594679963,0.352306080266481,0.996476965449311,1.00270044472485,964,1,0.519825
"beta.species[3,108]",0.0534852907596479,0.310728086900333,-0.55854750873057,-0.153065777883178,0.0527150442951086,0.260582448364207,0.666053299621831,1.0007560411431,4812,1,0.569175
"beta.species[4,108]",-0.489338213313644,0.340770269190741,-1.17291321626909,-0.712172847423738,-0.484795932172901,-0.259119605727092,0.16905933138587,1.00014461782658,20965,1,0.927475
"beta.species[5,108]",0.341083775094623,0.300769619323201,-0.25721146421504,0.143295046621429,0.341000909612049,0.539456467211488,0.933330538387828,1.00158226906831,1773,1,0.873825
"beta.species[6,108]",0.0888336844902683,0.301208560412699,-0.483623950715726,-0.114056702112202,0.0799485943335555,0.282030657726882,0.708115487284866,1.00031770991128,9712,1,0.60715
"beta.species[1,109]",-4.11836923060057,0.448530427935999,-5.04416373442647,-4.40863304268961,-4.09987947798667,-3.80749832780361,-3.28971401689109,1.00003960426615,30166,0,1
"beta.species[2,109]",-0.354915474247618,0.241203625323957,-0.826729787410933,-0.516774146590436,-0.354436536080507,-0.192633545635281,0.118846727661255,1.00040922668671,6148,1,0.9291
"beta.species[3,109]",0.227621567389783,0.222068164429323,-0.207718191951205,0.0788352091411338,0.226580554597103,0.375736415225272,0.666234032318991,1.00009217486339,33014,1,0.8494
"beta.species[4,109]",-0.624935430008584,0.226416194749697,-1.07530308739229,-0.7757498787489,-0.621701944902786,-0.469995784379163,-0.192766050480405,1.00018668161829,11320,0,0.9977
"beta.species[5,109]",0.736558546627836,0.213231947815445,0.33031301533708,0.590921007350579,0.731063059560896,0.87658929188413,1.16639910346241,1.00048914196678,6169,0,0.9999
"beta.species[6,109]",-0.571502731900453,0.211548522070335,-0.979748598099909,-0.714628746111448,-0.57403329481698,-0.43158762828141,-0.150424417327093,1.0005458041072,4664,0,0.995575
"beta.species[1,110]",-2.78192801654189,0.426515242302964,-3.66007991698243,-3.05296985147533,-2.76807181645801,-2.49242443169229,-1.99230611931788,1.00074141808814,4155,0,1
"beta.species[2,110]",0.0409770097794893,0.19050801149144,-0.343490016859063,-0.0834792497184147,0.0447267476794274,0.168703855133685,0.404690101874253,1.00043924608206,5465,1,0.5937
"beta.species[3,110]",-0.0652525735667991,0.20674642099019,-0.463182151687722,-0.204984981598918,-0.0675143324209466,0.0722268335644722,0.350168572883434,1.00105606064139,2483,1,0.627
"beta.species[4,110]",-0.308450848642394,0.197257833745379,-0.702964427133086,-0.438424166163343,-0.304341671049101,-0.175233684927282,0.0676571337882326,1.00047425028915,4935,1,0.94495
"beta.species[5,110]",0.0575303317663945,0.162827078458239,-0.25913226870934,-0.0510334708585744,0.0557213656667741,0.163658593070978,0.385430183853296,1.00046302621728,6078,1,0.639275
"beta.species[6,110]",-0.0562744688099007,0.166517933807006,-0.389449779376124,-0.164119428090324,-0.0559705308280847,0.0522898653847072,0.273479741129385,1.00037212244148,6482,1,0.635675
"beta.species[1,111]",-4.60916554969104,0.7688760222777,-6.1407309586661,-5.11545386193635,-4.605013753865,-4.10076965392294,-3.11938311222261,1.00207538343298,2401,0,1
"beta.species[2,111]",-0.500422276694829,0.435617860224613,-1.3801302306433,-0.78351138091117,-0.493182133752708,-0.207583286468583,0.338737759743046,1.00521516203974,494,1,0.87905
"beta.species[3,111]",0.246965112457404,0.297664070712918,-0.33900844730822,0.0474030338868745,0.248981956283831,0.444636838058881,0.829729785009012,1.0008452776933,3577,1,0.797025
"beta.species[4,111]",-0.35178654463322,0.32150975730245,-0.99494105850867,-0.563794237889145,-0.347426346946332,-0.133805446251658,0.26577571149748,1.00097807864477,3182,1,0.865725
"beta.species[5,111]",0.583329809175183,0.267247774353727,0.0767861456846924,0.402148087110733,0.576522228551005,0.756632560092157,1.12689964168713,1.00100866543044,2545,0,0.987925
"beta.species[6,111]",-0.204150841333619,0.292421118411459,-0.789952567451299,-0.398881078413367,-0.201514958789186,-0.00635222499309021,0.362520083466581,1.00007331179868,21931,1,0.75755
"beta.species[1,112]",-4.63672734766617,0.469382442215098,-5.62506383763728,-4.93388316021709,-4.61880351107364,-4.31384741320182,-3.77218819838484,1.00045454992396,8199,0,1
"beta.species[2,112]",0.00413510060142944,0.27483398210295,-0.530527089868214,-0.18115524941093,0.00185867567558226,0.189427338257138,0.543714072243521,1.00032094511883,11927,1,0.5027
"beta.species[3,112]",0.0128212344758714,0.252462981131787,-0.474906405814302,-0.157313512435217,0.0114535247859174,0.17962332857726,0.515621459456136,1.00016255653553,39016,1,0.51865
"beta.species[4,112]",-0.673341946259914,0.274536432128438,-1.22396485144931,-0.853741629329485,-0.67007621871969,-0.48914706267328,-0.144604685040502,1.00091115457962,2767,0,0.9937
"beta.species[5,112]",0.211189688149512,0.205354536356907,-0.193451611153352,0.0743044351037222,0.2129307446014,0.349280893613499,0.613306937110054,1.00006074163837,25193,1,0.848475
"beta.species[6,112]",-0.0840027001204205,0.206794699325691,-0.472695738122906,-0.225494646646227,-0.0904909915168118,0.051073497983948,0.341020561247163,1.00015478008026,17000,1,0.66695
"beta.species[1,113]",-3.88446928213399,0.412710954852045,-4.74323688068958,-4.15292483105876,-3.86840213999609,-3.60163322260601,-3.12067897678975,1.00082040214648,3076,0,1
"beta.species[2,113]",-0.461981503154473,0.198486335182142,-0.855740411645229,-0.595048225593349,-0.460791005792749,-0.327872075656882,-0.0728082880663436,1.00014434570933,40000,0,0.9904
"beta.species[3,113]",0.206771473533917,0.204253381679863,-0.191196213111728,0.0690543887923154,0.205353306366324,0.343578528532992,0.609837932149789,1.00042275033249,5410,1,0.845
"beta.species[4,113]",-0.283045176334785,0.197594170188761,-0.675592146050052,-0.415038648915524,-0.28250552065996,-0.15052008663647,0.104150101625553,1.00001985007166,40000,1,0.9253
"beta.species[5,113]",0.113165362269336,0.161331525716145,-0.201498446955868,0.00362644187072095,0.112675393744257,0.220885864748366,0.434383675390632,1.00012762336349,40000,1,0.757525
"beta.species[6,113]",-0.389121577536207,0.169696467521986,-0.717018480649259,-0.504784033889232,-0.391439523389692,-0.276620870662064,-0.0529965794898902,1.00003954382378,29495,0,0.987725
"beta.species[1,114]",-5.441348854106,0.807258984328919,-7.08240659857136,-5.96352725411222,-5.42901819555371,-4.90512136694928,-3.86781057691778,1.00120339650161,4116,0,1
"beta.species[2,114]",-0.657581712928864,0.416232626290046,-1.51096036706122,-0.930935729249519,-0.645016831491259,-0.370900203543239,0.115134336511582,1.00273748383126,1101,1,0.94945
"beta.species[3,114]",0.191583486765713,0.30130252997768,-0.398351211239302,-0.00874018480340896,0.191213190977117,0.392433411059538,0.78549163523899,1.00026820093498,9453,1,0.74085
"beta.species[4,114]",-0.259746426721304,0.30587450625528,-0.868217731956214,-0.461402672902529,-0.259402047776009,-0.0533960730985539,0.335047770642835,1.00078932104313,3920,1,0.8035
"beta.species[5,114]",0.316586175220843,0.296120923313955,-0.236359078715375,0.11811940331599,0.307304617724888,0.506309466122557,0.923191025787035,1.00241261632278,1790,1,0.862375
"beta.species[6,114]",-0.149743909062357,0.284619997453474,-0.716317007969055,-0.337059308370853,-0.148434297502366,0.0408377064550612,0.405674828991133,1.00172306571172,1490,1,0.70275
"beta.species[1,115]",-5.96258828326215,0.793145729237748,-7.58881181387895,-6.4756398817808,-5.94450047842549,-5.43073748549183,-4.44299010371025,1.00123632032672,2201,0,1
"beta.species[2,115]",-0.702457679073343,0.444075405830257,-1.6164504280005,-0.989324599398675,-0.692185592067072,-0.401411542412931,0.145633492540957,1.00102069391704,2607,1,0.94695
"beta.species[3,115]",-0.0956337842244176,0.304925144222057,-0.701438554059506,-0.29922816533306,-0.0926278511999793,0.109290626992982,0.500727429700353,1.00070947529259,3874,1,0.623275
"beta.species[4,115]",-0.131056224638814,0.308045610547148,-0.728745812852635,-0.339724714571651,-0.131944974719068,0.0745922032831952,0.481228617788289,1.0011469822309,2180,1,0.66945
"beta.species[5,115]",-0.0377285270657727,0.291024241093302,-0.614246404853352,-0.230206555670414,-0.0340671521419753,0.157744830257996,0.520118911692383,1.00095137126057,5355,1,0.54885
"beta.species[6,115]",-0.143663335539279,0.277689063583764,-0.678792336562548,-0.329472749264315,-0.146326338253286,0.0399815217278852,0.41187355295182,1.00063348494321,5485,1,0.70365
"beta.species[1,116]",-3.93595971751328,0.74902062290119,-5.34796406100102,-4.44252534171843,-3.95316509364489,-3.45610216843995,-2.39824132500065,1.00369060631477,1850,0,0.999975
"beta.species[2,116]",-0.639709094128976,0.378361734255685,-1.39431020615044,-0.887990192268064,-0.636037210518953,-0.385586990457438,0.0899380051914202,1.00159639425776,2922,1,0.95785
"beta.species[3,116]",0.107655335867014,0.298232013626529,-0.486042255373852,-0.0899283471473066,0.109013902097711,0.306765992867512,0.685434726646069,1.00095657547501,2569,1,0.644375
"beta.species[4,116]",-0.247539685517855,0.319060705061635,-0.871864809095353,-0.462027095833077,-0.246837841836083,-0.0341607097118601,0.374202628303322,1.00287028049418,969,1,0.783
"beta.species[5,116]",0.280423609809887,0.289909713231244,-0.26662365856354,0.0859952736022338,0.270512095360645,0.463012148684397,0.880703170872881,1.0008991964495,3464,1,0.838525
"beta.species[6,116]",-0.227400455108062,0.267088503227212,-0.753380698339781,-0.406178202418704,-0.227244841380932,-0.0474049000865583,0.291227869324026,1.0014811308481,1716,1,0.8038
"beta.species[1,117]",-3.72183719467843,1.02353555005608,-5.45475698030514,-4.39586173024824,-3.81186736569078,-3.17728281311496,-1.18659630924732,1.03177516918164,159,0,0.99705
"beta.species[2,117]",0.0986358878539267,0.430582630109855,-0.736374995847821,-0.185800784738736,0.0935674032736474,0.37887830127185,0.962828545709505,1.002582001883,2359,1,0.589
"beta.species[3,117]",0.375128712765206,0.311171556096788,-0.220882489672443,0.163683433409565,0.370740725723635,0.583052286042683,1.00084892839858,1.00076441269028,3454,1,0.887925
"beta.species[4,117]",-0.184335717354133,0.332627918401774,-0.841470402796144,-0.406467924185876,-0.184749390874887,0.0384321696776276,0.464890236171466,1.00106095505591,2338,1,0.7115
"beta.species[5,117]",0.00172651040925412,0.30421386858603,-0.594503618781786,-0.1961797558485,0.000714781420704858,0.197464714252427,0.610747497807534,1.0028849269092,1156,1,0.500825
"beta.species[6,117]",-0.137798644746761,0.306686547219513,-0.768866246269965,-0.332513888729395,-0.129083135156385,0.0663768696608506,0.451266806856415,1.00296198542533,905,1,0.672
"beta.species[1,118]",-2.87909452163235,0.543621137445528,-4.01066127181233,-3.21712333227117,-2.85572347942822,-2.514602033962,-1.86429346177597,1.00263972056289,1237,0,1
"beta.species[2,118]",-1.48398204122955,0.275504172614776,-2.06284607267734,-1.65874564696994,-1.47142147299049,-1.29448038272352,-0.983676457978984,1.00008903263457,25820,0,1
"beta.species[3,118]",-0.465280539044283,0.227747698584291,-0.924174294452936,-0.613959039834655,-0.460791588470566,-0.311680827455406,-0.0248886027028609,1.00186052909479,1353,0,0.98085
"beta.species[4,118]",-0.383076492841577,0.23135944632262,-0.837552489251194,-0.53902404377981,-0.382813550858227,-0.228580788118158,0.0717068323996354,1.00106003075589,2360,1,0.951425
"beta.species[5,118]",0.231754948056424,0.219269939040617,-0.173195151674918,0.0810520530841393,0.223159309204813,0.371017865455648,0.691221747159858,1.00212869602577,1240,1,0.85835
"beta.species[6,118]",-0.0994815546357977,0.237130017042487,-0.566470366175911,-0.259709363979542,-0.0999461095785497,0.0612009751380625,0.362437933090178,1.00031648435904,7475,1,0.6602
"beta.species[1,119]",-5.90802388424188,0.749824901649351,-7.47815329078964,-6.38336270508608,-5.86865936508037,-5.38856076171723,-4.54825614154736,1.00169319664056,1600,0,1
"beta.species[2,119]",-0.885391682375499,0.425904410085991,-1.75038073632999,-1.16733594701578,-0.869582932256353,-0.592937554773388,-0.0876194103269954,1.00117092153998,2881,0,0.98535
"beta.species[3,119]",0.131665501280623,0.298126697839407,-0.452750757302384,-0.0678716705503569,0.131459702623682,0.331102570718858,0.717893651225664,1.00029483513856,8465,1,0.67075
"beta.species[4,119]",-0.31901755625392,0.309621289091507,-0.938828520164757,-0.523938663595252,-0.316494639834422,-0.11114956679344,0.278101046672912,1.00027548191684,11508,1,0.849525
"beta.species[5,119]",0.188052875583272,0.266221658746225,-0.323980898989703,0.00574893161460984,0.186569063340529,0.366221036022101,0.71099797442217,1.00007186446312,26696,1,0.757125
"beta.species[6,119]",-0.436701490320659,0.262515624004108,-0.953196573396845,-0.613269398480436,-0.434422243338137,-0.261612150433619,0.0756778241385059,1.00053102649569,4804,1,0.95265
"beta.species[1,120]",-1.18835339929489,0.316353030645438,-1.82532026334021,-1.40031589254531,-1.18267194606695,-0.972129430204119,-0.58216587479254,1.00019470233276,14797,0,0.999975
"beta.species[2,120]",0.146573508764718,0.135271283806419,-0.117395911005628,0.0554449696134054,0.145831018668367,0.237991371077585,0.410231267579117,1.00000112548755,40000,1,0.8621
"beta.species[3,120]",-0.0185306994952106,0.158144188599978,-0.330928948903258,-0.124165066843991,-0.0176980181478241,0.0873331606132103,0.288165217852841,1.00006785360068,21590,1,0.545375
"beta.species[4,120]",-0.193479174838478,0.127335651070209,-0.447164742292591,-0.278210119775842,-0.192168977451734,-0.108123161247071,0.054543274565216,1.00025549508417,9154,1,0.9367
"beta.species[5,120]",-0.20952709562001,0.118536869734538,-0.446084847032165,-0.288331519984477,-0.208631011739099,-0.128740782855878,0.0188591018309212,1.00006738608275,22142,1,0.963375
"beta.species[6,120]",0.108630453254683,0.116049237063566,-0.120248844982972,0.0312292715247131,0.109107208482493,0.186534074131621,0.334394263401987,1.00006849712672,29094,1,0.8275
"beta.species[1,121]",-4.1902197167238,1.0024148723156,-5.99989560019326,-4.86039841698635,-4.23826126498299,-3.58666800085981,-2.05041881863479,1.02794377049286,185,0,0.99815
"beta.species[2,121]",-0.820751925548955,0.491783206017236,-1.83906811312353,-1.13524600484675,-0.798974641885698,-0.483067151820653,0.0821508738611016,1.00400262180264,966,1,0.961275
"beta.species[3,121]",0.151111636611191,0.3178023051286,-0.465965500549909,-0.0600478254767872,0.148332908702983,0.357960192876746,0.791484959248474,1.00070051144065,3798,1,0.6854
"beta.species[4,121]",-0.333870448922359,0.336293191532735,-0.998022524152873,-0.555478110936873,-0.333086681428638,-0.111806709991555,0.32943517147621,1.00090352641446,3137,1,0.8424
"beta.species[5,121]",0.140013608629485,0.309316498268398,-0.452427490244241,-0.0707846672891011,0.135629835737341,0.343580238861727,0.766548197601368,1.000990881835,2637,1,0.670125
"beta.species[6,121]",-0.106035619614365,0.306781602579537,-0.707099741619284,-0.309775368573478,-0.104524068114746,0.0972228005671484,0.497684488881822,1.00196967434182,1932,1,0.63675
"beta.species[1,122]",-4.17789219175501,1.06408935394601,-6.13670342752333,-4.89188602660021,-4.24181072460927,-3.53790644128742,-1.85166609683565,1.03569049936143,121,0,0.998675
"beta.species[2,122]",-0.96754752298495,0.499017504748586,-2.00960880742379,-1.28644311481457,-0.937773509706488,-0.626193329521354,-0.05533950122448,1.00211160144407,2153,0,0.981675
"beta.species[3,122]",0.1747804595871,0.32595278053292,-0.471833482111307,-0.0411510068991648,0.173409780559787,0.39024752847224,0.817617382202688,1.00193157123073,1396,1,0.7075
"beta.species[4,122]",-0.286476177491084,0.344301025077834,-0.971823276801732,-0.514391810073311,-0.284295770978103,-0.0578876216131407,0.384002275707248,1.00158465673979,2207,1,0.798625
"beta.species[5,122]",0.0142710071303321,0.319209087110824,-0.618428798849815,-0.195474951796554,0.0155049276358361,0.224104418274515,0.642940181896539,1.00308776778532,891,1,0.519925
"beta.species[6,122]",-0.219424944989355,0.301703406902733,-0.810200029309857,-0.421834535735511,-0.219926684044628,-0.0180426524363153,0.377459919226741,1.0007312561998,39194,1,0.768275
"beta.species[1,123]",-3.90099549234607,0.991889489159773,-5.71365840434705,-4.57177076914594,-3.94222677718075,-3.28289147874477,-1.80835468861845,1.02135646089194,192,0,0.99835
"beta.species[2,123]",-0.499682344722976,0.430641621712785,-1.36699125114829,-0.78287828423346,-0.497359922521788,-0.212901508078273,0.347585858300414,1.00752472563116,391,1,0.883275
"beta.species[3,123]",-0.0917475330435949,0.316662087382309,-0.719144211699147,-0.301699772229913,-0.0888658255416778,0.12076176114991,0.528630792249411,1.00118051952165,2803,1,0.611725
"beta.species[4,123]",0.0136319334546527,0.328097484145018,-0.635663444283948,-0.204500085295444,0.013280942517513,0.231886187257179,0.655810717939988,1.00018996595883,29266,1,0.51685
"beta.species[5,123]",-0.00909289068582432,0.318605410486406,-0.637080128490904,-0.218095962072932,-0.00906068586886681,0.203276942188221,0.611310710186849,1.00317861495853,877,1,0.5123
"beta.species[6,123]",-0.214381022883576,0.303235117526769,-0.833558844945927,-0.409764338950282,-0.209434391347762,-0.0112196629036899,0.366935765270989,1.00214196364986,1386,1,0.761825
"beta.species[1,124]",-2.75043141548787,0.489560902188381,-3.75118039431985,-3.0693871884081,-2.73813973638802,-2.41748806884083,-1.8254042137538,1.00129593475891,2346,0,1
"beta.species[2,124]",-1.17251518872602,0.252226346094954,-1.70649875174984,-1.33192359937377,-1.16014767674799,-0.99834820973436,-0.714770193961791,1.00031436692146,7759,0,1
"beta.species[3,124]",0.250448526464769,0.207166636737316,-0.150074299363829,0.110605548327312,0.249824366251736,0.386931962686906,0.663081346033482,1.00035982256077,6151,1,0.8879
"beta.species[4,124]",-0.197437488332628,0.217630463401148,-0.61782202763937,-0.342279537632288,-0.200346183079896,-0.0553956999629501,0.243013338444092,1.00041849531819,5833,1,0.8246
"beta.species[5,124]",-0.226701611962602,0.185300544854349,-0.591422996097069,-0.350707851204699,-0.225044603659002,-0.101821221397552,0.133241338624518,1.00087825524347,2883,1,0.8882
"beta.species[6,124]",0.303337376232894,0.210918261201158,-0.100457251512442,0.160739079141958,0.300035050338852,0.443297268746025,0.72590605814372,1.00045597924597,5661,1,0.927525
"beta.species[1,125]",-5.30767816497585,0.879505338623791,-7.04987885181113,-5.88283025759094,-5.31186261135676,-4.72442433346957,-3.58505996146407,1.00094454197722,3538,0,1
"beta.species[2,125]",0.293028933513185,0.477488875333864,-0.633480890331005,-0.0295754696000625,0.288971068598517,0.609191770156095,1.23979483631002,1.00128711037106,2012,1,0.729375
"beta.species[3,125]",0.0429147127143837,0.311669729310146,-0.576673788285232,-0.163341827446943,0.0448916613595503,0.251968012639621,0.65319352032095,1.00096261039305,2719,1,0.5594
"beta.species[4,125]",-0.507532334908717,0.33980208630719,-1.19793606957207,-0.73056078133976,-0.497831450429962,-0.275665810934321,0.137725130302306,1.00043676377188,40000,1,0.9374
"beta.species[5,125]",0.0326514933373069,0.31088650875442,-0.591089945915161,-0.17373367993304,0.0360300570615513,0.241807456247618,0.630444546100919,1.00046793099763,40000,1,0.546325
"beta.species[6,125]",-0.0164509525131604,0.297781720236313,-0.596643268257103,-0.214928227677237,-0.0186497266239116,0.178750582042194,0.576080968979029,1.00177349132289,1478,1,0.524775
"beta.species[1,126]",-4.17549008893688,0.889342253693855,-5.88641597429297,-4.76679315787351,-4.1865147449691,-3.58263967592768,-2.40785932281008,1.01131224628666,239,0,1
"beta.species[2,126]",0.00197098314099307,0.437107191825715,-0.849950770786077,-0.287047221450115,-0.00018231763128683,0.286229931341141,0.872341227381073,1.0030791228761,1913,1,0.4999
"beta.species[3,126]",0.363313804962374,0.309678029388425,-0.236438537891457,0.155034731707444,0.361501673258851,0.568239651607098,0.979788560233341,1.00110703663715,3671,1,0.881475
"beta.species[4,126]",-0.258731722051162,0.328305730901615,-0.906753624003684,-0.478343822118271,-0.257190303585241,-0.0388135220880995,0.378861230176737,1.00188777774226,1299,1,0.7856
"beta.species[5,126]",-0.00862371955084977,0.304628432117975,-0.610481904905891,-0.210885707666628,-0.00695881964879847,0.193420759558016,0.586586395063258,1.00290628881458,886,1,0.508925
"beta.species[6,126]",0.0716721380403048,0.311270278158664,-0.537249889035144,-0.135176322599869,0.0685888119600104,0.276120315222031,0.694829643559741,1.00229674207349,1430,1,0.5887
"beta.species[1,127]",-4.24069300990061,0.739014563856441,-5.83383666161932,-4.70134457706183,-4.18533296550596,-3.72987113720939,-2.92635451067621,1.00625280049498,504,0,1
"beta.species[2,127]",-0.00306464550455045,0.231617206418213,-0.46211973724549,-0.157024987871407,-0.0011435248260092,0.152656611714324,0.44472890384072,0.999954489105281,40000,1,0.50215
"beta.species[3,127]",0.106797269821093,0.238971861313364,-0.361272056427464,-0.0527776563518824,0.105895034476139,0.266804944954686,0.575966439754677,1.00043734379287,9571,1,0.672975
"beta.species[4,127]",-0.00696955934192419,0.2417577209779,-0.469263242988497,-0.169532444730292,-0.0100081651282814,0.152719419444701,0.478443180810545,1.00027880587208,12328,1,0.517525
"beta.species[5,127]",0.403092970009176,0.205594609185239,0.0237945973878518,0.262071935514862,0.393794702278134,0.53363729288288,0.832931270904519,1.00051458472555,5866,0,0.9814
"beta.species[6,127]",0.0647816046374394,0.205597776484188,-0.340957511021368,-0.0710878744591384,0.0648974516571795,0.202568914891762,0.466508951704278,1.00032124146824,7698,1,0.627325
"beta.species[1,128]",-4.69460465019529,0.883163356651464,-6.38075819085069,-5.29683804073704,-4.71126129705002,-4.10575863530703,-2.92674860775812,1.00715763033136,409,0,1
"beta.species[2,128]",-0.187309324578536,0.462262854225972,-1.10049431744255,-0.491138661546484,-0.182913411750966,0.121478913519491,0.706389347505759,1.00362899629392,850,1,0.656825
"beta.species[3,128]",-0.108015464552758,0.31616596144324,-0.740935423314669,-0.315467945262624,-0.105653183044541,0.10358361027719,0.509512565479522,1.0039859264671,629,1,0.63335
"beta.species[4,128]",-0.367150199614388,0.331403463581448,-1.03465402788343,-0.583881322791339,-0.363249132869851,-0.145483873272759,0.274651689659462,1.00181879205714,1499,1,0.869925
"beta.species[5,128]",0.0174298897339969,0.30382043046436,-0.597263253666914,-0.182532976895144,0.0213403847700393,0.220933127686551,0.604178238877294,1.00071958913799,4703,1,0.5286
"beta.species[6,128]",0.050686100597961,0.294728216746105,-0.516142467049854,-0.149225048140688,0.0453964030547193,0.246163043629623,0.643955928567422,1.00050170799119,5284,1,0.56175
"beta.species[1,129]",-4.8636297485003,1.00419132978847,-6.73478265122841,-5.5507244175835,-4.88619136927854,-4.22224970194259,-2.79479557148437,1.00736216782658,416,0,0.999925
"beta.species[2,129]",-0.144509226475319,0.476119182210779,-1.07171851776281,-0.461607561043815,-0.143810568320492,0.16671580582761,0.806079218420189,1.00123426069148,2136,1,0.6233
"beta.species[3,129]",0.290223250027661,0.322672759737644,-0.337863611208184,0.0759635287902979,0.288782535716881,0.503287876937753,0.930017066166305,1.00133692977777,1868,1,0.81825
"beta.species[4,129]",-0.236605551680926,0.342438738754107,-0.915760902528187,-0.463489259286575,-0.233564547151143,-0.0101625606414941,0.435194605795074,1.0005792399213,4201,1,0.75955
"beta.species[5,129]",0.102381034480621,0.329684544717347,-0.542585951025918,-0.117258560963737,0.102868571055617,0.319544697044786,0.75978451553462,1.00113372068541,3310,1,0.6228
"beta.species[6,129]",-0.093253851986636,0.307300701669444,-0.701553035023438,-0.295368982347534,-0.0934835225961209,0.112733450174314,0.510367217223468,1.00142674730185,1953,1,0.62095
"beta.species[1,130]",-3.92179479868578,0.902383553814898,-5.62536338757888,-4.54208323316321,-3.95343099094563,-3.30928615829848,-2.11245671383792,1.00420984547428,906,0,1
"beta.species[2,130]",0.000860931471200416,0.450977994642104,-0.940155510903166,-0.27627589878378,0.00819816605905204,0.291504019422052,0.866451989441392,1.01564377604047,239,1,0.5077
"beta.species[3,130]",0.17135513952249,0.29839283989665,-0.403709405538258,-0.029899936992226,0.168820812070185,0.370108252651689,0.760827322086387,1.00063245801886,4132,1,0.71595
"beta.species[4,130]",-0.35782097649694,0.329117781937784,-1.01521369698577,-0.57585537375609,-0.352098506800086,-0.134416166737139,0.274599785341464,1.00274852149385,947,1,0.8646
"beta.species[5,130]",0.221414525504795,0.294980524099817,-0.343709375310149,0.0240747961999074,0.214744780146743,0.416472473280681,0.818745300711568,1.00120052397593,3253,1,0.775575
"beta.species[6,130]",-0.0878675437207436,0.300446544080327,-0.695264446816178,-0.284833347933711,-0.0822803802067478,0.112398659558023,0.492856694519222,1.00409977233971,643,1,0.61065
"beta.species[1,131]",-3.87294978047173,0.795730203195817,-5.21655253850421,-4.39698364237312,-3.94744808482328,-3.44742533611141,-2.02144209531576,1.01917645127391,276,0,0.998975
"beta.species[2,131]",-0.150872339123622,0.342293479653826,-0.85448398193827,-0.370240720021401,-0.144454674839844,0.0759856812191575,0.507088750661859,1.00124295614383,2814,1,0.6701
"beta.species[3,131]",0.13855509098045,0.285377687633655,-0.414532388648769,-0.0533045743902752,0.13695530961879,0.325536068105308,0.705447562263253,1.00029519352736,7378,1,0.68815
"beta.species[4,131]",0.0372933890091752,0.289008136726133,-0.531046859501906,-0.155608061147919,0.0363854176767292,0.229714684708712,0.603268474777468,1.00061131344124,3958,1,0.5494
"beta.species[5,131]",0.0566108858902398,0.280012596159127,-0.48011109192318,-0.128006330548393,0.0523053678616673,0.234406091866246,0.629507811076131,1.00364951752408,983,1,0.577325
"beta.species[6,131]",0.0246610999162433,0.270629216175881,-0.507717222326391,-0.151778283615619,0.0233513049178056,0.201573810006965,0.564074339673353,1.00359094173702,831,1,0.5352
"beta.species[1,132]",-5.13245636303853,0.73227884610065,-6.6286082272857,-5.6150163331175,-5.10161808892914,-4.62551254927597,-3.76202927478513,1.00645068745993,407,0,1
"beta.species[2,132]",-0.178557550481858,0.380422255572213,-0.932600443747461,-0.432100355369434,-0.179458421873577,0.0754011893061389,0.569708881751672,1.00230252721059,1078,1,0.684475
"beta.species[3,132]",0.142691752032975,0.28983612468942,-0.424410355172726,-0.0514535130050449,0.140755995457948,0.333990475317408,0.718119551189931,1.00041513816264,5926,1,0.690525
"beta.species[4,132]",-0.766990240198597,0.334011400617001,-1.44529882202637,-0.983953857829433,-0.757845073791795,-0.541636826179086,-0.132519668846509,1.00034966607462,11106,0,0.992375
"beta.species[5,132]",0.539679206532946,0.279611464797797,0.0227304041507136,0.349790358291245,0.528420354345612,0.72058263490167,1.1209088678518,1.00197417885006,1495,0,0.979525
"beta.species[6,132]",-0.0297193144061348,0.279990023165984,-0.578738157010487,-0.216502792289727,-0.0296128990974631,0.157090390584559,0.521478870582493,1.00068169788362,3662,1,0.543575
"beta.species[1,133]",-3.54119450113506,0.473240475510293,-4.4996216642384,-3.85203013114882,-3.52802079800362,-3.21640227945773,-2.64718118601059,1.00199515554697,1277,0,1
"beta.species[2,133]",-0.255273323782063,0.200362403540353,-0.65768632860722,-0.387219990583708,-0.253268922634151,-0.118896900271489,0.13077318664077,1.00043410184234,5419,1,0.900775
"beta.species[3,133]",0.286324037263862,0.215567021690436,-0.127714379870738,0.139430123226758,0.28322369767855,0.42986017794438,0.716067635981174,1.00042496251634,5824,1,0.9094
"beta.species[4,133]",-0.14257348012346,0.203751563700806,-0.551506796174397,-0.277556200575888,-0.141369578425862,-0.0053863107354023,0.251374963417453,1.00013952454254,14925,1,0.758075
"beta.species[5,133]",-0.0154770904615116,0.176864881410048,-0.370837152068166,-0.13251442286242,-0.0138515628200117,0.103644880240031,0.324021648735797,1.00028235283963,7643,1,0.530875
"beta.species[6,133]",-0.0364715883551853,0.175735781948977,-0.36997276363379,-0.156380531801215,-0.0410481343888181,0.0792674953971155,0.317310729866583,1.00077605645617,3558,1,0.58945
"beta.species[1,134]",-2.33217013645146,0.363350930452894,-3.06859115149487,-2.57009163679538,-2.32421863543085,-2.0854018291361,-1.63481642533023,1.00031867376081,6936,0,1
"beta.species[2,134]",0.677916778785559,0.173119118768038,0.343652610030232,0.561396163912382,0.675738099194685,0.791827876651949,1.0255525320986,1.00008659719595,19971,0,0.999975
"beta.species[3,134]",0.328986723830008,0.196718742225606,-0.0529762210822815,0.196193131208306,0.328059656549012,0.461010605250123,0.715311957453431,1.00005110783412,30207,1,0.954
"beta.species[4,134]",-0.0804312593874004,0.180456826086152,-0.436325517514134,-0.201870299450273,-0.0802920433555365,0.0410563764497996,0.271852325315229,1.00006711884119,40000,1,0.6712
"beta.species[5,134]",0.214663361070761,0.156776528479791,-0.129304152673201,0.120076577934226,0.224160688462117,0.321047115805934,0.498315513253794,1.00061485963928,5032,1,0.91145
"beta.species[6,134]",-0.0223833830679585,0.192994848754966,-0.509792058829501,-0.112991946630705,0.00472745172839136,0.105607650133508,0.282922319222261,1.00108902858688,3284,1,0.488825
"beta.species[1,135]",-4.58557098820833,0.955998012759095,-6.50407120035948,-5.22926795234012,-4.5719410611873,-3.93754797084046,-2.74166860793721,1.00656208496607,431,0,1
"beta.species[2,135]",-0.883062819804313,0.510863868906574,-1.9303506268795,-1.22087939345788,-0.865054806882303,-0.527966914476145,0.0608824462878261,1.00235738804789,1198,1,0.96505
"beta.species[3,135]",0.0895830357480797,0.322134731056636,-0.540794674107514,-0.125191860614425,0.089353318613931,0.302937595573173,0.72271883018702,1.00101427701011,2564,1,0.61115
"beta.species[4,135]",-0.242912501817321,0.34877239859456,-0.945477456992903,-0.474402388182041,-0.239272505105028,-0.0081419256821042,0.431482342522128,1.00046546253305,11901,1,0.757575
"beta.species[5,135]",0.164455285998447,0.31787959933472,-0.449472449953428,-0.0477717249888703,0.158139192859937,0.37209786956796,0.800061616363158,1.00150040475745,1985,1,0.696425
"beta.species[6,135]",-0.296242185729741,0.302207067109286,-0.90189257636294,-0.496224419181139,-0.292220815633848,-0.0927111839241755,0.285778316488122,1.00149489899084,1786,1,0.8386
"beta.species[1,136]",-3.8864925142672,0.412076537040318,-4.74622087762183,-4.14977029657078,-3.86704857986054,-3.60532192391782,-3.12742937510236,1.00079573805123,3593,0,1
"beta.species[2,136]",-0.38135361536662,0.20234779449187,-0.777743602288548,-0.516973402888374,-0.381522419634551,-0.245521888434327,0.0148809839411102,1.00000153629139,40000,1,0.970025
"beta.species[3,136]",0.273774950039262,0.211973222624471,-0.131270097320094,0.130209374865304,0.271927391889855,0.41431796538817,0.697436826750787,1.00014463133672,16424,1,0.9019
"beta.species[4,136]",0.187696755420026,0.190720963459726,-0.182878209234942,0.0593022910452954,0.185885113239752,0.315034795824037,0.56353945389029,1.00013668527887,14897,1,0.83735
"beta.species[5,136]",0.0976523137045614,0.161715237891528,-0.218535061312081,-0.0109873238748118,0.0977323275406895,0.20588626681205,0.418237199257941,1.00022939845605,10391,1,0.729225
"beta.species[6,136]",-0.358469814306106,0.156854408689652,-0.664761484478425,-0.464420050346618,-0.360094618037057,-0.253503300765407,-0.0475729806553032,1.00032211367412,7619,0,0.9888
"beta.species[1,137]",-5.50854431406648,0.894581668391338,-7.30544654159802,-6.09877926125325,-5.5015739315435,-4.90065138751544,-3.7679416593798,1.00179905905923,1842,0,1
"beta.species[2,137]",-0.684304795408049,0.462762073434685,-1.61116500122039,-0.990291588005853,-0.675225199799459,-0.372065903771046,0.206854510271588,1.00295314784153,867,1,0.93495
"beta.species[3,137]",0.235350807076158,0.306052165986801,-0.35800279752552,0.0306542796046477,0.232616106566895,0.436594212653736,0.842368583278009,1.00091577634027,2829,1,0.78165
"beta.species[4,137]",-0.49172761597439,0.331285953888885,-1.15795357493183,-0.709610472328815,-0.486982815183396,-0.266501745148702,0.146437761664949,1.00046937689692,6292,1,0.93525
"beta.species[5,137]",0.400090584849479,0.288753014697922,-0.149291853523044,0.204484981200484,0.393574896235672,0.587973661603256,0.987813087854152,1.00273051806298,1030,1,0.922525
"beta.species[6,137]",-0.320908815514713,0.287284592557506,-0.89413913961869,-0.509927082116399,-0.319449994055084,-0.125978128240405,0.232009415842505,1.00079615439125,4437,1,0.8705
"beta.species[1,138]",-2.66941038424334,0.462923943961506,-3.61123094596206,-2.96870195828421,-2.65689284325194,-2.35809445018085,-1.79141983921022,1.00114697824292,3424,0,1
"beta.species[2,138]",0.117214930719931,0.18302379754364,-0.235829823420049,-0.00656551684867115,0.114829940370989,0.237735801693809,0.484253867925305,1.00013336803804,24139,1,0.738325
"beta.species[3,138]",0.112569520704061,0.206620895173122,-0.29944571467035,-0.0250826135822786,0.116191104365933,0.251310992691751,0.510097445311666,1.00039892318317,6202,1,0.709075
"beta.species[4,138]",-0.383856693197249,0.202869578610599,-0.796710376944304,-0.517383209765792,-0.379859874058381,-0.245287359290619,-0.00101751593599152,1.00073887778714,3369,0,0.9754
"beta.species[5,138]",0.137630768584638,0.174471940862405,-0.189612064097204,0.0216385640521781,0.132963189379616,0.247655518204657,0.499618439138187,1.000237468393,17482,1,0.78865
"beta.species[6,138]",-0.113635934883566,0.17612508604484,-0.478093585693525,-0.226425460919323,-0.109379525303218,0.00433395049731449,0.219516054183498,1.00011382718738,17797,1,0.74225
"beta.species[1,139]",-4.98367288485882,1.00749810566487,-6.97954773018434,-5.65918688996951,-4.97811583003146,-4.301858435139,-3.01796931863524,1.00380761977452,1402,0,1
"beta.species[2,139]",-0.715428689786477,0.510963952835682,-1.76869475509772,-1.04589305299219,-0.700268203368715,-0.365224219692982,0.236559164140487,1.0010238370482,2613,1,0.9254
"beta.species[3,139]",-0.120366108027061,0.314923690921339,-0.746354243121186,-0.329062361785194,-0.117001283011783,0.0946864422670296,0.486546001096322,1.00054161207552,4780,1,0.645775
"beta.species[4,139]",-0.202625389672977,0.334221017475679,-0.853073096725577,-0.427534366442031,-0.204040531248494,0.0166312965338813,0.466459593716132,1.00059425335699,9440,1,0.733375
"beta.species[5,139]",0.244908451210549,0.323243755430688,-0.38851792296327,0.0324961361763979,0.241727055408619,0.455586429963406,0.887813541114087,1.00299584077263,951,1,0.781775
"beta.species[6,139]",-0.0527154559338608,0.31148663603196,-0.669981031607468,-0.259346546191815,-0.0506725822234612,0.156483006315539,0.55641456576684,1.0022378164767,1464,1,0.567625
"rho.species[1,1]",-0.107250288406478,0.0918579612602938,-0.286595656307433,-0.169645367663926,-0.107182756529207,-0.0450072521049292,0.070927828383685,1.00010802382949,17568,1,0.87755
"rho.species[1,2]",-0.9309064402052,0.263968672088254,-1.46391250768315,-1.10486813155142,-0.924855845988021,-0.751295652739467,-0.429484386278405,1.00009190571856,22066,0,0.999925
"rho.species[1,3]",-3.34670178077136,1.04820976021441,-5.3410780871174,-4.07943765555532,-3.36907605572095,-2.63021286149411,-1.25607449664642,1.00561002508133,480,0,0.99935
"rho.species[1,4]",-2.39355024760615,0.286217559651244,-2.91562557102387,-2.59132694618469,-2.40669649527416,-2.20777256454897,-1.79690447553247,1.00237220363574,1178,0,1
"rho.species[1,5]",-0.195341652012531,0.0734705610801908,-0.339124534907219,-0.245060994267333,-0.195339860187584,-0.146128050208965,-0.0514126495649595,1.00008838960274,25865,0,0.995925
"rho.species[1,6]",-1.13324313116327,0.133234065450492,-1.38934167957496,-1.2247457090817,-1.13565040333717,-1.0423678693757,-0.868745618287501,1.00107043371045,2257,0,1
"rho.species[1,7]",-2.03297577955551,0.486265420704996,-3.03144761737788,-2.3519714770448,-2.01768192568028,-1.69791035994354,-1.12868261155142,1.00234555818709,1208,0,1
"rho.species[1,8]",-0.837305488205094,0.520748265571616,-1.80561886983588,-1.19244155857891,-0.862888473208518,-0.505376746723199,0.264767795187418,1.00053801387938,5063,1,0.936125
"rho.species[1,9]",-3.00962856403133,0.617695125205476,-4.17111275603151,-3.43691865060003,-3.02898552256253,-2.59869381812649,-1.75875365243487,1.00302723721953,840,0,1
"rho.species[1,10]",-1.84797268567321,0.20264244824216,-2.25866991103356,-1.98058796081958,-1.8443731156536,-1.7113629775676,-1.46016849418378,1.00047603728646,5624,0,1
"rho.species[1,11]",-0.270705455667984,0.257813769507637,-0.787232732152782,-0.441624636844335,-0.266939299041071,-0.0951129926970675,0.222016522944785,1.00013616157734,14474,1,0.851575
"rho.species[1,12]",-3.10077944939326,0.665857464843011,-4.41344070336239,-3.52978677001343,-3.10765323860455,-2.6719522991608,-1.77487693322648,1.01002235644009,451,0,0.99995
"rho.species[1,13]",-3.93566357948094,0.787992577904926,-5.28660916392106,-4.49625084562101,-4.01067212381097,-3.44144257533057,-2.21406181515066,1.00487260665094,537,0,1
"rho.species[1,14]",-0.622702648255401,0.244440130842923,-1.11391490712317,-0.785535494843758,-0.619206035622792,-0.455401187184897,-0.153138398509096,1.00020977297855,13052,0,0.995925
"rho.species[1,15]",-1.76473256519488,0.355297520661523,-2.49657775775505,-1.99565987079591,-1.75520197915313,-1.52436064054115,-1.09244740572827,1.00037848084599,8960,0,1
"rho.species[1,16]",-3.44774231430002,0.886160004792082,-5.12886754882916,-4.04824424715442,-3.47626956717409,-2.87809695300415,-1.61915538580412,1.00907335530552,307,0,0.9998
"rho.species[1,17]",-1.50173202847564,0.103551805747345,-1.70592163547135,-1.57118794211601,-1.50212598339647,-1.43203842607007,-1.29942822998206,1.00023559170471,11065,0,1
"rho.species[1,18]",-3.67155678339575,1.06252597781509,-5.65749171400207,-4.40203067942413,-3.70894690848485,-2.9640302031999,-1.50353771687654,1.00084139608091,3012,0,0.999475
"rho.species[1,19]",-1.76846252077106,0.322667075934466,-2.36923273980319,-1.99110545074865,-1.78353171722864,-1.55994799081759,-1.09806969230843,1.00152316192025,1679,0,1
"rho.species[1,20]",-3.60951827581583,0.938118614614859,-5.43045741906256,-4.23948242458269,-3.62881162023575,-2.99684889135341,-1.7267013171858,1.00671436913684,388,0,0.9999
"rho.species[1,21]",-2.22447993701836,0.716063639183368,-3.67887531578493,-2.69734906996855,-2.20759949857416,-1.73002195484109,-0.864617325374722,1.0015766188314,1836,0,0.99955
"rho.species[1,22]",-2.83502503463979,0.648230333125318,-4.06633178600366,-3.26916461052631,-2.85611462600765,-2.4228533409195,-1.48180221123434,1.0111231782814,247,0,1
"rho.species[1,23]",-3.8975791593424,1.05626282247153,-5.83955173007007,-4.64642608291807,-3.92807519461324,-3.17468824007633,-1.77748575583719,1.03006974947897,97,0,0.999875
"rho.species[1,24]",-1.41466310307015,0.153398586881517,-1.70963054748065,-1.51871476211092,-1.41657072434885,-1.3126108781777,-1.10694001287848,1.00021206942022,12200,0,1
"rho.species[1,25]",-0.846957549768759,0.131483600024998,-1.10308351649828,-0.935312310119528,-0.847323394423727,-0.758541391142799,-0.588837284069425,1.00008122839099,27781,0,1
"rho.species[1,26]",-0.820678207251548,0.123125690848922,-1.06079169547245,-0.903539467176393,-0.820511729707131,-0.73816584908851,-0.579034424370213,1.00038807341726,6037,0,1
"rho.species[1,27]",-3.35841457014475,0.700954407777483,-4.75802962102347,-3.83553229920039,-3.35420768643865,-2.8819512990047,-2.00758946890336,1.0192167831696,149,0,1
"rho.species[1,28]",-2.93707769799946,0.42044105404611,-3.76301672341975,-3.21804477170442,-2.93556445747177,-2.65564036753263,-2.10967947367358,1.00569938904098,478,0,1
"rho.species[1,29]",-0.516146879914875,0.279394081951104,-1.07808760252472,-0.700219638928063,-0.513759959089233,-0.328614978617145,0.0250102517453251,1.00014328471028,19148,1,0.9684
"rho.species[1,30]",-3.3143700401498,0.946820059535425,-5.0587842397554,-3.96911994249739,-3.35859014624105,-2.70003799165495,-1.34779636562182,1.00563010316191,463,0,0.99965
"rho.species[1,31]",-0.413120420491604,0.0914099966208348,-0.590998015028589,-0.474845581995423,-0.413959457878228,-0.352197936471021,-0.231455341683589,1.00018401171298,11247,0,1
"rho.species[1,32]",-3.39609495534155,0.663666767385572,-4.69253570010446,-3.84566113760992,-3.40479332406339,-2.95039948799805,-2.08321704810178,1.00995403306767,299,0,1
"rho.species[1,33]",-0.801703102725979,0.291772627861004,-1.38757955230381,-0.995074536597303,-0.799438186924079,-0.604187628078745,-0.240644479890464,1.00034234405985,6721,0,0.99765
"rho.species[1,34]",-2.28244954106861,0.658857824584431,-3.55136475305189,-2.74143896529577,-2.29203260369707,-1.82547780681654,-0.996009391254317,1.0019333456387,1648,0,0.9999
"rho.species[1,35]",-4.07612996350683,1.05722992560003,-6.02993982060663,-4.80857936562863,-4.11747464147899,-3.38307820943746,-1.91030145688919,1.01143431217227,244,0,0.999925
"rho.species[1,36]",-0.730379495619996,0.0949083021549622,-0.912880614511354,-0.794847056156005,-0.73179917973354,-0.666924784152261,-0.540086062139148,1.00075772580849,3219,0,1
"rho.species[1,37]",-3.20194661423009,0.521287682140186,-4.24203062221656,-3.54790563376874,-3.19396277554113,-2.84701613918195,-2.20655577920443,1.01088640691581,269,0,1
"rho.species[1,38]",-2.51201136626955,0.460765009561774,-3.49637555505968,-2.8013478708505,-2.48582324988418,-2.19261205802927,-1.68475636250442,1.00090123729129,3259,0,1
"rho.species[1,39]",-2.58227490024715,0.426775737071025,-3.37474442515174,-2.87203877525936,-2.60189054192027,-2.30751032862751,-1.70010089405094,1.00365782619481,874,0,1
"rho.species[1,40]",-0.257385953226642,0.420865079326318,-1.11497768342461,-0.530869965989485,-0.249098820076381,0.0266348123054554,0.54879909839467,1.00015825492637,27973,1,0.7282
"rho.species[1,41]",-3.37734119535258,0.809760246098369,-4.69056524844127,-4.00653857559071,-3.47396165798858,-2.80459213969614,-1.68771161773194,1.0393052888096,70,0,1
"rho.species[1,42]",-1.84263445910402,0.186180292284304,-2.18316571391012,-1.96857946056545,-1.84975241167061,-1.72735301748854,-1.45014489659501,1.00365917187302,763,0,1
"rho.species[1,43]",-0.871217820488091,0.122105631731327,-1.11208565144308,-0.952718916562142,-0.870550815746812,-0.788981036123263,-0.632903870761168,1.00010665885845,40000,0,1
"rho.species[1,44]",-0.243298027869271,0.175847504463395,-0.587407840852453,-0.36194515078722,-0.243900147711871,-0.125492093443245,0.101210651016741,1.00016923293633,16258,1,0.91655
"rho.species[1,45]",-0.530922041703741,0.205493999282065,-0.930390674467415,-0.671016655233005,-0.531103606210416,-0.391875596954244,-0.125527963137562,1.00022807557862,12315,0,0.994725
"rho.species[1,46]",-4.41072576651948,1.121723130954,-6.43297112448646,-5.20621591571264,-4.45851798291468,-3.68084671348767,-2.0485426041474,1.00445183849367,600,0,0.99975
"rho.species[1,47]",-0.673365544703117,0.148544713037359,-0.964150422706622,-0.773424087519295,-0.673113068619495,-0.573569331333604,-0.378114781471132,1.00090866341612,2675,0,1
"rho.species[1,48]",-0.181892320711587,0.0968269247786334,-0.370791446297809,-0.247385658501093,-0.18188981845193,-0.115989839619376,0.00804910418810509,1.00004929984017,29160,1,0.969775
"rho.species[1,49]",-3.14642323732331,0.974845812332819,-5.02284375931528,-3.82230316520123,-3.15168438513558,-2.47847273874489,-1.2411024359846,1.00037907359091,9979,0,0.9996
"rho.species[1,50]",-0.3751112418926,0.0801737554226659,-0.530808661684291,-0.429770656990255,-0.375430740551815,-0.320399505899188,-0.21840051117523,1.00027042079606,8888,0,1
"rho.species[1,51]",-0.379300599084057,0.143789187507361,-0.662975917473421,-0.476518552381065,-0.378623815121356,-0.282105882046381,-0.0981766901697809,1.00041917112653,6884,0,0.99585
"rho.species[1,52]",-3.54556611237439,0.665808469531729,-4.87847824118033,-3.99407072663313,-3.52660683110112,-3.08744519744819,-2.29919437874086,1.01590363679401,169,0,1
"rho.species[1,53]",-2.40510015810728,0.414981800669261,-3.18414239199665,-2.69902783413972,-2.41158252414768,-2.12368916454253,-1.58283662434854,1.00072262523481,20021,0,1
"rho.species[1,54]",-0.758470929630179,0.0947457443435138,-0.944922626194184,-0.821991465036512,-0.757274163314942,-0.694106776498244,-0.57404187062941,1.00049683158451,4978,0,1
"rho.species[1,55]",-1.05024322590065,0.215301318262877,-1.43770572656308,-1.20113987207356,-1.06579323287746,-0.913557879661836,-0.590495389761959,1.00052256145526,5730,0,1
"rho.species[1,56]",-3.43539835320662,0.844536054374791,-4.92004422126313,-4.04521853884938,-3.49115948294995,-2.87274888493557,-1.66978389461859,1.01399768318181,188,0,0.999975
"rho.species[1,57]",-2.12208105882903,0.54315927720909,-3.24681514735089,-2.48198643371414,-2.09765886067121,-1.74187886888741,-1.11965913438655,1.00190967243381,1582,0,1
"rho.species[1,58]",-3.12111505240394,0.353830229975248,-3.81427089549378,-3.3617698422655,-3.12037308679568,-2.88087306081433,-2.43194401072559,1.00330175282813,1353,0,1
"rho.species[1,59]",-3.10689531611628,0.978620704621961,-5.10772858374786,-3.75587298672113,-3.09141244701666,-2.42683569276645,-1.24046870351794,1.02573206175414,108,0,0.999825
"rho.species[1,60]",0.0693401647412738,0.0677418870807056,-0.0610768827743917,0.0232080888365181,0.0686808364984047,0.114871020498129,0.203910347936553,1.00005815703582,25723,1,0.846625
"rho.species[1,61]",-2.74775944913675,0.470473773573635,-3.67708464621446,-3.06466982516804,-2.74573473685077,-2.42661373301135,-1.83453849892765,1.00108747122207,3432,0,1
"rho.species[1,62]",-3.5109784674778,0.813902327658385,-5.10036987531848,-4.08715280845908,-3.48769381559898,-2.93314114001544,-1.9728002282772,1.03710653922982,77,0,1
"rho.species[1,63]",-2.64746638710454,1.30896419036507,-5.05543771666821,-3.55369822131381,-2.71415504207615,-1.80388557450017,0.124327036312537,1.00419267877809,640,1,0.970375
"rho.species[1,64]",-4.10491136207275,1.04622542197736,-6.10646687144242,-4.82851484902716,-4.11492394545971,-3.38917757841971,-2.04782783911953,1.00638019224529,539,0,0.99995
"rho.species[1,65]",-0.00339834571742831,0.0626234297642436,-0.126014363667344,-0.0455094638244013,-0.00393456578106291,0.0386094461108985,0.120072325026085,1.00037446310333,6438,1,0.524525
"rho.species[1,66]",-2.12824588194301,0.340235044499857,-2.81224206242651,-2.35063004461654,-2.12471169803027,-1.8986501352186,-1.47679366511667,1.00283563598624,1094,0,1
"rho.species[1,67]",-2.93608346636963,0.974018261490558,-4.8823353972889,-3.58855541624584,-2.93055660532571,-2.26943241599844,-1.05922117038887,1.00648848463493,436,0,0.999525
"rho.species[1,68]",1.00312632324908,0.0705259257734464,0.86537176216682,0.955333988661517,1.00293418699717,1.05042477536957,1.1424663934645,0.999992222569883,40000,0,1
"rho.species[1,69]",-2.52210594437234,1.36610567679146,-5.0865964001435,-3.47122609334571,-2.57633462678403,-1.6219540076819,0.293837349187508,1.00042012332509,14252,1,0.961475
"rho.species[1,70]",-0.586230781124744,0.114784653989477,-0.806533996534829,-0.663800136037567,-0.587889514324658,-0.510810765398471,-0.356128272825469,1.00000210650516,40000,0,1
"rho.species[1,71]",-1.61139358406008,0.158449578151934,-1.9203234758899,-1.71746377249925,-1.61217124952998,-1.50598248205331,-1.29969199033708,1.00238176420207,1200,0,1
"rho.species[1,72]",-2.63447581286534,0.894527434804068,-4.39446508288627,-3.23328216266771,-2.64324688890127,-2.04253458064749,-0.852659190135204,1.00218181231571,1394,0,0.998325
"rho.species[1,73]",-3.18921394475209,0.466053643993567,-4.09050545539717,-3.49585438002012,-3.19805947457922,-2.8933322581797,-2.24195297800564,1.0017015323182,6382,0,1
"rho.species[1,74]",-3.56923170174972,0.553814585689463,-4.60898314253862,-3.94664748389243,-3.57883992635901,-3.20681052108096,-2.43537658809774,1.01172195807324,246,0,1
"rho.species[1,75]",-2.105575195612,0.266365836973779,-2.61504225854352,-2.28639042365946,-2.10781300968955,-1.92886123664498,-1.57162591642473,1.00224127515765,1206,0,1
"rho.species[1,76]",-0.795752265712725,0.161546569906013,-1.11395971882252,-0.905658489774328,-0.794471708904291,-0.683938733203182,-0.486005905450053,1.00015602073117,15949,0,1
"rho.species[1,77]",-3.40348452948676,0.854572602397492,-5.06210756002538,-3.98435521364802,-3.40006424831419,-2.82614869360855,-1.72847735444103,1.00822278462776,313,0,0.9999
"rho.species[1,78]",-3.64761442225324,0.936920104539984,-5.38057939353512,-4.28977729235913,-3.69000456715132,-3.05124115859619,-1.6482178926907,1.00664358548626,398,0,0.99985
"rho.species[1,79]",-3.22230942080498,0.685743638648878,-4.54485671189913,-3.69194400582519,-3.22324818107784,-2.76169209202402,-1.8582429382938,1.00798658271758,396,0,1
"rho.species[1,80]",-2.50487804173423,0.548722166609786,-3.55272988801061,-2.89621592012205,-2.49946231024876,-2.11592400455236,-1.45001014100442,1.00459612983305,656,0,1
"rho.species[1,81]",-0.966215815303896,0.193927842768694,-1.35018618284669,-1.09621836709519,-0.965080597168217,-0.835098937605468,-0.588247162756374,1.00136852016726,2019,0,1
"rho.species[1,82]",-0.625587279680008,0.110383187184997,-0.84014102339732,-0.699976227626415,-0.625655763832663,-0.551312057941307,-0.410378115281416,1.00037810189249,6496,0,1
"rho.species[1,83]",-1.45668844034728,0.542312398424211,-2.53462717379099,-1.82653965355264,-1.44381234315699,-1.07863756994915,-0.428110171687094,1.00075357467478,4872,0,0.997525
"rho.species[1,84]",-3.69650267162163,0.990713326505483,-5.51765640919845,-4.39968987852281,-3.72836817415178,-3.03225781254751,-1.67666680589047,1.00522160104659,503,0,0.99985
"rho.species[1,85]",-2.80340069691716,0.678008361770375,-4.09378666330758,-3.27320135182149,-2.81402547678324,-2.34839425549824,-1.44324944426628,1.00151937200331,2065,0,1
"rho.species[1,86]",0.219792755924001,0.0565966595778826,0.109488649570843,0.181842220317829,0.219401107991246,0.25798187120733,0.332199868366352,1.00009251291248,24384,0,0.999975
"rho.species[1,87]",-1.46552363064037,0.333011715707886,-2.09368862716228,-1.68666886919901,-1.47417235520369,-1.25276587044478,-0.779907877230769,1.00034147020946,11268,0,0.999925
"rho.species[1,88]",-0.865903573740032,0.209173195684216,-1.27791229090612,-1.00584873532531,-0.866463105271713,-0.725922535126426,-0.456036561401205,1.00006995441064,28110,0,0.999975
"rho.species[1,89]",-2.63658912112926,0.45385321358846,-3.48160500101123,-2.94213515408065,-2.66086398833183,-2.35948243632018,-1.65291078594608,1.00482115398696,671,0,1
"rho.species[1,90]",-2.40793431837675,0.664646658236437,-3.70569576083524,-2.85290485968662,-2.41244963709843,-1.96265363720654,-1.10332628571058,1.00259796947865,1385,0,0.99995
"rho.species[1,91]",-0.408080994741454,0.0791396374555763,-0.560998505307876,-0.461735821542862,-0.408811537839324,-0.354973531693675,-0.250206595976132,1.0001442945293,15352,0,1
"rho.species[1,92]",-3.7267743176038,0.982356104444728,-5.57534848695721,-4.40006786368159,-3.74686111328487,-3.07511312912449,-1.75388054755805,1.00867957344307,352,0,0.999725
"rho.species[1,93]",-2.04861515947352,0.272539460799907,-2.58611608145889,-2.23121608939581,-2.04485706031309,-1.86257000221069,-1.52491817738223,1.00465465914243,614,0,1
"rho.species[1,94]",-1.25677849527422,0.367521319639339,-2.01594673333949,-1.49456581371974,-1.24621846707131,-1.00543897345188,-0.568360968584704,1.00011039585601,18572,0,0.999925
"rho.species[1,95]",-2.24593775229616,0.257938805031441,-2.75007367692245,-2.41696984005232,-2.24607317072749,-2.07246446169191,-1.74274137873221,1.0040639589001,685,0,1
"rho.species[1,96]",-2.29881843131954,0.51710057641,-3.37793556857467,-2.63029830778113,-2.28184730350178,-1.95016348817019,-1.33219381692784,1.00111427803744,2235,0,0.99985
"rho.species[1,97]",-2.40511911052241,0.907941681900387,-4.10912266637246,-3.03758828393065,-2.42949409539067,-1.80118278127605,-0.581465245487048,1.0021271682248,1172,0,0.996075
"rho.species[1,98]",-3.73245457136185,1.12092860462199,-5.7699861322382,-4.55572948005361,-3.76014231123633,-2.93877133358969,-1.53714453849311,1.05906797442581,50,0,0.99975
"rho.species[1,99]",-1.38049954613457,0.241620038036538,-1.84749182901808,-1.54460732234713,-1.38249742609853,-1.2190612188063,-0.898852372660003,1.0010545746034,2610,0,1
"rho.species[1,100]",-3.74346135568273,0.983835427272385,-5.65548542571664,-4.40716689022558,-3.75015986177282,-3.09995535194233,-1.78133488973639,1.01759408396766,164,0,0.99985
"rho.species[1,101]",-3.42659338166186,0.491806738198271,-4.47175419464439,-3.73958445470993,-3.40381748964554,-3.08938165028949,-2.52333294307232,1.01096702501933,344,0,1
"rho.species[1,102]",-3.63274381270766,0.93481104065076,-5.42941428161273,-4.26256743089622,-3.65309822477818,-3.02441442682019,-1.73730756589994,1.01114528385312,232,0,0.999625
"rho.species[1,103]",-2.88379480479625,0.655520560485571,-4.15914192287035,-3.34052475008034,-2.86645847945963,-2.4273394472422,-1.64137441837497,1.01574104084632,180,0,0.999975
"rho.species[1,104]",-2.6394018401695,0.759633135692052,-4.19888062011208,-3.14077795145112,-2.60193244823204,-2.10864601412064,-1.25364350033378,1.00227113559749,1434,0,0.99935
"rho.species[1,105]",-0.360771629671637,0.106714273017862,-0.569073134392745,-0.433136885028813,-0.361507231705676,-0.288639281900155,-0.150401857426761,1.00014811171031,18750,0,0.999475
"rho.species[1,106]",-1.04658180760762,0.30496320286476,-1.67023079048496,-1.24691002129599,-1.04004738831763,-0.838470916121712,-0.468177046440584,1.00032052824825,7701,0,0.9998
"rho.species[1,107]",-1.83986551555746,0.162543017745252,-2.14993142971471,-1.95169513130724,-1.84268003628068,-1.73008671001697,-1.5147918348537,1.00088250028604,2757,0,1
"rho.species[1,108]",-2.90548173325157,1.0651224929301,-4.96595545285403,-3.63506246123017,-2.90936342699785,-2.18497209448337,-0.802066554946128,1.00478564222019,529,0,0.997275
"rho.species[1,109]",-0.274247813316563,0.113130661763249,-0.493301582630113,-0.350306100883259,-0.274591918435064,-0.198100386798843,-0.0517500543195865,1.0000304106319,40000,0,0.9914
"rho.species[1,110]",-1.98187757764913,0.289685137833463,-2.58013178862531,-2.17069969783467,-1.97315042207359,-1.7812245535947,-1.44090481540529,1.00326574378004,893,0,1
"rho.species[1,111]",-3.32966115672166,0.674362801873646,-4.65431222934099,-3.78120302882889,-3.33015540403333,-2.87651735052678,-2.00282466956943,1.00191836478271,2100,0,1
"rho.species[1,112]",-1.1154859913271,0.251650385166022,-1.6114617129841,-1.2862597413722,-1.1143475844644,-0.943690358291582,-0.624782601168724,1.00062470265641,4377,0,1
"rho.species[1,113]",-0.58636598261427,0.148495511669741,-0.878093953243312,-0.687583052664513,-0.585453147155374,-0.486022046025694,-0.296357521178033,1.00023911468708,9660,0,0.999925
"rho.species[1,114]",-2.84001154087292,0.638261761237768,-4.15919734609881,-3.26423193677868,-2.80761038539774,-2.38846499532084,-1.67618339602996,1.00147749988951,1902,0,1
"rho.species[1,115]",-2.05885244436175,0.866029001996093,-3.8868896638113,-2.6178354084197,-2.01371422826152,-1.45626751421634,-0.500690541797365,1.0010498568383,2760,0,0.996225
"rho.species[1,116]",-3.09954818390232,0.874685037657062,-4.69295257968397,-3.72567798950658,-3.1469715530307,-2.50324258354619,-1.32519807674158,1.0040023034949,1156,0,0.99995
"rho.species[1,117]",-4.13942173274986,0.902054256450866,-5.79103640455701,-4.77519099794375,-4.17667344077298,-3.54646525507411,-2.2788611116819,1.02356288449425,146,0,1
"rho.species[1,118]",-1.68832029018435,0.142328894026573,-1.96618839595142,-1.7837872501816,-1.68870416895129,-1.59325486681468,-1.4072903460311,1.00029173563785,8868,0,1
"rho.species[1,119]",-1.83285221835766,0.517342090311271,-2.88474922375651,-2.16789520023902,-1.82481471288773,-1.48519931373653,-0.826467291746815,1.00098189291242,2492,0,0.9996
"rho.species[1,120]",0.224370957045215,0.0614946900908786,0.104633847371389,0.18315029820798,0.224264910868266,0.26580214797281,0.344812577853271,1.00033742149641,6870,0,0.999875
"rho.species[1,121]",-4.13011582923544,0.996931525735613,-5.97384316192394,-4.81749068864907,-4.17956381187672,-3.48539775140969,-2.05821007845097,1.0138948820978,213,0,0.999925
"rho.species[1,122]",-4.26780178121993,0.962754635986069,-6.05403966244784,-4.93116571885985,-4.30666966668884,-3.64227868500078,-2.2629570287277,1.02047094162829,139,0,0.999975
"rho.species[1,123]",-4.09752044065593,0.928769451634114,-5.79377646520888,-4.75086490748975,-4.14052539022963,-3.49191188911337,-2.1571836332274,1.01302040833261,209,0,0.99995
"rho.species[1,124]",-1.67125833808283,0.107819916293868,-1.88180091962871,-1.74356482067909,-1.67204109715831,-1.59880581514823,-1.45893201288348,1.00054706856097,4590,0,1
"rho.species[1,125]",-2.90881530587599,1.11192940362453,-5.05461319560959,-3.67920785933484,-2.90737392466442,-2.1501403396261,-0.742109869544442,1.00141325648765,1808,0,0.99635
"rho.species[1,126]",-3.82351492910173,0.938232188058071,-5.5435877577023,-4.48771211655781,-3.85807229999703,-3.19066268462649,-1.92375717020275,1.01701306743943,159,0,0.999925
"rho.species[1,127]",-2.42046859090073,0.225862584546276,-2.85021664664638,-2.57512665628047,-2.42621781484338,-2.27002650420692,-1.96478955662216,1.00066523377563,4479,0,1
"rho.species[1,128]",-3.39684283433308,1.07216352693445,-5.4888138198347,-4.13161078110154,-3.39556339450612,-2.66103311933611,-1.31203503185194,1.0137196384908,210,0,0.9996
"rho.species[1,129]",-3.79694279138824,1.09659918119216,-5.88356768332146,-4.55020993215433,-3.82323303831925,-3.06387098348737,-1.57629402558433,1.00646483082568,446,0,0.99965
"rho.species[1,130]",-3.98243277288538,0.881517110186945,-5.54252490477516,-4.60956835733343,-4.0375586653625,-3.42055808749646,-2.09731953471319,1.0011559119503,5745,0,0.999975
"rho.species[1,131]",-3.23580118978429,0.890051953238067,-4.99352665445926,-3.85321013298745,-3.20520096432418,-2.61605238141631,-1.54629533957776,1.01326121388455,255,0,1
"rho.species[1,132]",-2.77357370962366,0.505719211132595,-3.77278130709037,-3.11475002582947,-2.76945473287226,-2.4305312298836,-1.79903073699882,1.00139378349378,2061,0,1
"rho.species[1,133]",-1.81122543905589,0.211775595687242,-2.20463198938889,-1.95672168437009,-1.81826227053332,-1.67580566407379,-1.36944924186468,1.00424805396643,602,0,1
"rho.species[1,134]",-0.84092959155699,0.081280051063929,-0.998867274219312,-0.89625731286103,-0.840940929009357,-0.78596072550623,-0.68124650493006,1.00032098865914,10509,0,1
"rho.species[1,135]",-3.99920862692348,1.03023914705996,-5.88907045470489,-4.71148904796303,-4.04114273451448,-3.3442480267625,-1.82412111999468,1.00477269235795,615,0,0.99965
"rho.species[1,136]",-0.892820307917036,0.212666313463657,-1.33110953979039,-1.03071562323518,-0.886030266085811,-0.74770168823841,-0.488366661250841,1.00032757154928,9505,0,1
"rho.species[1,137]",-3.19424553137468,0.71606766731818,-4.61299429613857,-3.67029158307074,-3.186136267342,-2.71122986693469,-1.81232701124112,1.00250249745297,1082,0,0.99995
"rho.species[1,138]",-1.70757531422884,0.14416817083029,-1.97660288520373,-1.80581863674863,-1.71250051912568,-1.61351134574482,-1.4112130852582,1.00047015429623,6759,0,1
"rho.species[1,139]",-3.78311629197982,1.08255240282006,-5.72754774649248,-4.55111751336051,-3.85212502696293,-3.0747674701756,-1.52828898483304,1.00198199923506,2196,0,0.9994
"theta.species[1]",3.35391240746848,0.314224313568797,2.7655280108136,3.13772686045485,3.34619394278963,3.56084758677334,3.98963663650947,1.00026202453475,12203,0,1
"theta.species[2]",7.56694779774244,0.832004545978746,6.03306942384238,6.99347057850519,7.53633682180455,8.10635099038922,9.29917770596156,1.00036851476304,10924,0,1
"theta.species[3]",4.24066391389273,1.58064060763351,1.27463854089114,3.20507774592157,4.18363810567156,5.21224902926658,7.57408775968867,1.00086991886522,16239,0,0.99665
"theta.species[4]",4.40222157097664,1.15466598040942,2.24843042176662,3.61707035072822,4.37145648721232,5.13053627835368,6.78222816692507,1.00170121580349,3077,0,0.999975
"theta.species[5]",3.47516704025781,0.38888993915644,2.75550150389854,3.20530076376317,3.46148613974095,3.72787164549433,4.28205662828366,1.00028608877251,15307,0,1
"theta.species[6]",2.92460211512516,0.705959787976911,1.59287793273138,2.44247005738252,2.90729103084084,3.38782788819604,4.36280944346608,1.00207682480581,1265,0,1
"theta.species[7]",6.49770749250939,1.25715908537241,4.20550527398756,5.63031729320355,6.43888338083659,7.30367353001684,9.13150511014411,1.001797293651,1432,0,1
"theta.species[8]",7.14427348007414,1.19835551436558,4.9088588703397,6.32637376532806,7.11323380119578,7.92742735944584,9.59258447802339,1.00017994573777,39608,0,1
"theta.species[9]",4.97463964715484,1.07205046894748,2.831647342423,4.26593556084961,4.9865127966259,5.69511676487473,7.04636764101659,1.00196772706422,1449,0,1
"theta.species[10]",6.59748706612935,0.78453650195069,5.12332573433382,6.05886563357111,6.57346850607752,7.10965869502494,8.20697401351108,1.00059545264602,5890,0,1
"theta.species[11]",5.56637246515771,0.674500109324064,4.25402983936364,5.11321481858465,5.5622260017561,6.01692701933131,6.91005740872195,1.00052044979149,7707,0,1
"theta.species[12]",4.79278656995615,1.48124846518807,1.80884265123378,3.83880889791127,4.80457519793048,5.76487118960785,7.70317931363016,1.00452315840283,967,0,0.998625
"theta.species[13]",5.09134818613976,1.50027351916566,2.03708468378372,4.0985024681346,5.14914158875604,6.12362934750197,7.88236216383332,1.00408094362972,794,0,0.9994
"theta.species[14]",5.66429363246195,0.688433630851957,4.34906469531137,5.1964705470182,5.65062963117741,6.11765926533219,7.05139042028337,1.0002370225814,10914,0,1
"theta.species[15]",5.34160458362384,0.920099332482631,3.55643860634364,4.72474279984207,5.33410973456103,5.95044751681245,7.17930426230581,1.00084582013685,2871,0,1
"theta.species[16]",4.1637397261143,1.31308592676601,1.42868638233852,3.33170202249373,4.21094276884717,5.0481341199765,6.62152667199456,1.00069906311589,11657,0,0.9976
"theta.species[17]",5.95523551103736,0.764431080408792,4.58610116456739,5.43792171778326,5.90849041499353,6.41961307611412,7.62526872969647,1.00065100033389,6350,0,1
"theta.species[18]",4.58594674781469,1.44487331767889,1.69904761467811,3.66411743404696,4.59952850750429,5.53307588495173,7.345153984727,1.00239212399149,1129,0,0.99785
"theta.species[19]",7.45509760595708,1.27872023659742,5.00980440800446,6.58949729765689,7.43942279927058,8.29837940774729,9.99689888296404,1.0011726470674,3491,0,1
"theta.species[20]",4.58163536111216,1.34596930863275,1.97296243335531,3.68525012023544,4.56946251983421,5.45866734181764,7.24634151453225,1.00069073490607,32342,0,0.99925
"theta.species[21]",5.67846804976939,1.05651064025981,3.61926099972484,4.97540906565322,5.66993376821962,6.37858211185492,7.76537986226576,1.00236195563909,1172,0,1
"theta.species[22]",5.02454589202837,1.37061661618361,2.34794693021872,4.05819198080758,5.05436962793376,5.99630221963414,7.60502467128642,1.00833999196635,325,0,0.999775
"theta.species[23]",4.66915580528918,1.63897131917987,1.55626874550998,3.5792939733985,4.62663099081597,5.68398751438168,8.11823641089118,1.01964075485302,159,0,0.997675
"theta.species[24]",3.50084355941184,0.746446500261173,2.10892149691261,2.99249549498951,3.47311288424945,3.96941043575999,5.0872716746669,1.00079692233682,7069,0,1
"theta.species[25]",4.27902988170423,0.637520213671858,3.05926802064538,3.83966485082835,4.26840393804674,4.70104937407178,5.56032685159997,1.00001062735096,40000,0,1
"theta.species[26]",4.53440680658897,0.634943122992038,3.3637732010071,4.09618088022731,4.50977897470388,4.94298230090376,5.8566551318017,1.00089617391338,5867,0,1
"theta.species[27]",5.6247603659219,1.27681671624538,3.16661109880156,4.79021556888012,5.59567466341315,6.42081491306395,8.25296814006115,1.00342613690177,846,0,1
"theta.species[28]",5.76234693246834,1.19356600095981,3.45719911535417,4.96784259870913,5.74980382002647,6.53813975151689,8.19021983363252,1.00903554794839,332,0,1
"theta.species[29]",7.26756116002824,0.954429821396467,5.49294566817336,6.61683052792354,7.23164200640869,7.88404005070503,9.24882289859761,1.00049762201691,4781,0,1
"theta.species[30]",4.37502298836816,1.4025374035344,1.49221050845081,3.4718515706264,4.41847686310897,5.32591710209273,6.99202191736891,1.00462961634596,570,0,0.997875
"theta.species[31]",4.44469880460448,0.477095725515583,3.53989759600516,4.12117332344461,4.43472513293262,4.7579660967034,5.41119387372441,1.00044869631657,9870,0,1
"theta.species[32]",6.1678958768428,1.14919600730394,3.94076876442469,5.41457969259898,6.15690319748992,6.89904094561053,8.50227198337147,1.00146380948605,2870,0,1
"theta.species[33]",4.74488589927024,0.709039720750495,3.42975555877161,4.26206052242043,4.72426098681982,5.19658540109474,6.23075336220373,1.00059650685972,4179,0,1
"theta.species[34]",5.36557347646128,1.31281327262133,2.93504361440336,4.45119065904667,5.30989761874233,6.24132016172543,8.01246203672888,1.00151915767117,1924,0,0.999975
"theta.species[35]",4.67729699879748,1.45273069154831,1.84890293781796,3.69694036808695,4.66442571710646,5.65359769112778,7.51060756593561,1.00048116026335,5866,0,0.999075
"theta.species[36]",4.50682395422115,0.629370491747147,3.32501642888101,4.0722400236066,4.49204477609557,4.91807344649635,5.79495595674709,1.00128784113196,1969,0,1
"theta.species[37]",5.08618684310851,1.1567291671829,2.80395431506271,4.33840102246251,5.07244860893254,5.81697597574032,7.43353140672158,1.00368312472742,706,0,1
"theta.species[38]",7.67662834242109,1.1366838450386,5.57621677538011,6.90413198334297,7.622100603653,8.3979629554538,10.065216654737,1.00113166456521,2979,0,1
"theta.species[39]",6.21548841269395,1.25426752199243,3.78568730001846,5.36049076036576,6.19694760619063,7.05803833830412,8.76297262444566,1.0035148853249,788,0,1
"theta.species[40]",5.22064236141474,0.854670867677515,3.60410745476335,4.64158179355266,5.19964654377189,5.77815437868464,6.95890654282552,1.0006740128338,3775,0,1
"theta.species[41]",3.78140117214792,1.81216770435237,0.338199809001096,2.49185897518411,3.76734430839453,5.05944347807536,7.27361156751366,1.01789260793058,146,0,0.985025
"theta.species[42]",5.81406107286669,0.92625550991263,3.90324083261465,5.23863061980857,5.83244757141783,6.41939438643976,7.59221271499514,1.00356282702785,1067,0,1
"theta.species[43]",4.04538907815962,0.471845475138449,3.15824026248456,3.72199846824669,4.03287046922373,4.35643574744804,4.99691125688018,1.00051836397341,5081,0,1
"theta.species[44]",5.40119160605967,0.582605809955269,4.27892391108529,5.00752144930954,5.39365039150742,5.78974638166705,6.56436933236521,1.00008605257464,40000,0,1
"theta.species[45]",5.183896391209,0.595656356134577,4.07237431236901,4.76876803099786,5.1695007597945,5.57916047363628,6.40185258103305,1.0002939695995,8205,0,1
"theta.species[46]",5.12671503646379,1.5981786402408,1.90435495404182,4.07727356927267,5.17664090679732,6.18690969778667,8.22679778560988,1.00480511119785,559,0,0.99875
"theta.species[47]",5.55022692050977,0.762048692533112,4.17238524653724,5.02799115176917,5.50910665403966,6.01910188574114,7.18132222363561,1.00095300554579,3727,0,1
"theta.species[48]",3.29754387355312,0.466591171089613,2.43658646077322,2.97407341277061,3.28072032437181,3.60004094576779,4.26367610737466,1.00005705356546,35759,0,1
"theta.species[49]",4.56412324532342,1.32157704993026,1.8968323323663,3.69979634627473,4.58151894818903,5.4496338719051,7.14086660673876,1.00555777027188,475,0,0.9992
"theta.species[50]",4.94373922298768,0.464698494641662,4.07064010956732,4.6238608171904,4.92869528777034,5.24490827326253,5.89304167420345,1.00022173957251,18717,0,1
"theta.species[51]",4.8233977743062,0.488275610580539,3.89424474133862,4.48784095477292,4.81531366782222,5.1447905831858,5.8019669762427,1.00065889508068,3640,0,1
"theta.species[52]",6.32083011681393,1.52249207525686,3.13276196771107,5.38328035864728,6.38182536313905,7.32113274930125,9.15616116435102,1.00504746395516,637,0,0.999275
"theta.species[53]",2.59461813699329,1.09855724360945,0.563829829568271,1.85142180876075,2.54383002284944,3.28515742579976,4.88467061322704,1.00144314605504,18195,0,0.99405
"theta.species[54]",4.26483022636932,0.489977600134246,3.37926156023955,3.92280058103059,4.23857867114763,4.57686797100168,5.2990504439061,1.00076432097885,3474,0,1
"theta.species[55]",6.95990097735906,1.03861765162638,5.06774232433798,6.21671466754184,6.92741404308595,7.65188523627473,9.08693676721034,1.00062105976809,4601,0,1
"theta.species[56]",4.33101450025713,1.41443947028997,1.52178305935252,3.41214396506044,4.31502282796365,5.25253697568869,7.17686812157279,1.00702761557205,430,0,0.99835
"theta.species[57]",5.41736627184023,1.14886373222792,3.42244164626603,4.64406855416466,5.32631216987622,6.0707351756817,8.03143915499372,1.00191784314497,2868,0,1
"theta.species[58]",6.59047997776388,1.2068702340417,4.28318195606109,5.78968597012845,6.56416409900126,7.35168961591009,9.0898057646815,1.00229452786361,2446,0,1
"theta.species[59]",4.76166948809787,1.39750287341859,2.14226045860114,3.82137481985857,4.72019795232278,5.64573434606379,7.6672792860683,1.00296944321621,2036,0,0.999775
"theta.species[60]",3.65985588823895,0.582203081364783,2.59845383872762,3.25706088535631,3.62948856424643,4.03189750649085,4.87902422123746,1.00039383485584,6387,0,1
"theta.species[61]",4.98515266659132,1.05526614479978,2.96108153376927,4.276840805075,4.96045046604624,5.67156181718509,7.12475167632862,1.0013164235419,2345,0,1
"theta.species[62]",5.86648001117552,1.30458011201143,3.41539617922148,5.00101060938699,5.81040285119783,6.68026662684063,8.60799712028866,1.01497960778338,272,0,0.999975
"theta.species[63]",4.4746718888689,1.48570400016081,1.50015037060527,3.49998251095865,4.48348635495491,5.47056777137498,7.34900251078384,1.00078148015018,3381,0,0.998075
"theta.species[64]",4.50850534474325,1.44197007151787,1.65622470594722,3.56991289176462,4.50907654610621,5.46835118524322,7.33034121317178,1.00320201375045,800,0,0.997475
"theta.species[65]",2.79064650443507,0.398589181827455,2.03968424585071,2.51666926798247,2.78009660758417,3.0522119116575,3.60115136976897,1.00035679081021,7082,0,1
"theta.species[66]",6.47590364461683,0.852180666145025,4.84315023309165,5.89943087098252,6.46527248197957,7.03012667037611,8.18670178699362,1.00098732155432,6140,0,1
"theta.species[67]",4.70533193310785,1.58281440481839,1.90894367887769,3.60945559928854,4.57357394274198,5.66780858174716,8.16406960053726,1.00784343185823,388,0,0.99965
"theta.species[68]",3.16881836581057,0.338762228204631,2.5231836058357,2.93768735659226,3.16198226482763,3.3946188145598,3.85367398831382,1.00041571709687,6270,0,1
"theta.species[69]",4.40354059890377,1.5137996352785,1.44636813752926,3.40492999860768,4.39328224937889,5.38691460159662,7.42523813451563,1.00032323133363,30684,0,0.997725
"theta.species[70]",4.57984109293509,0.69919724789713,3.25339261836074,4.09151058549092,4.56532317670833,5.04700979141087,5.97656497432039,1.00008323206276,34528,0,1
"theta.species[71]",6.43488359443756,0.775796688448587,4.9531431968966,5.91163186777495,6.41786096588524,6.94049358359027,8.00829670474928,1.00281557291767,1098,0,1
"theta.species[72]",5.42207984265425,1.33561285753207,2.86053436546909,4.51150567612909,5.39622540177777,6.30036992263515,8.11262719547643,1.00186349245774,1520,0,0.999975
"theta.species[73]",4.53894874654127,1.32529054630202,1.80411162572859,3.71396833230353,4.57166922335069,5.40148295252807,7.09419506584954,1.00190694052409,2023,0,0.99895
"theta.species[74]",5.10286476233266,1.39520495558602,2.24547542210769,4.18658757789901,5.15664187708749,6.06319280949806,7.69405391894671,1.00369422777248,775,0,0.999475
"theta.species[75]",5.09542990421201,1.02209987837622,3.18270428372831,4.38563442218412,5.06633475298358,5.78569344916771,7.14271123208146,1.00243525538511,1606,0,1
"theta.species[76]",4.27395058570121,0.491089316026595,3.33981490799412,3.93858639520782,4.26140087292721,4.59676692574878,5.27804830146148,1.00035014722147,10277,0,1
"theta.species[77]",5.82465280212144,1.46906289056831,2.93358394093086,4.84586535655981,5.82994058240711,6.8002023981034,8.70809080084993,1.00174850703171,1944,0,0.9999
"theta.species[78]",4.70331020080479,1.33769924278973,1.85685613069067,3.86733883947068,4.77056571336125,5.60841632555715,7.16332504953515,1.00029923389887,11218,0,0.998825
"theta.species[79]",4.34194979572817,1.33857661356597,1.84927253201244,3.44969648027369,4.29412448577731,5.16400571248471,7.18797324058665,1.00827129819616,417,0,0.999625
"theta.species[80]",4.82664458488175,1.25019750339977,2.52282671164457,3.93377873082298,4.77041293219618,5.68155728908954,7.33474026687225,1.0039615839446,789,0,0.999975
"theta.species[81]",4.70365512455725,0.692761676947864,3.4263917810882,4.23242169558862,4.67197595991081,5.14528766861069,6.15603417371148,1.00248830843828,1170,0,1
"theta.species[82]",5.62166052873062,0.585228471071179,4.53750679670261,5.22123689554442,5.60017649325154,5.99265663403361,6.83257267889649,1.00084602995034,2880,0,1
"theta.species[83]",5.07894062822181,1.12059542949507,2.99656188749688,4.30201719212985,5.03682505987497,5.82162729478311,7.35891081062161,1.0002579589814,20114,0,1
"theta.species[84]",4.64706226937956,1.46510115144929,1.68506898053815,3.69002091856253,4.66787075344242,5.62142087391054,7.47951718157869,1.00392088304212,801,0,0.99855
"theta.species[85]",4.24958630396738,1.69500546804874,0.841356742188847,3.08367824606239,4.33458856743535,5.48551196114984,7.29986700153269,1.00660012498507,449,0,0.9934
"theta.species[86]",1.93544363772407,0.403228091256105,1.16565566630199,1.66064488393667,1.92840250669527,2.20323233047195,2.74049661217521,1.00000408329337,40000,0,1
"theta.species[87]",7.02120222522354,0.992694745047613,5.01404721939873,6.38070907348965,7.02782800835487,7.67191833313085,8.9858013808412,1.00058676900769,6973,0,1
"theta.species[88]",5.18081925441207,0.698794926036232,3.82838430592342,4.70970620546663,5.16984755538765,5.64605858526498,6.57085694144884,1.0003967814289,8116,0,1
"theta.species[89]",4.45606188518836,1.48089591996045,1.22313747349837,3.54256720745212,4.61240185424289,5.50714829398711,6.97860626741066,1.00698015414503,374,0,0.997275
"theta.species[90]",4.71980713131518,1.29834515120313,2.1590476131035,3.85609732533124,4.74121493282392,5.60050727723957,7.21959561090542,1.0014782566032,2674,0,0.999725
"theta.species[91]",4.02590946837272,0.492118266819001,3.0919971438255,3.6870251074442,4.01601817039139,4.35300307023624,5.01168807323216,1.00092094317174,3123,0,1
"theta.species[92]",5.7903148140227,1.59665517804194,2.343144611907,4.81292451226205,5.88156163564577,6.84825410712017,8.74658793384695,1.00155007664283,2188,0,0.99945
"theta.species[93]",6.0848430065344,0.889073321949892,4.46371627579478,5.46273373209712,6.04133224421254,6.65053532445421,7.97932013131581,1.00339782243122,1198,0,1
"theta.species[94]",7.63408121373311,0.991776171458111,5.78618858651212,6.95572023473432,7.59976506150586,8.27217170537343,9.67404252439853,1.00135020723796,1976,0,1
"theta.species[95]",6.49608316394664,1.07246660138919,4.61121569890488,5.75747999620206,6.41765658155217,7.1459988371297,8.82652901137127,1.00185662881935,1400,0,1
"theta.species[96]",6.53041618976982,1.12867914656582,4.36661252197681,5.79861868159863,6.51102594819562,7.25227448759746,8.83835349255426,1.00147697532797,2209,0,1
"theta.species[97]",4.37760056928687,1.45592319098929,1.35452593332416,3.42137872474385,4.44519372768267,5.39326136887296,7.03985658837922,1.00069485878942,14407,0,0.997175
"theta.species[98]",4.68844466955183,1.62884676355169,1.52427357963546,3.59332728789191,4.67447273468148,5.77854989261751,7.88543250405109,1.01475359792688,190,0,0.9976
"theta.species[99]",4.30657730302931,0.814495426560988,2.71586199024846,3.76678738581574,4.30157389452905,4.83829615169954,5.94942245439205,1.00241032151944,1198,0,1
"theta.species[100]",5.15156492694148,1.7021403345272,1.67781332735714,4.01996308630792,5.24915754708899,6.33316751112695,8.27672751680205,1.00502277992235,518,0,0.9981
"theta.species[101]",7.06753684707523,1.38713867251585,4.28711379119033,6.16961018733902,7.09597630702572,7.995653930908,9.70839735164304,1.00261227506679,3130,0,0.999975
"theta.species[102]",4.39006540815102,1.2520592723027,1.86092823992636,3.57747279444575,4.41599198605368,5.21825633231721,6.79427980047454,1.00063889939282,6309,0,0.99885
"theta.species[103]",5.17675931228702,1.25041332243627,2.88928519299087,4.3436186962849,5.09821714118044,5.93045128339501,7.88997215818018,1.00503122547573,577,0,1
"theta.species[104]",6.78804255215811,1.38840185911743,3.94954611839424,5.90813953497326,6.79390585179628,7.68579042576211,9.51504630144256,1.00253534363386,978,0,0.99995
"theta.species[105]",4.37316182062192,0.482349655079415,3.47324687508334,4.04177786461318,4.35643581674277,4.68779144883206,5.36234826455294,1.00050415867598,6231,0,1
"theta.species[106]",5.41774177743285,0.741938285744016,4.03409992610332,4.91010858246791,5.39749305169725,5.89913125185414,6.93792732281873,1.00114659321216,2307,0,1
"theta.species[107]",4.05149021067496,0.908685254635812,2.32214361303603,3.43507331041315,4.03890947322781,4.65727811740911,5.84952350100267,1.0014522231927,1768,0,1
"theta.species[108]",5.30900761330873,1.31812504401451,2.70411253977687,4.44391886453557,5.30921210275795,6.18142999153957,7.89618967281557,1.00064271012354,5445,0,0.9999
"theta.species[109]",6.11197155070216,0.650157726929959,4.87564322981234,5.66683539959413,6.09742797196413,6.5422408294752,7.42819374823348,1.00017451613641,40000,0,1
"theta.species[110]",4.22889757190357,0.931165573874206,2.57104902362647,3.60477473358784,4.16060885826567,4.7625157029546,6.30088791305776,1.00234712990917,1407,0,1
"theta.species[111]",4.4895876609696,1.2917496832956,2.02092466638559,3.62819181794854,4.46780084732724,5.31218349105211,7.14536840741695,1.00200699752098,2396,0,0.999325
"theta.species[112]",6.5334809042687,0.844573549221577,5.00827611476292,5.95045448490032,6.4871817559951,7.06291534247978,8.31030954497182,1.00077342903011,3976,0,1
"theta.species[113]",5.33116289775096,0.5822776584945,4.24602905824771,4.93241067462115,5.31287514997978,5.70646436519063,6.52690600223,1.00139192860615,2007,0,1
"theta.species[114]",6.47548947586213,1.26423169654776,3.98704693651556,5.6432404504174,6.48018408110075,7.30618937163769,8.96102706898298,1.00104673411666,4531,0,1
"theta.species[115]",5.88807690808046,1.2187205690884,3.56179910444649,5.06871337074476,5.86252605084479,6.68350034021258,8.34490937630302,1.00012670852332,34207,0,1
"theta.species[116]",4.22213288120445,1.58707119305404,1.30954181894079,3.12318760651449,4.14885075678542,5.25143351555467,7.5222256145973,1.00899224889882,339,0,0.997475
"theta.species[117]",5.12834085980161,1.62701961496337,1.99401582503166,4.01278308427562,5.11160499047868,6.21290423163817,8.34543859600616,1.01015506556033,289,0,0.999325
"theta.species[118]",4.01138147097531,0.977408771219936,2.09102806463299,3.3669119030734,3.99555566406381,4.65561214151214,5.95297445234583,1.00188137140272,1952,0,0.999925
"theta.species[119]",5.60287481930826,1.24581522580008,3.21364558919602,4.75775026213603,5.5874531303727,6.42706245508958,8.10845394413373,1.00038645341658,6694,0,1
"theta.species[120]",3.39562061491658,0.376287883024294,2.6961625647579,3.13647003247396,3.38067589638495,3.6386158783833,4.17899143608284,1.00049953930308,4780,0,1
"theta.species[121]",5.15140807575877,1.41921591931537,2.369094170289,4.22524190762744,5.13903468721731,6.04835751116151,8.01318686158555,1.00234963789462,1289,0,0.999825
"theta.species[122]",4.96573985366893,1.46952993865389,2.09355199779595,3.99708239151065,4.93638023168048,5.91525961902849,7.94305038303046,1.00651650129797,448,0,0.9994
"theta.species[123]",5.17597179760084,1.65972611405864,1.79577947892591,4.09173874236805,5.22955462376898,6.27038847673238,8.36006905835941,1.00787125635314,337,0,0.998525
"theta.species[124]",5.28115382155436,0.787132583796072,3.74427294823147,4.75556348130553,5.27396200187403,5.79990095354624,6.83827570661355,1.00364482304281,730,0,1
"theta.species[125]",4.99278916918665,1.32680956788745,2.47631849009593,4.09365412952488,4.95883883774992,5.84912474664712,7.69653857279052,1.00032768126622,7347,0,0.99995
"theta.species[126]",4.54117774909301,1.5006188288068,1.58297368309906,3.5442612938997,4.5354980952312,5.53650948066446,7.50322909389929,1.00403933320549,890,0,0.998325
"theta.species[127]",6.03385433614061,0.996427098145321,4.12293955251359,5.37240670745422,6.02319515279508,6.67610547443396,8.04992166160295,1.00614252808527,621,0,1
"theta.species[128]",4.40395544944574,1.54650660650353,1.38778173744263,3.38367297078114,4.37631713431949,5.40361081191807,7.53201678784006,1.00690689231012,375,0,0.996975
"theta.species[129]",4.85095514389907,1.43422365250238,1.98732887000935,3.89965383136858,4.87040867811881,5.81227947039186,7.61016838361,1.0009797636315,3271,0,0.999325
"theta.species[130]",5.78675851573131,1.88728706077153,2.22859665407845,4.42399370176068,5.74957828899836,7.14586737387226,9.39542122767524,1.00372897002348,751,0,0.99925
"theta.species[131]",5.4179113085909,1.67553070947262,2.25312491090162,4.24152771025799,5.41019243399823,6.55681190217869,8.68075241204115,1.00786134514947,484,0,0.999875
"theta.species[132]",6.36951917665561,1.31142162448838,3.64975103258708,5.53434723345801,6.40527834227302,7.24855680284372,8.84523922738464,1.00443187448692,580,0,1
"theta.species[133]",6.07119206292775,0.960446081688079,4.14485070537973,5.43421977717933,6.09732038703793,6.71126872792562,7.94095607770806,1.00513313398011,534,0,1
"theta.species[134]",4.80512110701905,0.540256348319965,3.78041886150945,4.43683358148181,4.79111229568096,5.16302635494548,5.90165849992317,1.00098624476024,2589,0,1
"theta.species[135]",4.48956327244047,1.49858829757951,1.55478437333774,3.49738361048049,4.47955060190271,5.47096467929602,7.48143502325135,1.00184399798847,1750,0,0.997825
"theta.species[136]",4.59198329514997,0.737019958887818,3.3048138226818,4.08264562832165,4.53251089625798,5.03689949622691,6.19387475118465,1.00061715803166,5760,0,1
"theta.species[137]",5.19912297177043,1.14854768405868,2.88538556991969,4.45645988058406,5.21239113243495,5.95784404609147,7.42533349862322,1.00258219377936,1050,0,0.999975
"theta.species[138]",4.9403048047978,0.863288192788504,3.21883264658449,4.35235284885832,4.9596051930815,5.53853341933384,6.56379712223473,1.00181089433195,2523,0,1
"theta.species[139]",4.81662267741085,1.53287060840153,1.7460700795499,3.81926933070733,4.8479549627529,5.83107472387214,7.78408732180342,1.00064997431825,40000,0,0.998525
"year[1,1]",0.221051559972678,0.74229118549253,-1.23384597909831,-0.279929349240626,0.221079595040003,0.719143552260567,1.67548858308167,1.00026330578188,8058,1,0.616975
"year[2,1]",-0.099186124132679,0.749924856677299,-1.56170830482116,-0.605762641485297,-0.100344477672137,0.405419381970268,1.37061352360935,1.00022753813086,9440,1,0.55375
"year[3,1]",-0.323706513888382,0.805515359079317,-1.92503437865995,-0.860963922518795,-0.318764915051479,0.220446439499445,1.23745686592945,1.00021355131995,10593,1,0.65605
"year[4,1]",0.306233103526224,0.768547822668973,-1.20001172665592,-0.210260912185894,0.305595815500433,0.819488747369676,1.81827532044777,1.00019575643216,10815,1,0.65465
"year[5,1]",0.569762124693745,0.753436947747787,-0.894899843670392,0.0639145379346459,0.569522721656453,1.07258651169686,2.05937916392152,1.00016003810884,12330,1,0.77645
"year[6,1]",0.218652088719482,0.74586043979257,-1.23758717053423,-0.279523380918785,0.216883463801399,0.722834192149769,1.67652175484473,1.00003093826272,40000,1,0.617
"year[7,1]",-0.220753313038547,0.776251124579215,-1.75065398033846,-0.742470212661704,-0.219965041871018,0.305182738968156,1.30115543175563,1.00006902399187,23391,1,0.61115
"year[8,1]",-0.544800798579584,0.787683414577899,-2.10395863940453,-1.07100548782291,-0.542972027128435,-0.0129515652616317,0.99542290597173,1.00031406409488,7011,1,0.754625
"year[9,1]",0.122848501225975,0.782865918188494,-1.42058310813233,-0.402033958334444,0.120749605940443,0.650229639504449,1.65875732582243,1.00018644072023,11865,1,0.5626
"year[10,1]",0.0733098804931314,0.749936178309829,-1.39523432620969,-0.431587308359938,0.0748904441568884,0.577580342070826,1.54991347124803,1.00024327839727,8763,1,0.541425
"year[11,1]",-0.123878706477224,0.749628347791184,-1.60302961701245,-0.628716368378029,-0.120083470361404,0.385447692320815,1.33283327001456,1.00010554356656,19616,1,0.563575
"year[12,1]",-0.174450166511189,0.797898021661779,-1.76322027121309,-0.701726058247181,-0.168820206809043,0.362478842063203,1.3767041284662,1.0003657601893,6496,1,0.587025
"year[13,1]",0.0843719546026257,0.818141981558395,-1.53368142159518,-0.455050139879115,0.0860341321073837,0.62898943627822,1.68142779439132,1.0007092948259,4390,1,0.5438
"year[14,1]",-0.366468762854107,0.755928396662885,-1.86206741063555,-0.871070688584821,-0.363795615222176,0.139564237112043,1.10865820450909,1.0000227282145,40000,1,0.68815
"year[15,1]",-0.349752195131064,0.761797188460509,-1.85303303983288,-0.860300029539426,-0.345086355592944,0.161497165028655,1.13633644712275,1.00002630046589,34569,1,0.677425
"year[16,1]",0.0791727636769885,0.80204956617213,-1.48206212982112,-0.46216276805121,0.0749372426527566,0.614612635030107,1.67112802188455,1.00058134008151,4245,1,0.53765
"year[17,1]",0.577937013255219,0.755814095829684,-0.89046985226663,0.0640883045989653,0.573315703171017,1.08455114978886,2.06927438386579,1.00011451912347,30224,1,0.77615
"year[18,1]",-0.138053361562194,0.827172175253449,-1.75299020611056,-0.689298563437476,-0.136989321162878,0.413887596833466,1.48893752188235,1.00036779909596,7615,1,0.567075
"year[19,1]",-0.146215337959028,0.749845805521702,-1.61054853285028,-0.649658427206626,-0.149965336323211,0.352601028744133,1.34029034839012,1.00025830023841,9796,1,0.579775
"year[20,1]",-0.133398588538391,0.803179248600689,-1.72050688864654,-0.670771437756429,-0.13057043547377,0.407694805315564,1.43802326209674,1.00008142820745,26394,1,0.564675
"year[21,1]",-0.012459654644545,0.777393390854425,-1.53909924398143,-0.535545412017027,-0.00832626305921891,0.511983409651277,1.5050627233206,1.00043689505521,5815,1,0.50485
"year[22,1]",0.169468891708801,0.769083981684787,-1.34373453891724,-0.352174986544498,0.163392477687225,0.684981686830299,1.69375016989307,1.00006950307652,26952,1,0.585125
"year[23,1]",-0.118168149205612,0.845296166186657,-1.76734131823761,-0.683248099859012,-0.122835067193815,0.447443459345975,1.54807631404964,1.00408323124456,623,1,0.556925
"year[24,1]",0.55241198550855,0.75931500662719,-0.925969128556069,0.0441932233425206,0.548341091203324,1.0596635191743,2.05230386546202,1.00013466807307,15958,1,0.7687
"year[25,1]",0.235549472683556,0.744855287677927,-1.23291250350602,-0.265693926977629,0.233367377980824,0.732739886981392,1.71865900847612,1.0000895388853,24361,1,0.623125
"year[26,1]",0.296468547393225,0.746602072617313,-1.1640064614321,-0.207136304264226,0.293426503662214,0.795338019917183,1.76931853040233,1.0000357859558,40000,1,0.655225
"year[27,1]",-0.253958135129105,0.808343253986781,-1.84622496564246,-0.793384112357637,-0.248427560722993,0.291703295963833,1.32234905619156,1.00040339055328,7376,1,0.62215
"year[28,1]",0.207315058666329,0.768623137307862,-1.29296366394288,-0.304458422647837,0.209821589501421,0.718040889032803,1.72161554641679,1.00145059173211,1692,1,0.607875
"year[29,1]",-0.607534691695021,0.786932982500013,-2.17110905099251,-1.1324105008352,-0.603970425438536,-0.0772749999092442,0.919832464327367,1.00010436666489,18447,1,0.780975
"year[30,1]",0.0187253689977668,0.796640307373748,-1.53684916759301,-0.513094336497726,0.0162484022586606,0.55153766631691,1.58953271758827,1.00011206008205,26052,1,0.50895
"year[31,1]",0.494889777129793,0.752764509003936,-0.987625748023743,-0.0103347387915508,0.497735188956105,1.00148850627774,1.97480060801226,1.00004045478297,33253,1,0.745425
"year[32,1]",0.0158510554522825,0.776197680312058,-1.48712536639942,-0.508367448389937,0.0171290648035867,0.535045950503044,1.53703010260786,1.00005739300251,28335,1,0.5091
"year[33,1]",-0.497362137068746,0.785128054124962,-2.04537867258952,-1.03076053703156,-0.494491735935058,0.0379432734930729,1.03400551474954,1.0001682153729,13635,1,0.73365
"year[34,1]",-0.303841267595314,0.792134739768326,-1.87081701321277,-0.833465743130917,-0.304878183601828,0.230438923318479,1.24469679014429,1.0000121651972,40000,1,0.650525
"year[35,1]",-0.0629392186662957,0.825839773026196,-1.69242110255857,-0.617706000600798,-0.0606396496402208,0.48852689584523,1.56194336654739,1.00007940546186,40000,1,0.52925
"year[36,1]",0.533817460605025,0.750829011248309,-0.93880314540503,0.02306566758721,0.53414793382934,1.03142935202126,2.0302028791818,1.00008216069784,21108,1,0.760675
"year[37,1]",0.106651626247768,0.789028136375191,-1.43310290556225,-0.420249727136326,0.105183011203845,0.63280300094708,1.65857229607605,1.00014453251295,16927,1,0.553125
"year[38,1]",-0.335143258806917,0.783139098277457,-1.90635286593538,-0.859556361915853,-0.331983137565945,0.196111535728352,1.18148113370105,0.999968358819089,40000,1,0.665775
"year[39,1]",-0.0594079095855805,0.789411828175703,-1.62040620211297,-0.586949915944108,-0.0529393284011848,0.475390797622779,1.4678725765921,1.00037963290719,6277,1,0.526275
"year[40,1]",-0.437121504714204,0.77255791415143,-1.96491072116833,-0.95882030489489,-0.428079637102362,0.088550694068128,1.06762843546678,0.999995344995793,40000,1,0.712425
"year[41,1]",-0.125170381057091,0.817019304884262,-1.74258191585024,-0.671345931767217,-0.12197171080704,0.427944609912799,1.46795261203675,1.00055950356642,4240,1,0.56085
"year[42,1]",0.285561318259461,0.751773782846915,-1.18898982441598,-0.219567982642493,0.289219031950695,0.79239268482924,1.76829686459393,1.00008471333548,31334,1,0.6485
"year[43,1]",0.0966708051665743,0.748135564023779,-1.36229906420847,-0.401528990941523,0.0934218585285647,0.604781879434076,1.56447439238785,1.00007005176839,27358,1,0.55015
"year[44,1]",-0.445700696383892,0.761502307609802,-1.94091340987856,-0.962851190963163,-0.439152194010838,0.065216270844254,1.04537030180154,1.00006704213549,27005,1,0.720825
"year[45,1]",-0.0465424701004985,0.753312081110834,-1.53107787992419,-0.552392798656528,-0.0446418172126374,0.462976070745357,1.42328725980197,1.00004631733668,26909,1,0.5227
"year[46,1]",-0.214617325584071,0.82506061940199,-1.83063043282706,-0.769517183552247,-0.212633698968469,0.336793609683911,1.41452375277142,1.00087066993858,2963,1,0.60205
"year[47,1]",-0.665973779269134,0.78634760710146,-2.22880711168849,-1.18983877842914,-0.659163384935822,-0.13555618687253,0.864818786478266,1.00002212862191,40000,1,0.8021
"year[48,1]",0.153694887685773,0.742713373966396,-1.29409431515943,-0.349724751742189,0.149104134524766,0.652484575627379,1.61728359983013,1.00003160421328,31414,1,0.582125
"year[49,1]",0.184986864770233,0.797210056256389,-1.35897269732543,-0.355415984803733,0.183553017875503,0.713619678004021,1.76116489131512,1.000380015707,6077,1,0.5901
"year[50,1]",0.435311302691069,0.748007853485311,-1.02816596648774,-0.0691272072112953,0.435248539817473,0.933031073509218,1.9131586981834,1.00029068482892,8217,1,0.7194
"year[51,1]",0.160837744315143,0.747008799670071,-1.30538701644114,-0.338392531465916,0.160613950304509,0.665890932553025,1.62632171487254,1.00009162814472,20093,1,0.5835
"year[52,1]",-0.174156658224037,0.803177489594234,-1.75338588981496,-0.718366099253579,-0.167437191431093,0.367199651113793,1.39661628227327,1.00052494483744,4567,1,0.58305
"year[53,1]",0.291353860902009,0.770933345242968,-1.21200682053307,-0.229870861787344,0.290892368107674,0.802069027268485,1.83200821658627,1.0000897675472,21332,1,0.6459
"year[54,1]",0.599236903202899,0.750408538529178,-0.867013475104261,0.0918491740776888,0.600802328572871,1.10315697846289,2.06670174570711,1.00012075320735,20567,1,0.78685
"year[55,1]",-0.158131716678847,0.752103147470085,-1.65082118578345,-0.66067929042687,-0.159520580494941,0.34749668809261,1.31993965308456,1.00000000701081,40000,1,0.585925
"year[56,1]",-0.216314096686348,0.829266664191319,-1.84406631860606,-0.771693058585322,-0.214123427565263,0.338893879523887,1.39771672046147,1.00158445272719,1541,1,0.601575
"year[57,1]",-0.258065319532877,0.776734970789946,-1.78402582159563,-0.777487926180097,-0.253923177646297,0.263441411664672,1.25565080168355,1.00018000911478,21757,1,0.630125
"year[58,1]",0.0980905458365573,0.765835288455162,-1.40604862828039,-0.421106719529065,0.100124597555617,0.609197053503361,1.61095178209126,0.999995815319331,40000,1,0.552025
"year[59,1]",-0.194992623813258,0.796349837661565,-1.76935014251784,-0.726255764864076,-0.191739327721373,0.337981450336147,1.35724237356842,1.00052397566802,4559,1,0.595375
"year[60,1]",0.535761243385675,0.75225895050836,-0.930599109549207,0.0277060674026883,0.532059989694717,1.03666429594876,2.02934220460676,1.00002729523902,39163,1,0.761075
"year[61,1]",-0.0463546099277504,0.786935664215165,-1.59971764898782,-0.574722099766101,-0.0523243545677146,0.483600062896697,1.49186349402331,1.00001349222169,40000,1,0.5248
"year[62,1]",0.0125395606587097,0.819964892809848,-1.59244720726491,-0.537282825098669,0.0138111376799086,0.558041798206751,1.62059351663454,1.00269944619309,942,1,0.5072
"year[63,1]",-0.413858409980266,0.806911716499441,-2.01088649369346,-0.94901270703689,-0.40904094311528,0.132452436835583,1.15364391289872,1.00047660150158,4935,1,0.69565
"year[64,1]",-0.0907870584229568,0.829739400800371,-1.72348212913683,-0.639854623402025,-0.0967922272416247,0.461296740086473,1.54641160015973,1.00007985553767,40000,1,0.54635
"year[65,1]",0.887603469139113,0.768777037587182,-0.607419927774582,0.369540924008394,0.88266082383093,1.40032886553459,2.40833562189703,1.00020533875511,11620,1,0.876675
"year[66,1]",0.0294923667959319,0.752101370125581,-1.44215104798145,-0.476094794242392,0.0304632847483506,0.539620489563557,1.4983820463631,1.00005207978554,31350,1,0.515675
"year[67,1]",-0.167036061015668,0.787677854185679,-1.70774300547962,-0.69489098931633,-0.16448064412754,0.359616547973278,1.37338863517133,1.0000533736766,40000,1,0.58295
"year[68,1]",0.522550450723262,0.752710564818922,-0.955483046001983,0.021282578127303,0.522943558514822,1.02339633219854,2.00557023071789,1.0003440710631,6978,1,0.7588
"year[69,1]",-0.470099329565424,0.804612461625405,-2.06145357600617,-1.0154890156761,-0.470751334188014,0.0721374511678379,1.10276485229194,1.00004433569402,40000,1,0.7192
"year[70,1]",0.0421526231559085,0.745210057762724,-1.41333260999577,-0.460675936832428,0.043393455279606,0.542242687657893,1.5134853098071,1.00000655022389,40000,1,0.522575
"year[71,1]",0.320755226867347,0.750371427933941,-1.14843071340829,-0.186145720608506,0.319728959329674,0.826406679995106,1.80579029492674,1.00000925700928,40000,1,0.6649
"year[72,1]",-0.338109212468725,0.803464738664169,-1.92511111590179,-0.869364621428314,-0.335953424454337,0.206147636667457,1.23908002310056,1.00022451243723,10204,1,0.662325
"year[73,1]",0.170931393842885,0.785115583077345,-1.36909770865144,-0.358720191382478,0.170877571955275,0.700845040994032,1.7065562532528,1.00014576169242,13718,1,0.585725
"year[74,1]",0.16431342672541,0.804791778501289,-1.41547878417679,-0.369367942642779,0.164399027211055,0.702132054579595,1.73572937051007,1.00008026731743,20513,1,0.582325
"year[75,1]",-0.088025767053334,0.761271231775905,-1.59258950976031,-0.595892259485555,-0.0865739228859723,0.425421557656129,1.39402026423884,1.00018424837775,11342,1,0.5459
"year[76,1]",-0.312289816929826,0.754284694638163,-1.79065092025267,-0.822161199473188,-0.310742038042998,0.191860050216098,1.17345416403483,1.00021116381506,9962,1,0.661975
"year[77,1]",-0.30720889595113,0.803481384577765,-1.90031589001596,-0.845231964051684,-0.302831791120922,0.23256661169028,1.2550029524225,1.00034603771239,6873,1,0.64665
"year[78,1]",0.182703209677109,0.814771834379033,-1.41071925196923,-0.365064592898832,0.178348427388588,0.72431224619348,1.79257412828193,1.00064481731207,3752,1,0.58635
"year[79,1]",-0.291191355027573,0.814779798564642,-1.89110726188624,-0.833385128155253,-0.290593928740565,0.255880529056865,1.30806058172836,1.00009692204003,18289,1,0.639925
"year[80,1]",0.142641531645696,0.765289913588963,-1.35072300249891,-0.372521510291173,0.137066666284642,0.655039431611691,1.64143283184183,1.00034088173207,6922,1,0.572475
"year[81,1]",-0.334008550266237,0.76248105478722,-1.83453238806614,-0.843353566072903,-0.332025906246918,0.180994171021271,1.15881120188771,1.00006477471992,22953,1,0.66995
"year[82,1]",0.0912239146094804,0.746696887003972,-1.35486377483286,-0.414437913606946,0.0880982958657732,0.59186400093789,1.55227027010881,1.00015167043982,13645,1,0.5474
"year[83,1]",-0.440173037616509,0.771700529955669,-1.97320216829868,-0.952236178969214,-0.4366054020612,0.0809669924467276,1.0534672000065,1.00007259237429,21419,1,0.71475
"year[84,1]",-0.129557442167502,0.82542492386523,-1.73634674278821,-0.682381955009715,-0.127694487384101,0.421519994327388,1.49451418499649,1.00072433204573,3460,1,0.563175
"year[85,1]",-0.0688166242819889,0.830882076971687,-1.72956344180619,-0.620587643665396,-0.061745313046131,0.487836153309889,1.55947338910167,1.00045884791642,5289,1,0.53055
"year[86,1]",1.1455302706087,0.787936354430176,-0.387843827006722,0.614186037994913,1.13656273489042,1.66903865396864,2.70753114664958,1.00015381926036,14464,1,0.929925
"year[87,1]",-0.261226362214663,0.768763267674482,-1.79045759108106,-0.774077066461711,-0.25342158667141,0.254793131098687,1.23224006721384,1.00005749178173,27534,1,0.631575
"year[88,1]",-0.0559336205953676,0.744831222540076,-1.52266278282719,-0.560379295083219,-0.0507640452442713,0.444146579258395,1.39979936276323,1.00004364883437,38490,1,0.52875
"year[89,1]",0.535429089637501,0.773199634783712,-0.981136115070912,0.0130504608040021,0.529418265738729,1.050442707002,2.07577153623223,1.00022213554106,9945,1,0.7548
"year[90,1]",-0.127918106149265,0.789347714331115,-1.68992924757661,-0.650590914064677,-0.128237954680132,0.40171055854843,1.42565022597852,1.00027137853562,10408,1,0.563025
"year[91,1]",0.509822915723593,0.75163684505656,-0.944504378445458,-0.00156516437667192,0.505590334267925,1.00867726518174,1.996781854667,1.00009161153446,24675,1,0.749325
"year[92,1]",-0.243372353938025,0.810756394765223,-1.86182842852099,-0.78258045003343,-0.242254242005836,0.301367422050362,1.33930588143907,1.00037874264908,6076,1,0.616825
"year[93,1]",-0.0106846829469411,0.765769998773415,-1.52127814673481,-0.518351127596803,-0.00951330069041714,0.504290452234042,1.48275282311014,1.00010980331149,15747,1,0.50515
"year[94,1]",-0.331991673943572,0.775706170577451,-1.87539916635259,-0.846239589093989,-0.324163012970809,0.187020970242711,1.17537800034967,1.00005847772438,27950,1,0.66575
"year[95,1]",-0.296249143915963,0.787359463121188,-1.86686268819236,-0.821149521345949,-0.290350823031141,0.235067117583704,1.23047473534699,1.00021499118735,9443,1,0.644
"year[96,1]",-0.312231645210224,0.80059356908969,-1.87571591506931,-0.840837419096757,-0.308370433149803,0.222321917445117,1.24638212417722,1.00006502623725,26866,1,0.653
"year[97,1]",0.105708420850477,0.784343671491256,-1.41978822608345,-0.421527114244242,0.107713019568597,0.636067793032472,1.64587459806849,1.00026815394239,7886,1,0.55265
"year[98,1]",-0.139234681183946,0.836624850693073,-1.76506444991498,-0.708819660707915,-0.140839558457872,0.422862620971206,1.51402228179797,1.00405301218639,635,1,0.566025
"year[99,1]",-0.0540027475202061,0.752206982392036,-1.52847989270201,-0.555715210280578,-0.0525924905822452,0.448111952120849,1.42182214709019,1.00020566876096,10085,1,0.528375
"year[100,1]",-0.311007066852094,0.810001977908008,-1.90216855128526,-0.848622347655353,-0.308373529134829,0.230833078655459,1.27570070479284,1.00019192073011,11078,1,0.6473
"year[101,1]",-0.118230656428748,0.782227216211473,-1.67220197066089,-0.640437800225963,-0.11503407318116,0.409056514310737,1.40566296338804,1.0005744487177,4978,1,0.560025
"year[102,1]",0.0863370732103427,0.80212143011235,-1.4851788710905,-0.45374772193668,0.0829001159186301,0.628362842766086,1.65105668344699,1.000546287327,4261,1,0.542575
"year[103,1]",-0.323465069667865,0.792780264346725,-1.88306431091649,-0.854753376161105,-0.324085023263756,0.207698326646676,1.21674877729824,1.00040991910033,5519,1,0.660875
"year[104,1]",-0.428029796534107,0.796552179360071,-2.00887540574777,-0.960415074191622,-0.421560901273287,0.105517798088389,1.13008004091605,1.00030804139657,8833,1,0.704
"year[105,1]",-0.0602120129764344,0.747462762804971,-1.52185175886563,-0.562125500423974,-0.0621456236639484,0.440512745176348,1.41008279818293,1.00008895885248,26384,1,0.531875
"year[106,1]",-0.0296808454753631,0.750897011956031,-1.50697587878139,-0.528374372156531,-0.0307123632173995,0.477423089601155,1.44016256176484,0.999998964048192,40000,1,0.516975
"year[107,1]",0.451638972105306,0.772744524731898,-1.06971308329054,-0.0647148330214687,0.446477988882584,0.967446332440039,1.96270753734357,1.00019360205639,11581,1,0.72165
"year[108,1]",-0.234890278707612,0.809497672589361,-1.82868234471482,-0.778279232305999,-0.231011692954145,0.310380960300843,1.33663930132391,1.00026658703209,10101,1,0.612225
"year[109,1]",0.0566680061554173,0.744589992585469,-1.39461747864991,-0.448318544397874,0.0590192997810161,0.553741669823457,1.52435696636598,0.999983656752496,40000,1,0.531525
"year[110,1]",0.366929045618556,0.755077510312528,-1.11775530772952,-0.136189000624814,0.368398076513777,0.875419707734002,1.84859397306669,1.00003808917926,38175,1,0.687425
"year[111,1]",0.0683299746918619,0.787491556330271,-1.48691674935842,-0.460898769526103,0.0709066355603465,0.601769023844934,1.62256370350513,1.00016239443751,12446,1,0.53585
"year[112,1]",-0.168615809834542,0.759189932578543,-1.6555738461809,-0.680679346330382,-0.165288009185577,0.341697732895704,1.30751973443366,0.99997017694474,40000,1,0.5878
"year[113,1]",0.0719057874997463,0.748178373585672,-1.40835684347734,-0.435023475131172,0.0713397474735889,0.573999076376847,1.54787161623411,1.00019359300559,11301,1,0.539025
"year[114,1]",-0.254848225001019,0.791635892933199,-1.8340381887534,-0.785245667578272,-0.245829786922922,0.278856075422728,1.29451982933642,1.00044897657514,5368,1,0.624575
"year[115,1]",-0.428759177429654,0.786320830191189,-1.99120454582399,-0.954225310786428,-0.425760767717461,0.104405924628986,1.0981826850954,1.00008342289721,19812,1,0.706725
"year[116,1]",-0.356481049886055,0.802436719308679,-1.93910378306348,-0.886961845036948,-0.358184962813974,0.182065679870411,1.21628458089022,1.00028972984017,7770,1,0.67395
"year[117,1]",-0.00683859860440591,0.817342021798593,-1.61517058953038,-0.550887101328509,-0.00415644101762613,0.537830694773647,1.60759878370547,1.00150225275607,1679,1,0.501775
"year[118,1]",0.334680327446587,0.766422080627994,-1.16394438246695,-0.188885035036985,0.335894397810299,0.856835899056464,1.83674671760952,0.999982586246463,40000,1,0.66935
"year[119,1]",-0.413372593136094,0.775269042255085,-1.93779914650588,-0.93817555668773,-0.408998085367964,0.109836435979709,1.10712627803733,1.00007009790397,24108,1,0.704725
"year[120,1]",0.788748585198972,0.767683062743076,-0.706250688783982,0.273535032456483,0.783723722440192,1.30135782734399,2.30855160918435,1.00012053039116,15125,1,0.84885
"year[121,1]",-0.134877788669402,0.818998668695946,-1.74934849885082,-0.686512663429129,-0.129469919655686,0.418954218082107,1.47015472539028,1.00090797903863,2709,1,0.5614
"year[122,1]",-0.074112819010792,0.812396499378396,-1.66228952725469,-0.614070950682604,-0.0764173967487113,0.465619800825657,1.52934167735761,1.00105643571279,2353,1,0.5381
"year[123,1]",-0.299807256412719,0.820189401394823,-1.90026827981922,-0.85240676758452,-0.294996656576569,0.248295668011374,1.3192587871468,1.00047599009495,5166,1,0.6434
"year[124,1]",0.662174527820282,0.764075686857955,-0.811904356257132,0.140494025964311,0.656609616475442,1.17253561175495,2.16847752218581,1.00001397042306,40000,1,0.80645
"year[125,1]",-0.3951596870332,0.803731371945352,-1.98108436262777,-0.931997307266215,-0.391633951352763,0.14334379044757,1.17551694689996,1.00008454918346,20629,1,0.688125
"year[126,1]",0.0152755293389438,0.820709988494333,-1.5887258150088,-0.533531908151903,0.0158379594599641,0.557063952124133,1.63943906088544,1.00042410632989,5748,1,0.5075
"year[127,1]",0.553342517772794,0.764695423966478,-0.934146268743088,0.0374372906519866,0.54770543494026,1.06403549812544,2.06243197701383,1.00032485551997,9985,1,0.765325
"year[128,1]",-0.00580207298402764,0.810577531597431,-1.59224815689984,-0.547408600231237,-0.00961910645546943,0.535562512874793,1.59575863122094,1.0004808485191,4884,1,0.50515
"year[129,1]",-0.0509462688146091,0.822291792659499,-1.66337949239756,-0.603321828148155,-0.0412666647365204,0.493997899424506,1.56213359944625,1.00031434484232,7971,1,0.5214
"year[130,1]",-0.0922251976106491,0.8070404829518,-1.67922390977964,-0.63679546882973,-0.088179084351999,0.447660832831417,1.50274850622688,1.00013341360391,14907,1,0.54545
"year[131,1]",-0.125063504432648,0.796639920383438,-1.68058397119614,-0.663940372488721,-0.12776437068169,0.404965701067441,1.45798904265848,1.00073547412812,3379,1,0.565175
"year[132,1]",-0.0261126196880814,0.773150195274329,-1.54909925108452,-0.544109837769039,-0.0249899653929779,0.49222475199025,1.50096842680934,1.0003469771363,6366,1,0.51275
"year[133,1]",0.0437490982291304,0.758137730373716,-1.44622525968964,-0.464096684038944,0.0436396730344314,0.552976363719251,1.5363135121756,0.999990167891915,40000,1,0.52545
"year[134,1]",0.499009303927763,0.754269933542827,-0.986613846186888,-0.0123921841444983,0.502659513197559,1.00700253698233,1.9704683127583,1.00003063344702,40000,1,0.74495
"year[135,1]",-0.297517146455084,0.816181565004216,-1.90832752317416,-0.838015518561758,-0.293397386511346,0.245042230745101,1.30590987359077,1.00036326294268,6814,1,0.64505
"year[136,1]",0.0551630285191313,0.740822579437181,-1.39014396605574,-0.443524000526695,0.0519704031842256,0.553695479008967,1.50708447109196,1.00000643835764,40000,1,0.527875
"year[137,1]",-0.0587502356905682,0.778106169811076,-1.58472090679192,-0.580301739341811,-0.0589371445101971,0.458679151702067,1.47259667174645,1.00006688890063,21777,1,0.53235
"year[138,1]",0.631790626604467,0.766749879616122,-0.868622202418793,0.114949685633611,0.62562967007948,1.1461708663387,2.15021149705619,1.00000343753804,40000,1,0.795825
"year[139,1]",-0.145310363035366,0.829441647475837,-1.77923546612609,-0.701573179808698,-0.139423904297455,0.406800472691956,1.47369794003066,1.00075860717732,3148,1,0.56765
"year[1,2]",-0.0714602312522596,0.467088626765317,-0.983166777766832,-0.382617208234917,-0.0683408696133555,0.244297865211009,0.834124934985181,1.00002490825894,38255,1,0.560175
"year[2,2]",0.190076978272215,0.754565867612221,-1.28910729435098,-0.320232158675894,0.187487593230434,0.696694559394483,1.67622001517267,1.00018826070011,13453,1,0.59995
"year[3,2]",-0.144523164727435,0.823340879742761,-1.78540033723686,-0.692750098051081,-0.136735003263702,0.411902127366847,1.45183885537723,1.00022338280128,9892,1,0.56725
"year[4,2]",-0.516998514042442,0.895262772014457,-2.23414028592799,-1.13437018998777,-0.530528764888467,0.0884397998653659,1.25418611218027,1.00076423499675,3365,1,0.718575
"year[5,2]",-0.103642854275798,0.519541054680663,-1.10943888756833,-0.459709155044028,-0.108832862061987,0.245572455072048,0.921017564206444,1.00004079545929,40000,1,0.579725
"year[6,2]",1.07447689479268,0.602616607120207,-0.124536926807506,0.673935420445527,1.07734157701421,1.48084845714959,2.24947806590436,1.00002662477657,40000,1,0.96135
"year[7,2]",0.129484081352156,0.825635169837462,-1.4730108463443,-0.430828614995462,0.12311202916052,0.683208037255471,1.77271635840825,1.00063583650192,4303,1,0.559675
"year[8,2]",-0.0737880316441535,0.823545770147442,-1.71515340571939,-0.624336412879583,-0.0648778673779085,0.484235367226788,1.52582146232134,1.00007080412208,33316,1,0.5314
"year[9,2]",0.266658488955731,0.783442493954551,-1.24947095377515,-0.264497816683791,0.267517678121192,0.781568666515084,1.8251336984084,1.00006269847124,36137,1,0.6355
"year[10,2]",0.207996740987056,0.752696797514861,-1.24493258352125,-0.301660643610014,0.200259987720258,0.717917205685726,1.69796596824094,1.00045025244517,5104,1,0.60395
"year[11,2]",0.148432903239192,0.670211214274266,-1.19034873829145,-0.296223690679792,0.150638335629073,0.603075199364863,1.44477295816247,1.00019729293044,12193,1,0.5886
"year[12,2]",0.107415237633218,0.818849754159248,-1.48666757903301,-0.443106974690828,0.105503087626951,0.653460472686127,1.72100642928473,1.00029913253244,8689,1,0.55
"year[13,2]",0.306062278910426,0.828713380092211,-1.30886056712921,-0.248336141670847,0.303166424218087,0.851377411601874,1.96313259676647,1.00033979616388,6953,1,0.6446
"year[14,2]",-0.177043427203772,0.74380359186308,-1.64200989473464,-0.675639354609109,-0.178029028075976,0.320901054480994,1.27907564663033,0.999978921931824,40000,1,0.5934
"year[15,2]",-0.0390528447282482,0.757323012180258,-1.53008752636293,-0.549818442492543,-0.0389265430531002,0.47770836370413,1.43478675491425,1.00001716195995,40000,1,0.52055
"year[16,2]",-0.0631188688122409,0.822015269700593,-1.68311047902065,-0.609354131797393,-0.056918069859324,0.487365626199237,1.54227724064004,1.00013635314692,24995,1,0.527925
"year[17,2]",0.18027384333975,0.761073252098307,-1.21031758993689,-0.346930050404474,0.144911204959427,0.672150441315393,1.76744284627923,1.00016328254246,27148,1,0.57715
"year[18,2]",0.254415908834058,0.825990737933998,-1.38439810381247,-0.301753296114423,0.254997063492164,0.81059703938286,1.87093177510961,1.0001259363521,15974,1,0.623425
"year[19,2]",-0.140166235705868,0.791400460124884,-1.70689593692877,-0.667954383010654,-0.13891266888744,0.395420580151485,1.41090617759191,1.00058189594009,4460,1,0.57175
"year[20,2]",0.103509378130323,0.81940709611748,-1.50362753299366,-0.443346532671782,0.0951792132393251,0.653058392060586,1.7194482374965,1.00012617269425,17928,1,0.5471
"year[21,2]",0.132816299296988,0.802409959605817,-1.42902646050249,-0.412915186630518,0.129000834930185,0.6683147335644,1.72392001148681,1.00076604503049,3330,1,0.56315
"year[22,2]",0.0781731803170245,0.774780983485894,-1.42881565172768,-0.438690335922139,0.0704855728612634,0.597356453622695,1.60110625196658,1.00005619163119,36146,1,0.537675
"year[23,2]",0.106605872335215,0.843206290151612,-1.53577710362981,-0.458616275828342,0.104395431105068,0.665452941569386,1.77709823944912,1.00008914742775,23018,1,0.5498
"year[24,2]",0.568025625250277,0.635414104365258,-0.650360740384719,0.135140227484624,0.558671329848675,0.987169350660457,1.83607436158651,1.00017299168731,19170,1,0.8137
"year[25,2]",0.647529357440477,0.653552439221793,-0.605414921821806,0.196181811867727,0.640435471724071,1.08740867905652,1.94734258828408,1.00010348697465,18518,1,0.837475
"year[26,2]",0.095218680529464,0.661354694108175,-1.16089220127163,-0.360034407066471,0.0818435381139815,0.535856450355201,1.4215092780683,1.00057235356379,4376,1,0.55015
"year[27,2]",-0.00461755887457057,0.822840894238636,-1.62082197570099,-0.556357877764271,-0.00447778495455689,0.552237776105869,1.59847242810013,1.00042676236088,6312,1,0.502325
"year[28,2]",0.377229010878616,0.799598274377651,-1.15012864739057,-0.170926995855485,0.366181627192489,0.907853773487407,1.9829677357165,1.00068120876315,3911,1,0.677275
"year[29,2]",0.0876455976751113,0.799118135359141,-1.53583208256245,-0.442679687522416,0.107014616254303,0.632930971882292,1.60161662718441,1.00037879533888,6734,1,0.553875
"year[30,2]",-0.0389366805922401,0.831200714670299,-1.67619732191088,-0.592876383088853,-0.0374419244174764,0.521798892383124,1.58526996077776,1.00022326955051,10486,1,0.517125
"year[31,2]",0.366609491851672,0.586096788567321,-0.74668417306551,-0.033605726858518,0.35702340484891,0.759009405876402,1.53839158848078,1.00011886451283,20452,1,0.730875
"year[32,2]",-0.0442712316214331,0.830750946262363,-1.6823804589319,-0.60706011586779,-0.0449219439328241,0.517512285453697,1.58820369096207,1.00022027251186,9425,1,0.520825
"year[33,2]",-0.333152208037612,0.760146067993114,-1.87356516079911,-0.830653106097918,-0.322491120280605,0.192760995678757,1.10467983775288,1.00003845120404,36089,1,0.6638
"year[34,2]",0.333912048629372,0.812162080231359,-1.28659815596879,-0.208119461604519,0.347466270294762,0.890326825599512,1.88923459652661,1.0001173908351,19604,1,0.666425
"year[35,2]",0.230033903086813,0.81399085022552,-1.36359139209565,-0.31772235732119,0.230148547776703,0.776787416088573,1.82793814285839,1.00066432124366,3726,1,0.61125
"year[36,2]",0.313073858019345,0.602008964961245,-0.8646599624446,-0.0972769967693594,0.31051698497656,0.719966330698696,1.4957843805939,1.00016525106145,38199,1,0.69765
"year[37,2]",0.148318993623887,0.836830526020716,-1.48414434337888,-0.415764608141339,0.144210600100156,0.705553575432624,1.80751565044606,1.00003925381465,35765,1,0.56835
"year[38,2]",0.0754841745708155,0.823797157059162,-1.53979897367727,-0.474355420666957,0.0757171092695766,0.631556378156996,1.68098007177484,1.00016782378487,13616,1,0.535825
"year[39,2]",0.391154768320569,0.839987635760537,-1.233658828325,-0.17855315510467,0.38380047215931,0.951498260366746,2.06118536573087,1.00084090013937,3486,1,0.6755
"year[40,2]",0.0120358636862573,0.760260283730469,-1.49471024386362,-0.498803937772068,0.0176890386992902,0.52633328356019,1.50626331597588,1.00003688052196,37683,1,0.50845
"year[41,2]",0.277760110026052,0.769051825942246,-1.26423642151108,-0.226534168310507,0.290280940178268,0.796686080152077,1.75884218803583,1.00021798731408,40000,1,0.64785
"year[42,2]",-0.103344399768439,0.752375130086154,-1.55304378608675,-0.616460478921367,-0.114864324578872,0.406328750889438,1.38652274189087,1.00031815221575,6980,1,0.55725
"year[43,2]",0.804064042073141,0.591834746902372,-0.403448540106833,0.413782481264551,0.820820066266299,1.2044877103487,1.92718084253561,1.00010211888921,40000,1,0.910025
"year[44,2]",0.214983835443349,0.665274941252491,-1.11892213093403,-0.228870832675095,0.222485672559579,0.666546474225601,1.50057957146175,1.00003327558934,30805,1,0.63035
"year[45,2]",-0.090639157186359,0.693727827177964,-1.46860567478676,-0.556836771789978,-0.0858537943978236,0.383286289504957,1.23927975244231,1.00010197976258,40000,1,0.548525
"year[46,2]",-0.0797883227889668,0.832909296069332,-1.71304112405627,-0.63702640976541,-0.0774808668306113,0.475174121617141,1.55028393182132,1.00030661647051,23991,1,0.538375
"year[47,2]",-0.685309706496104,0.691271666451408,-2.11160392085074,-1.1334915123047,-0.658419130332907,-0.209428456100219,0.597625581970404,1.0001303463803,14468,1,0.841175
"year[48,2]",0.259350251478072,0.500131019303976,-0.727807687357941,-0.07536739258444,0.262577319176692,0.596208708433029,1.2338857964601,1.00018204883472,13094,1,0.699325
"year[49,2]",0.180258815326131,0.819619924134896,-1.4210789762422,-0.36845669185029,0.171145412224379,0.726960651783321,1.80019869089093,1.00027421168979,11623,1,0.585175
"year[50,2]",0.700913539548732,0.660358575042375,-0.620825452071763,0.256465331037849,0.712958713431033,1.1545975203191,1.9622460268622,1.00037663791135,6062,1,0.854875
"year[51,2]",0.443385529367608,0.644140178520917,-0.813434795914137,0.0069222964036239,0.443108898061199,0.88141089818489,1.69878945235399,1.00009511075204,18565,1,0.753775
"year[52,2]",0.0522308291970878,0.82238601533916,-1.57046085301585,-0.505542796818778,0.053929064244663,0.611858732446365,1.65790175871795,1.0001814807829,13399,1,0.52625
"year[53,2]",-0.578079923409405,0.788462622048873,-2.12862958170616,-1.1055642792719,-0.578405194297165,-0.0565148879905392,0.988000373649914,1.00006404857297,40000,1,0.771225
"year[54,2]",0.350826855399473,0.591146304051326,-0.787799009678284,-0.0535275726547259,0.340502188404339,0.747736256008854,1.52536265063205,1.00003599841969,34589,1,0.7189
"year[55,2]",0.163868790195828,0.758428599317356,-1.37173837322097,-0.337074612578497,0.178105268983282,0.68866471537044,1.60378898478096,1.000077621679,40000,1,0.5918
"year[56,2]",0.00776182084982114,0.845743674555875,-1.63368945556372,-0.561004386328816,0.00494100901270461,0.571956045589052,1.67686298369133,1.00130772364243,1868,1,0.5023
"year[57,2]",0.0389808816414725,0.769751340227023,-1.48712169443227,-0.477366399483556,0.0463938345884219,0.561419618485113,1.53148301425254,1.00012678742886,14562,1,0.5237
"year[58,2]",-0.162641118552676,0.814489530987028,-1.76959472059963,-0.709191458739443,-0.157257255232306,0.387810795539289,1.4291827349078,1.00014968053521,16065,1,0.57615
"year[59,2]",0.143978453745109,0.812796912370444,-1.45956087655837,-0.402719666780956,0.145578016158737,0.690134025672506,1.7434163049283,1.00073857869723,3535,1,0.572175
"year[60,2]",0.42876437266237,0.628260957098109,-0.794807691534316,0.00285812916359087,0.422705959953715,0.852062729116135,1.67127847110496,1.00004049483924,40000,1,0.75165
"year[61,2]",0.311983690354759,0.793051202765804,-1.247730602648,-0.218057553978338,0.317085448757333,0.844982682989187,1.86810567191222,1.00034434740184,10458,1,0.6554
"year[62,2]",0.190147805068283,0.827031524318892,-1.429590568248,-0.365493693547761,0.189286726842558,0.7408391605938,1.81352157534195,1.0005212086725,6191,1,0.59325
"year[63,2]",-0.120728856439246,0.817487894727886,-1.73533700806965,-0.671443896072642,-0.119195054461145,0.434780017391347,1.48681530243755,1.00021168577753,14675,1,0.55745
"year[64,2]",0.254798354300731,0.818961397758766,-1.35666648686062,-0.291236859749752,0.252738776132648,0.804223076429831,1.86025447569599,1.00021242866213,10419,1,0.62285
"year[65,2]",1.40409875277819,0.594792753188437,0.284958789410808,0.992899214042948,1.39076273438084,1.79933067477003,2.59972444434317,1.0001593377485,12595,0,0.9939
"year[66,2]",0.208656769011779,0.74107581987087,-1.24337845690645,-0.28649048378142,0.207166123457948,0.704828406803203,1.67474731139838,1.00062143738353,3814,1,0.610275
"year[67,2]",-0.209535342609522,0.822938858122319,-1.83301251944766,-0.758703692622052,-0.205471872525303,0.342342912567428,1.39847859424919,1.00031629598721,15041,1,0.601075
"year[68,2]",0.962543256681623,0.5221058004286,-0.0395607836767874,0.607157741709036,0.954421199198437,1.30902281797574,1.99809814353471,1.00011396013665,18351,1,0.9704
"year[69,2]",-0.136459408609102,0.807627349974366,-1.73474882262639,-0.678308438178022,-0.125919702174469,0.409689901564784,1.42507106351878,1.00047401039654,5502,1,0.5626
"year[70,2]",0.38735803334089,0.678623890193974,-0.926101018662201,-0.0721656061788694,0.378443291445649,0.838811011552963,1.73964676100764,1.0001081738049,25414,1,0.714775
"year[71,2]",0.298412155477603,0.709893550462214,-1.05965369764818,-0.189209635422568,0.292712930316686,0.775245307259637,1.71257044071199,1.00006124514792,22943,1,0.65715
"year[72,2]",0.00654890423956938,0.829603377713831,-1.62429323003067,-0.541576883448115,0.00841563179517728,0.565855063223019,1.63455941502755,1.00010770706123,21043,1,0.5047
"year[73,2]",0.253326683698201,0.797272593644229,-1.29699993533393,-0.282163124873355,0.24411437727639,0.790403706301377,1.84035452034855,1.00032977148825,7919,1,0.6237
"year[74,2]",0.414418710586267,0.839370259549954,-1.18424383427023,-0.158132804892741,0.400124269960848,0.971926781658265,2.10514622248674,1.00037635160717,12622,1,0.684425
"year[75,2]",0.272748276479082,0.799634309251888,-1.28500338653461,-0.271192911910842,0.272552832552622,0.815157346963385,1.84821409702399,1.00078039502236,3770,1,0.6316
"year[76,2]",-0.418671975122257,0.663593167236989,-1.74901240953449,-0.861591211010624,-0.40649487909901,0.0312737341841475,0.846102342156506,1.00009041191576,18142,1,0.734375
"year[77,2]",-0.0194625742550813,0.830411506765986,-1.63608623704884,-0.581991626320708,-0.0167639560898625,0.534536441328817,1.62392612932289,1.00005075064899,32233,1,0.50875
"year[78,2]",0.114313496934067,0.822763047642063,-1.50694063593944,-0.436139703042195,0.111015175647033,0.664789356506175,1.73514160786321,1.00032467519672,8978,1,0.554725
"year[79,2]",-0.0241841215531941,0.834239677480155,-1.66234295729844,-0.581245560398289,-0.0193166767525559,0.53743011797034,1.60808925108857,1.00014059915777,21040,1,0.51005
"year[80,2]",0.508973375177985,0.788142139538438,-1.02834799144398,-0.0271130724374003,0.511346131224166,1.05136259262848,2.03186500992116,1.00061828874411,3790,1,0.738875
"year[81,2]",-0.0103904288855816,0.727523553305293,-1.45347438391425,-0.498662477648577,-0.00187268748050809,0.483342146641499,1.39354001548825,1.000332481398,8159,1,0.501075
"year[82,2]",-0.367154697746141,0.671722024489295,-1.68241262502928,-0.821228030971512,-0.363900347111938,0.0856246218215224,0.956835768378958,1.00005393375722,40000,1,0.706975
"year[83,2]",0.0581063256239317,0.776973748798425,-1.46772074973908,-0.459231645211774,0.0590638220521298,0.587485225470595,1.56624504625194,1.00009375136426,18047,1,0.529875
"year[84,2]",0.0431364811380253,0.829110382295986,-1.59140286267851,-0.514543993832579,0.0484182028326307,0.60071184946463,1.64969749901018,1.00037834850102,6237,1,0.524475
"year[85,2]",0.904768338474104,0.865808769925027,-0.812686496525191,0.314573583802777,0.926477836822772,1.51161245939219,2.5417468410222,1.00065873257385,3707,1,0.845725
"year[86,2]",0.869215527926353,0.51456627133829,-0.10276400231468,0.517965799761668,0.855925490818555,1.20555800739644,1.92026164239081,1.00005283256101,26965,1,0.9593
"year[87,2]",-0.0261695816308169,0.783195525477845,-1.58760172670013,-0.551336193981225,-0.0183590563203251,0.506795829978777,1.49053510668322,1.00010938194887,40000,1,0.508725
"year[88,2]",0.828077244453148,0.691304063565192,-0.519657778936974,0.357628590940043,0.824754994775852,1.29636608497343,2.17348090250562,0.999972171111392,40000,1,0.88555
"year[89,2]",0.689043198397545,0.797345019368901,-0.798313797931694,0.132256031624167,0.662416130346159,1.22836558789332,2.30157360887952,1.00307214083234,817,1,0.80215
"year[90,2]",0.481246856591626,0.82885483769523,-1.13293788572082,-0.0805578076897858,0.476355485084436,1.04215265470455,2.10804301049885,1.00155046567477,1696,1,0.71725
"year[91,2]",-0.10078530922631,0.61713022590806,-1.2594372494713,-0.525320411142052,-0.11717529452885,0.303882007465347,1.15769330038987,1.00005276325464,40000,1,0.575125
"year[92,2]",-0.08073156507237,0.82860492310997,-1.72624986111132,-0.636943384899257,-0.0788834348107265,0.473963405603631,1.53516012219289,1.00019072278246,11178,1,0.538375
"year[93,2]",0.692223905442199,0.851799334944523,-0.921558970935351,0.101282764325107,0.676152991802842,1.27118076097504,2.38419410214544,1.00029852005618,8121,1,0.786
"year[94,2]",0.197013725719439,0.829406520289529,-1.43777099169177,-0.361714025068979,0.195900033172395,0.756874554013552,1.82002811455025,1.0001945258831,10640,1,0.59155
"year[95,2]",0.525031198517924,0.847006429599139,-1.20985456109236,-0.0426457179773832,0.555207038144334,1.12330444638542,2.07970651132903,1.00049740424913,5483,1,0.73475
"year[96,2]",0.0205198082029694,0.831911955610426,-1.60642904141059,-0.540216537172079,0.0247445378390806,0.578628230028552,1.64372826618149,1.00025496897201,11373,1,0.51145
"year[97,2]",-0.0415512392806263,0.829954998985803,-1.68296543857978,-0.59560919761092,-0.0397911924932975,0.524280298270655,1.55988115780648,1.00016845647374,13877,1,0.51875
"year[98,2]",0.0383932809055728,0.846613385142364,-1.60234537343888,-0.531031374286174,0.0350406856613716,0.604847784829189,1.71685078166649,1.0001987633051,34164,1,0.517275
"year[99,2]",0.601404653669098,0.696097422921705,-0.798890148987087,0.136077736259597,0.612980636644785,1.0831561552845,1.93066519321276,1.00019796559719,12630,1,0.807275
"year[100,2]",-0.106417242136202,0.832616061626548,-1.74910834465898,-0.658149380930206,-0.100200515624363,0.452980632087496,1.52163372656825,1.00056993803359,4352,1,0.54815
"year[101,2]",0.177497108861829,0.861250263889393,-1.50854353810748,-0.406683046478599,0.177477540071664,0.758235669790172,1.86926906379524,1.00011717834965,28972,1,0.57985
"year[102,2]",0.190523581525188,0.809311097719769,-1.37793365734203,-0.358344360066873,0.189117098670275,0.73418838306695,1.77886110690862,1.00024288086579,9211,1,0.591625
"year[103,2]",0.0217295275463864,0.787546221665337,-1.55469798596753,-0.505319756449958,0.0367565464710203,0.557093736368673,1.52349668206792,1.00041124646876,5543,1,0.51805
"year[104,2]",-0.134218923727455,0.824628972048842,-1.77387148997515,-0.688942484820557,-0.127721096983257,0.424278356199192,1.471569642898,1.00011111577733,17284,1,0.560875
"year[105,2]",0.0963665376059222,0.634123953580963,-1.17018473192645,-0.330200189010263,0.105364604335021,0.524365341693633,1.32301303185322,1.00019679576806,12329,1,0.564325
"year[106,2]",-1.33762564125894,0.741904275970852,-2.77287858996837,-1.83544766548146,-1.34679110013635,-0.847412704624868,0.148264031434311,1.0000748114227,21625,1,0.96215
"year[107,2]",1.17569472542986,0.799794981806904,-0.441852141731254,0.643168448210292,1.19897340557867,1.73108971743271,2.67811371792006,1.0004845246527,5228,1,0.92365
"year[108,2]",0.0536839139815923,0.837494533034252,-1.58929400362058,-0.509608300286169,0.0584099618092466,0.616840811752452,1.69285096957083,1.00062570795303,4261,1,0.527725
"year[109,2]",0.0545799534936176,0.773888272228932,-1.42584714558196,-0.480335100129909,0.0422688781495485,0.578691956803046,1.58479321791699,1.00023715852822,8883,1,0.52165
"year[110,2]",-0.384910925606581,0.766694072137592,-1.86926137685298,-0.904472749890623,-0.397408818696205,0.122387397905644,1.16225310849311,1.00064187654778,4110,1,0.697875
"year[111,2]",-0.268440283667344,0.832811157268047,-1.89843845760794,-0.835010922145938,-0.267414843614841,0.296383955706107,1.35943654420751,1.00017753139711,14700,1,0.625375
"year[112,2]",-0.00989692589944005,0.741126922869316,-1.48263649318656,-0.50462716854292,0.00126512985084062,0.495476028240019,1.41962681948835,1.00020479449543,11314,1,0.49925
"year[113,2]",0.557755577021135,0.79808877832306,-0.936756048314888,0.00435529370079896,0.542675774039173,1.09068830317259,2.17024538893099,1.00042367758727,6624,1,0.751575
"year[114,2]",0.114339799955859,0.828031201834166,-1.49903649820563,-0.442248046074692,0.112981493721104,0.670839150887345,1.75118911067062,1.00056979749269,4469,1,0.553175
"year[115,2]",0.13664092950265,0.810819914464076,-1.45486960775378,-0.412174583427495,0.140759155183287,0.687599006790039,1.71908224690643,0.999993847853572,40000,1,0.5683
"year[116,2]",-0.194957021963073,0.802428535232499,-1.77916658799407,-0.732877474270453,-0.19009610802031,0.349810256644671,1.35701116041006,1.00052534666103,4764,1,0.591075
"year[117,2]",0.280067244274023,0.832099544969062,-1.34711336046712,-0.280979341890629,0.272754872832935,0.840184087942891,1.91499430341992,1.00202432068019,1332,1,0.63045
"year[118,2]",1.01858892185209,0.785023073731379,-0.547478308487555,0.489910956030038,1.03599150239389,1.55549788615746,2.50989079124073,1.00002137519831,40000,1,0.898125
"year[119,2]",0.206781560834919,0.8089373128353,-1.37090941719325,-0.345127055184042,0.20983269157405,0.749267038709675,1.80269014040665,1.00076560668254,3144,1,0.600675
"year[120,2]",0.405607459670111,0.532829640584817,-0.612634718338676,0.0415016536836259,0.392168724100709,0.757712237618133,1.48460292185978,1.00025809173398,9180,1,0.775125
"year[121,2]",0.0722138850889425,0.838357541841763,-1.58080543490099,-0.494053326630845,0.0792743508183443,0.6383921090141,1.70113531941299,1.00039277207809,17318,1,0.53795
"year[122,2]",0.122704524149809,0.826638061915393,-1.48666068330359,-0.434339647362479,0.122231402899334,0.675111177161981,1.7497020164076,1.00021405380419,13051,1,0.558825
"year[123,2]",-0.146148227176191,0.81750423625892,-1.75947130291793,-0.690037888648361,-0.143242511710398,0.406096100024973,1.44962899064947,1.00030730321084,7170,1,0.568875
"year[124,2]",-0.741572002853576,0.783011722234851,-2.20784472352619,-1.27851964721939,-0.776054307815135,-0.2304509100998,0.893654700011034,1.00015104528062,23073,1,0.830075
"year[125,2]",-0.117650229978503,0.827412202295212,-1.76507073351181,-0.666698698215045,-0.110457008817417,0.440134981585694,1.47408062310546,1.00070477875063,3929,1,0.553075
"year[126,2]",0.418303286857001,0.831101157564906,-1.21033876135622,-0.144342583837033,0.418697349518496,0.972998366841181,2.04570206872589,1.00019170911944,17557,1,0.693925
"year[127,2]",0.567808482392147,0.738688295182848,-0.826571803931863,0.0592539071285879,0.550723722962409,1.05698959231819,2.08057664705106,1.00042936631587,6017,1,0.77595
"year[128,2]",-0.197793109430003,0.834012583430751,-1.84920695423311,-0.750544478869858,-0.192887405004213,0.359815634698025,1.43700891773717,1.00035559447781,6651,1,0.5937
"year[129,2]",0.266768044506272,0.815063965992434,-1.32635563913272,-0.280053848843216,0.262758465919192,0.81187702940307,1.88600901057721,1.00005330224418,40000,1,0.627825
"year[130,2]",0.158619474262958,0.835313787564091,-1.48192109366885,-0.400018053744785,0.159011233688172,0.727213606647591,1.78432043094013,1.0005818672362,5162,1,0.57565
"year[131,2]",-0.113419834527806,0.808574190965057,-1.72652012419787,-0.656009755823134,-0.106314913798992,0.438025034574019,1.44450291952069,1.00030942248276,8185,1,0.55045
"year[132,2]",0.0445322588161251,0.822144947163829,-1.55919483452733,-0.509208186121515,0.0413393478046824,0.59813138799232,1.66742631519952,1.00028998479366,8662,1,0.518675
"year[133,2]",0.959208962650797,0.912360443006268,-0.860339394663766,0.311952672533663,1.0011634566494,1.63958650246068,2.59662337024727,1.00083029628846,3367,1,0.839875
"year[134,2]",0.145290082249005,0.712702350229461,-1.2065949422804,-0.346557357123984,0.129633945598107,0.623397623286108,1.56454286624865,1.00031721809006,15380,1,0.572175
"year[135,2]",-0.117285245964682,0.832570963855544,-1.76236749781272,-0.678076274191592,-0.116482537093236,0.443648345995813,1.51703116705879,1.00161647290857,1604,1,0.554475
"year[136,2]",0.43688784867796,0.634117676302129,-0.80537332947411,0.00815483445064422,0.436877868667858,0.861480326371033,1.68412469844275,1.0003081270846,7454,1,0.7535
"year[137,2]",-0.0140784532988311,0.822331957664845,-1.61149432263219,-0.568102584378728,-0.0187948763100738,0.540758877028822,1.61470520623136,1.00002732810038,40000,1,0.50915
"year[138,2]",0.403424402059897,0.758444556603221,-1.03573497147914,-0.1201981635853,0.390403627011094,0.909149261094116,1.93309782288466,1.00050835407371,5115,1,0.6953
"year[139,2]",0.0117373468198934,0.834451761854693,-1.63150129633482,-0.550867651391987,0.0111468293294598,0.575841973614357,1.63197083697092,1.00115825468424,2585,1,0.505675
"year[1,3]",0.41140210766673,0.458534286827098,-0.491278317547976,0.102961840135411,0.412868887601119,0.720927921464575,1.31010981927105,1.00005484517853,28217,1,0.814925
"year[2,3]",0.316949446209267,0.759362026218112,-1.1699591819404,-0.196319547036905,0.315358079267736,0.825627100712029,1.81668214386338,1.00014193279796,20371,1,0.66185
"year[3,3]",-0.117507707549729,0.813811378335305,-1.71783773338096,-0.662959354286124,-0.118975402876337,0.427687728978402,1.47201451568916,1.00089058187982,2781,1,0.55615
"year[4,3]",0.826375480224679,0.845513032799992,-0.838251003431937,0.247980036573972,0.836601822545077,1.40686555522838,2.44343515419505,1.0006331744503,3706,1,0.832
"year[5,3]",-0.955574259510005,0.499733057946972,-1.93864315327162,-1.29132340902952,-0.955473650073954,-0.622464635419043,0.0300588574582129,1.00023448121998,9384,1,0.97165
"year[6,3]",0.308590291123392,0.6299613493522,-0.919920564728544,-0.112833819145459,0.308612695110369,0.732438789145961,1.53938685432775,1.00013090063499,14983,1,0.68835
"year[7,3]",-0.0844819346184047,0.791346887325014,-1.6494759683206,-0.612718804285472,-0.0863151812066097,0.447727908391841,1.44688478364395,1.0001005075337,19170,1,0.542775
"year[8,3]",0.254793010867891,0.810769189232268,-1.3770289665815,-0.28655398243918,0.271377633848421,0.812257743023177,1.80305396382074,1.00011792767066,16888,1,0.630125
"year[9,3]",0.339969688937397,0.820811198483822,-1.24436371110068,-0.213496877352224,0.330351903393705,0.886502195392292,1.98910551223728,1.00057521867453,4335,1,0.658875
"year[10,3]",0.165158373081,0.703373480333644,-1.22114864157224,-0.304853300267199,0.168240365669648,0.635735406774401,1.54335321391813,1.00019886563253,12956,1,0.5953
"year[11,3]",-0.0859306535676233,0.72374696237362,-1.5365120792945,-0.564264627930059,-0.0767396593487769,0.402998701747248,1.30634604027161,1.00001655697655,40000,1,0.54325
"year[12,3]",0.0960841461646807,0.81829693763369,-1.50428399480179,-0.450513958336683,0.0901010845913128,0.645842940902885,1.6961183728284,1.00024098488074,9907,1,0.5433
"year[13,3]",0.268876264039816,0.829021194028698,-1.35617294652775,-0.280516322924339,0.262771446761532,0.824705788958638,1.90753730428351,1.00094257623007,2883,1,0.628425
"year[14,3]",1.27663397864615,0.727749663440334,-0.185036244055699,0.792554220027533,1.28446417431468,1.76930224666258,2.6750746203942,1.00016607250473,13797,1,0.958375
"year[15,3]",0.177837758121061,0.762061204000797,-1.32805210782889,-0.33228545639792,0.182838367559578,0.692931371800046,1.65228088163746,1.00027356019065,7765,1,0.595825
"year[16,3]",0.242054668865335,0.82480395413167,-1.36031672756355,-0.311894856863882,0.232422452885683,0.791483374768026,1.88253456900362,1.00057725230348,4473,1,0.61545
"year[17,3]",-0.320426042206535,0.770171216302446,-1.77696877396024,-0.854554788696485,-0.337734509996419,0.195906460017516,1.23519067347566,1.00056060382179,6767,1,0.66795
"year[18,3]",-0.150026913347125,0.82608925934785,-1.77932681994914,-0.709206807155343,-0.144097046095771,0.406186210752211,1.46137926267147,1.00022893931677,9431,1,0.56895
"year[19,3]",-0.155103443560153,0.760755570625482,-1.6878394980985,-0.659535381397002,-0.144240418116362,0.35643644060931,1.32035687573831,1.00014970785495,12794,1,0.57535
"year[20,3]",-0.12126208978157,0.8299925862367,-1.75072830060491,-0.675914564106076,-0.117481292333263,0.43592483010684,1.49083892765275,1.0001260173058,17084,1,0.556
"year[21,3]",0.312472071743657,0.799218581793094,-1.24321051695946,-0.223783496091754,0.307076668890882,0.849155760135085,1.87982252827137,1.00014716276921,13062,1,0.65235
"year[22,3]",0.0627036494677859,0.823784080633721,-1.54819635627121,-0.489998661257914,0.0580186583035084,0.616267174291975,1.6778717558339,1.00066074948425,3777,1,0.529
"year[23,3]",0.512323023428349,0.842716143190065,-1.15205037294516,-0.0505780953348432,0.515228734322765,1.08820300765947,2.14859885707483,1.00283898317571,878,1,0.7304
"year[24,3]",-0.0544047679783888,0.674687819887875,-1.35496918092687,-0.513868251351486,-0.0609096209192481,0.396344131480321,1.28762001509403,1.00009215715815,32237,1,0.535875
"year[25,3]",-0.609507788687983,0.714865328354377,-1.95199760535921,-1.10195134381974,-0.638388862681047,-0.135398706459351,0.84050519575965,1.00022575386942,10268,1,0.802975
"year[26,3]",0.161599181851109,0.643919398364611,-1.07900202210112,-0.277453656773768,0.160428855156902,0.597682877460569,1.42783808942276,1.00007828511576,21896,1,0.5946
"year[27,3]",0.220761722099416,0.821552884016542,-1.38212458613852,-0.336103507243281,0.220642701417015,0.769228650124733,1.8440210804994,1.00020686499349,10455,1,0.607525
"year[28,3]",0.246595600252014,0.813388407561082,-1.32152462749723,-0.310744631809673,0.239030124281336,0.792704964624313,1.86699807739569,1.0006721552619,3551,1,0.6141
"year[29,3]",-0.208724796774055,0.774929135502586,-1.76728440036855,-0.717792806734154,-0.194622604377519,0.317795611662589,1.26594436542258,1.00024175528246,9369,1,0.60205
"year[30,3]",0.224234277764907,0.832055187761104,-1.4312879975361,-0.331980638243476,0.229021601917796,0.779959744447627,1.86325810484304,1.00027235567207,10869,1,0.606975
"year[31,3]",0.396049867234742,0.602463455533616,-0.76999242304208,-0.0153006054225658,0.386976075937524,0.799884965636211,1.60136917973958,1.00005663096388,29387,1,0.7414
"year[32,3]",0.146932959171665,0.802250437941982,-1.42288098395978,-0.39501073239416,0.144781832390085,0.689326008545371,1.71411736622264,1.00014423190436,15561,1,0.5703
"year[33,3]",-0.023332833567939,0.704420660357838,-1.42838533950238,-0.491124019182433,-0.0126339627076321,0.457740122094165,1.33032322419945,1.00014023590567,40000,1,0.506775
"year[34,3]",0.0167474163751985,0.77585993857963,-1.54827640931604,-0.497246284167261,0.0271635347459508,0.540583491660199,1.51070217972928,1.00006772369316,25687,1,0.51395
"year[35,3]",-0.123668880295263,0.816582309907641,-1.72241564388314,-0.672040375014147,-0.12327429181067,0.42546221073705,1.47099830679346,1.0001725702271,17362,1,0.56165
"year[36,3]",-0.110685868176426,0.660405576502748,-1.36613996679408,-0.564425314036049,-0.121463247337594,0.332078293717613,1.20591337288204,1.00000555489523,40000,1,0.574475
"year[37,3]",0.251445109537839,0.831992221522032,-1.38349442650541,-0.307847968989652,0.256231384872957,0.812551503678219,1.86897562399145,1.0009267163751,2810,1,0.617375
"year[38,3]",-0.086395311986667,0.791695918369997,-1.64792428751726,-0.61359948855904,-0.081709273117609,0.444091236244449,1.46321933667021,1.00022621154632,9920,1,0.541475
"year[39,3]",0.0675572769305591,0.848862210640801,-1.57959029154362,-0.503418068868226,0.061383101530894,0.63192036652775,1.74955441373726,1.00035476496939,6275,1,0.52685
"year[40,3]",0.306389764786807,0.740097225705,-1.17498979066845,-0.18475964028463,0.318495481202531,0.808039626565805,1.72787353366679,1.00007952945142,30469,1,0.6664
"year[41,3]",-0.264965185902735,0.833126858481339,-1.88098585731856,-0.81887068446714,-0.272036203671926,0.295542105070973,1.39550923357625,1.00282912372579,971,1,0.628125
"year[42,3]",-0.875653127940172,0.821497190928374,-2.45953576020806,-1.43636261453524,-0.886862623717269,-0.325963825899819,0.764566098931808,1.0012231480862,2062,1,0.85535
"year[43,3]",0.553161522253788,0.658579978558255,-0.747870211296569,0.111869080909766,0.558583256574837,1.00649035087894,1.82201608329127,1.00013430386274,30243,1,0.79965
"year[44,3]",0.467962688116402,0.639630784981657,-0.815950012990724,0.0433040558385314,0.482849904122679,0.902300089520194,1.69979877177943,1.00018148091067,12731,1,0.76985
"year[45,3]",-0.11802476926131,0.666920635561797,-1.43899745247426,-0.563869785557564,-0.110923388004935,0.332078888750275,1.17957571129248,1.00011699638484,40000,1,0.56645
"year[46,3]",-0.0542167674659622,0.838250231707772,-1.69137112679965,-0.615544140312987,-0.0540356170304607,0.510890591565719,1.58813678570687,1.00003243326346,40000,1,0.52685
"year[47,3]",-0.806537915520252,0.678945725206055,-2.1931015358497,-1.24671769664907,-0.784549055149697,-0.338450119722214,0.472080973079351,1.00016353384904,12263,1,0.88755
"year[48,3]",-0.232382780097753,0.506001176543817,-1.2322235277941,-0.56816005496282,-0.234643422826508,0.109472545697385,0.750890314914241,1.00017003649753,16373,1,0.67625
"year[49,3]",-0.177788936590555,0.831661401575445,-1.81428226801998,-0.733038346673957,-0.172438924460567,0.382472318029802,1.44544234343576,1.00006518177446,33654,1,0.5844
"year[50,3]",0.045276264566037,0.646663257821216,-1.21438440544753,-0.392950408024746,0.0421214666849148,0.48230260699553,1.32438539393218,1.00033229872016,6765,1,0.5248
"year[51,3]",-0.468484763228965,0.623575250864164,-1.69609771733591,-0.885915956600519,-0.470229335362929,-0.0476481934627539,0.757549774396067,1.00001962162166,40000,1,0.774275
"year[52,3]",-0.0720790480850949,0.806913255579429,-1.66111810412034,-0.61810587836553,-0.0671022150720195,0.47821754791206,1.48966561112432,1.00053515007231,4929,1,0.5334
"year[53,3]",0.4349600992168,0.739589787930825,-1.03976349347627,-0.0578929448104503,0.445795416313367,0.931531441513514,1.88005739023204,1.00024737142556,9917,1,0.724375
"year[54,3]",0.0456575214069645,0.619093273695161,-1.15142663608009,-0.377979918254269,0.0355191813102357,0.458346354811172,1.28503622778767,1.00004980299565,39569,1,0.524775
"year[55,3]",-0.111416154514561,0.758050649732346,-1.62417298554861,-0.616422345715128,-0.100560805604915,0.409163991714218,1.3430088117199,1.00038083549622,6671,1,0.552575
"year[56,3]",0.366702930567193,0.821970394332978,-1.23646339445368,-0.180371662277857,0.363125322071358,0.917720950710072,1.99739133734207,1.00042287696755,5431,1,0.67265
"year[57,3]",-0.222432456763301,0.795533103999064,-1.83807836651511,-0.744345271208009,-0.21191961335274,0.314439964234381,1.30331107539441,1.00013204856359,21210,1,0.605125
"year[58,3]",-0.127781198402672,0.822765634715495,-1.76154979000387,-0.677434701861558,-0.11478061660343,0.427464287994909,1.47458727359756,1.00030926780216,7221,1,0.55595
"year[59,3]",-0.154305418887816,0.830593274829993,-1.79897513528336,-0.708381483689487,-0.151295083895252,0.404313555624186,1.47384143982907,1.00085288059364,2872,1,0.573525
"year[60,3]",-0.489609404293569,0.633104173249011,-1.69987783932109,-0.918523916508733,-0.500456395303799,-0.0681387307021393,0.776320846451045,1.00018271931223,11779,1,0.78065
"year[61,3]",0.216506743493047,0.780351187172742,-1.3297470044189,-0.302918545283612,0.219555466833824,0.742855035828338,1.73655788773904,1.00038201791456,10881,1,0.61355
"year[62,3]",0.120725958329273,0.813782964097061,-1.47044044785383,-0.422400070775222,0.120946018761268,0.663402187664468,1.7157449067035,1.00018767615899,12701,1,0.558375
"year[63,3]",-0.0989870942719365,0.815919950586577,-1.72273271624292,-0.646785990263337,-0.0934640162486991,0.460783620970578,1.48484659741424,1.00014804948064,24221,1,0.54585
"year[64,3]",-0.133992253511832,0.837917420806425,-1.7867766273689,-0.698475197902302,-0.133183406812282,0.425206124294182,1.51480535125124,1.00020507180214,12618,1,0.56085
"year[65,3]",-0.874295538657103,0.460234155427201,-1.76272931705303,-1.18485724926471,-0.880461226744394,-0.566345615325248,0.0394002604136874,1.00009128472681,28450,1,0.9695
"year[66,3]",-0.0323249469419221,0.793456789692739,-1.57877349418881,-0.574713483882048,-0.0358128159356723,0.505158182878202,1.51996861688339,1.0005579488799,4268,1,0.517375
"year[67,3]",-0.146051863182758,0.816172794956548,-1.7456379695884,-0.695226515158902,-0.143031137924095,0.405186955053146,1.45088312249526,1.00020300634497,13354,1,0.5697
"year[68,3]",-0.0300951847547862,0.491421531723847,-0.987427166289484,-0.364393530134382,-0.0314863233245468,0.298387892177201,0.937312145070147,0.999993982210752,40000,1,0.5256
"year[69,3]",-0.104339927466373,0.812564456801095,-1.70215040901835,-0.648209051018516,-0.0997355282285965,0.448116523211918,1.47761132765827,1.00008046648336,26749,1,0.547975
"year[70,3]",0.644501177845402,0.705198654481332,-0.782102272598533,0.182864969748695,0.656616669644312,1.12421523757987,1.98010867274711,1.00031550182567,10104,1,0.819875
"year[71,3]",0.139111020323837,0.696035779401125,-1.21347006922057,-0.336192123905495,0.137410640911706,0.602581885066244,1.52151740041413,1.00003637009042,40000,1,0.578525
"year[72,3]",0.304552830085678,0.821507743764411,-1.29967853741832,-0.252828816824872,0.303185954403307,0.858663516962506,1.91330023963978,1.00014692285762,13408,1,0.643725
"year[73,3]",0.133570385756862,0.80430503537049,-1.45938992478051,-0.404116185015967,0.127752341335539,0.674589435450157,1.71536879388147,1.00027287947752,15380,1,0.56665
"year[74,3]",0.0921739247662655,0.814752801538581,-1.48455667581877,-0.457525530150448,0.0845327052633501,0.635515569599169,1.70370044269666,1.00059864533616,4198,1,0.541175
"year[75,3]",0.495295139970033,0.758099380939908,-0.993749869159707,-0.0159113427788484,0.500521228049625,1.00797195328791,1.97631432748119,1.00033750020367,7396,1,0.7435
"year[76,3]",-0.586689150919935,0.68134668137493,-1.9531138649904,-1.03307009479889,-0.576371700354793,-0.124485657837104,0.719676938211227,1.0004229223785,6292,1,0.8051
"year[77,3]",0.0996075763109386,0.819136922821126,-1.50959684047099,-0.449104077658198,0.0985369524466761,0.650408742896945,1.69851655990159,1.00025470724944,10331,1,0.5483
"year[78,3]",0.493966861792176,0.844561041141415,-1.1294074099439,-0.0839449338767661,0.483429224985866,1.05466405089649,2.19453606979724,1.00160458736358,1548,1,0.7183
"year[79,3]",0.363284201359966,0.810337972497504,-1.23546066692837,-0.181703359920081,0.372755992938971,0.910809442830919,1.92998455762983,1.00055541270764,4733,1,0.675575
"year[80,3]",-0.21524657644157,0.809449647709354,-1.8025269585199,-0.764682335075776,-0.21147374669549,0.327273960264403,1.36971141373304,1.00027934305529,8105,1,0.604225
"year[81,3]",1.28177574162388,0.616740718789841,0.0258168371695852,0.879303686512222,1.29519531744274,1.69929173758262,2.45231989227218,1.00005855859929,40000,0,0.977275
"year[82,3]",0.273315773975398,0.677136097150107,-1.07950054385897,-0.177527378672966,0.283675515866389,0.733056000929023,1.58191766531955,1.0000396416617,33314,1,0.662125
"year[83,3]",0.629416425862956,0.755829251722989,-0.875589720661228,0.125253558014639,0.638603112117777,1.13958878846892,2.08188837547564,1.00005445778235,24778,1,0.7993
"year[84,3]",0.298913797608164,0.848678009483131,-1.35787086806067,-0.276283709280972,0.29383046367778,0.872696318583473,1.96820300735153,1.0004105564588,6215,1,0.635425
"year[85,3]",0.0965484245666533,0.787570199565777,-1.47377885022135,-0.429120273545956,0.105431985474837,0.631024787001637,1.62142020709426,1.00056762435535,4709,1,0.55185
"year[86,3]",0.034925015405086,0.515645722688391,-0.935087991166009,-0.315835766490098,0.0209440709467019,0.37134319075944,1.09686360934304,1.00018526449029,14706,1,0.517425
"year[87,3]",0.197717705196693,0.788818100928781,-1.34732733093024,-0.336586791390742,0.203925005017032,0.739378280938443,1.70871773461917,0.999975485550678,40000,1,0.602675
"year[88,3]",-0.0597825657743844,0.706201124952422,-1.42304144741577,-0.534933914001043,-0.0666991771766039,0.406858482935127,1.35239118336513,1.00027558991728,8503,1,0.53865
"year[89,3]",-0.638644722940741,0.83070817492585,-2.24723050123977,-1.199711189815,-0.645984673939955,-0.0946754651918662,1.02964932562409,0.99999470612844,40000,1,0.7838
"year[90,3]",-0.155333740303574,0.800443989734327,-1.73028392668971,-0.690905612128352,-0.154635356777437,0.386693438847612,1.40354153888739,1.00008570228436,25797,1,0.57705
"year[91,3]",1.85047490156296,0.592394015894025,0.675957238468779,1.45197049973455,1.85524747920381,2.24795798399527,3.01121415693728,1.00030391505016,7452,0,0.9987
"year[92,3]",-0.0676479567186517,0.831683607013689,-1.71820342717887,-0.623152472023364,-0.0649632954160428,0.494457321678304,1.55375921070262,1.00015669146371,13226,1,0.5334
"year[93,3]",0.210898339695394,0.841460890428082,-1.41692924115656,-0.363578150836262,0.202933123138463,0.779103755696268,1.86179557267869,1.00004936691424,28447,1,0.59385
"year[94,3]",0.246276178854326,0.796499726917398,-1.33312490692737,-0.288051058478098,0.257202349062983,0.785085366665322,1.7893827325074,1.00020227694325,16863,1,0.624625
"year[95,3]",0.176616183458436,0.753895946947176,-1.34503678454823,-0.328562239097887,0.191936960065322,0.695446787399891,1.60784962415459,1.00052302391705,6122,1,0.5987
"year[96,3]",0.316499065020259,0.838392824339221,-1.33403083305606,-0.251702870319366,0.323186816167625,0.885599072899018,1.95462624061132,1.00033356058203,7150,1,0.64885
"year[97,3]",0.744728060050801,0.835715650416232,-0.884215048221681,0.176788728899321,0.742165455715501,1.30702015721066,2.39934649008509,1.00074235494942,3369,1,0.8118
"year[98,3]",0.310662621632672,0.829518677172903,-1.33984664462456,-0.244783498045136,0.31218441797366,0.870141016646379,1.92922093773128,1.00181333425265,1555,1,0.648275
"year[99,3]",-0.534761549663404,0.713271424230077,-1.92550198370422,-1.01588039888367,-0.54129619918578,-0.0612797280171509,0.877225832103736,1.00056704125363,4482,1,0.775175
"year[100,3]",-0.0831374875030148,0.820246782336127,-1.70713159669135,-0.627557010966124,-0.0789613160116621,0.471388067238176,1.50788503569388,1.00042270963105,7015,1,0.5356
"year[101,3]",0.192617341942518,0.828308554960875,-1.44213037751623,-0.368687835839268,0.194885528772285,0.751683991219049,1.81987111068222,1.00121893594078,2070,1,0.5945
"year[102,3]",-0.144611818653846,0.838000090828424,-1.81010306649249,-0.709063900591573,-0.137890410581515,0.420891136153168,1.48756514420392,1.00049508964722,4618,1,0.564475
"year[103,3]",-0.337250386234988,0.808026946512746,-1.94720394545224,-0.871437791635225,-0.325368987700482,0.211704326557196,1.21765455267158,1.00044674316843,5252,1,0.658625
"year[104,3]",-0.107005242443435,0.822932487262083,-1.74191607992964,-0.654530659753922,-0.0984483415422904,0.444786456444318,1.48625669910092,1.00003775633686,40000,1,0.54845
"year[105,3]",-0.312123211032902,0.640415941578485,-1.59190361557524,-0.741406668157943,-0.302369143308884,0.124021085085049,0.92421825669895,1.00006469220479,28710,1,0.683925
"year[106,3]",-0.313788102629508,0.779406716080242,-1.86985801015587,-0.83382039855403,-0.308226501567001,0.21886612171425,1.17864061310728,0.999970186595757,40000,1,0.65235
"year[107,3]",-0.15292020970325,0.720558140245609,-1.52153219094585,-0.64292330672197,-0.170836693385805,0.32242328501421,1.30409826867353,1.00026428559929,8633,1,0.592775
"year[108,3]",0.317005756683371,0.813557349043272,-1.26754272587957,-0.231822569313157,0.318220281591107,0.8613923058681,1.922689035642,1.00028854281835,7821,1,0.6511
"year[109,3]",-0.670122885198168,0.706253595911094,-2.04917917535787,-1.14252572047604,-0.669136634606815,-0.193061834921887,0.707331048102401,1.0002143194067,11669,1,0.828525
"year[110,3]",0.249522838841322,0.767868835236084,-1.31808153210275,-0.260066205267852,0.270401683443967,0.783393534300275,1.69858843785054,1.0005105377681,7448,1,0.636075
"year[111,3]",-0.0934212117531327,0.817614231733969,-1.70385133488363,-0.640259914778643,-0.0917728577063596,0.456620856447514,1.51277539038287,1.0003322044583,7963,1,0.54525
"year[112,3]",0.28885494582642,0.742492033986809,-1.18315108359833,-0.208291033384618,0.290770450629065,0.792231768992723,1.71996877447966,1.00032582141908,8212,1,0.65495
"year[113,3]",-0.314235731933559,0.752480115216017,-1.72506432927102,-0.829860778156701,-0.333621133558789,0.177124901709129,1.22192852426184,1.00011189746082,16426,1,0.67405
"year[114,3]",0.101694705252369,0.807744190494965,-1.48745290590178,-0.438365475651928,0.105514627942313,0.645131525318082,1.67490623074906,1.00013999138259,15451,1,0.5521
"year[115,3]",0.074715687671129,0.775843875617721,-1.4575524407214,-0.445745650976639,0.0734738846630418,0.595684123887784,1.59392374290683,1.00023727224802,12395,1,0.5386
"year[116,3]",-0.158356910788685,0.811480116150763,-1.76944802805154,-0.699853209727455,-0.153275306128416,0.387758252507747,1.42268284567293,1.00007402406666,23170,1,0.575725
"year[117,3]",-0.192110738386615,0.841595241292916,-1.85511455837261,-0.762021827114906,-0.18672109853102,0.371614119869166,1.45733702331781,1.00038367118852,8370,1,0.587225
"year[118,3]",-0.0540068231930426,0.74453959739832,-1.48646510760295,-0.557620566460733,-0.0630616563648838,0.44293815336866,1.4225477615082,1.0007498042489,3199,1,0.535375
"year[119,3]",-0.299396298730009,0.820157025051571,-1.91418037656141,-0.847757009686103,-0.303281762830611,0.249936623590306,1.31115495587964,1.00037278409385,6252,1,0.645325
"year[120,3]",-0.332815988547984,0.501369835069135,-1.29553533021387,-0.674316378850281,-0.339516902628161,0.00351084938409556,0.666837834266986,1.00025253562351,8753,1,0.7479
"year[121,3]",0.231524023154423,0.837300975629594,-1.40098745329567,-0.337186486294281,0.232559746736441,0.79519149503403,1.87182270043011,1.00029450067219,7849,1,0.607475
"year[122,3]",-0.118835488132983,0.837705791015111,-1.76488012742221,-0.676696977791158,-0.11483268740526,0.438738674383397,1.52360820530819,1.00019536832727,10816,1,0.554775
"year[123,3]",-0.0962569088702148,0.831888619480886,-1.73876347971314,-0.650381135507126,-0.0948901069302054,0.464055357453542,1.52803241207098,1.00034497406548,8036,1,0.545225
"year[124,3]",-0.28142800634538,0.816548496348206,-1.84571461090997,-0.839316599554835,-0.293833891860199,0.268487318966387,1.34611239376606,0.999983008670872,40000,1,0.63855
"year[125,3]",-0.096827196045538,0.820067828899927,-1.71353506442783,-0.648716867862699,-0.0927468556676097,0.456910593652706,1.5160698442523,1.00028111783801,13477,1,0.544725
"year[126,3]",-0.184279681030683,0.832315230411531,-1.81274910591054,-0.745858076079271,-0.17949559445003,0.379023352491477,1.43720938471625,1.00046065613525,5270,1,0.587175
"year[127,3]",0.215298612884862,0.770531802784593,-1.23456988781046,-0.314103587961968,0.19631128531368,0.720886324917311,1.77581704012724,1.00039799326601,7676,1,0.60235
"year[128,3]",-0.116250682516659,0.831825810855713,-1.75227425472771,-0.672584460877382,-0.109357305958222,0.441033101750022,1.5088700149098,1.00004354056619,40000,1,0.555525
"year[129,3]",-0.0583025189339895,0.842602927632477,-1.72742230468664,-0.627139914717629,-0.0591021456495453,0.510601418968918,1.60354121695182,1.00057279753977,4113,1,0.528525
"year[130,3]",0.0353517090595823,0.812383211189552,-1.55961094693205,-0.503448960705276,0.0361727819926244,0.57916053624181,1.62882145529263,1.00000433949715,40000,1,0.518175
"year[131,3]",-0.314967014092744,0.803092255275856,-1.91154825776174,-0.851133081153985,-0.305664964528066,0.231939332610166,1.23891705709229,1.00076823433938,3523,1,0.649075
"year[132,3]",0.054351825376597,0.820158796863549,-1.55361753837243,-0.497169339687815,0.0530947167349554,0.605996222205675,1.66396757105482,1.00009344590782,22119,1,0.52735
"year[133,3]",-0.457843613589225,0.737918697126503,-1.90885259158707,-0.948625866990363,-0.454835932564047,0.0386795121740816,0.978308858005168,1.00006785748237,26253,1,0.7328
"year[134,3]",-0.976912540932572,0.731869732725315,-2.36019240042642,-1.48435076822503,-0.994351390783125,-0.489699898370574,0.49654898572735,1.00030454027209,7767,1,0.9045
"year[135,3]",-0.0710569715537399,0.823124315858047,-1.70363570809844,-0.624693155837341,-0.065356692199746,0.487149299687511,1.52426146699894,1.00015686169904,16976,1,0.53225
"year[136,3]",-0.357466622530804,0.652841717285376,-1.63466120200573,-0.796702337507546,-0.36230506580604,0.0819220141249381,0.931306405757031,1.00010869978366,17215,1,0.70995
"year[137,3]",-0.0763069009347751,0.839260418532449,-1.74680918214557,-0.639134721876789,-0.0691366367111117,0.496330992105654,1.54720194347888,1.00015940444496,17673,1,0.533075
"year[138,3]",-1.23553731455627,0.760926100258089,-2.63254386524914,-1.75819740332735,-1.27073648523655,-0.755902250923136,0.36091206667544,1.00023407672447,9559,1,0.93995
"year[139,3]",0.127855996707482,0.850987516694019,-1.52410110055019,-0.446003195677946,0.125358462381818,0.697905771883869,1.79930337089158,1.00040230819621,22161,1,0.55825
"year[1,4]",-0.0242688037493119,0.480711539587091,-0.968073453066948,-0.349567760904714,-0.0215929176802641,0.297203254935514,0.925316527653098,1.00003422249429,30235,1,0.518275
"year[2,4]",0.0118931931116316,0.745108395797401,-1.43815081988325,-0.493350388052625,0.00653927288817724,0.513789077986889,1.48576224079182,1.00028868177276,10295,1,0.5033
"year[3,4]",-0.12829200211337,0.81576327063703,-1.73469435822375,-0.678063417714983,-0.122232120333869,0.42426209669852,1.45713221802862,1.00026797251979,9751,1,0.55945
"year[4,4]",0.558661957188468,0.825644922420785,-1.0420269941148,-0.00144509289542699,0.551926771531435,1.11616098564482,2.18813994721438,1.00052952511811,7488,1,0.749325
"year[5,4]",-0.828066229741477,0.554322656784053,-1.9099804051866,-1.20434997513685,-0.829200127742138,-0.454825522968978,0.254118870706924,1.00004180682929,40000,1,0.931425
"year[6,4]",0.897665924712156,0.617269667090653,-0.299024030383275,0.482834276211569,0.89484285888749,1.31299311818899,2.11739898137187,1.00026025246322,9928,1,0.92755
"year[7,4]",0.0851566838934873,0.775686488629098,-1.44560330898834,-0.434209096119342,0.0857700974927737,0.609273046854737,1.59666964459657,1.00077637857199,3218,1,0.545375
"year[8,4]",0.027315508456269,0.777321802477533,-1.506735947879,-0.493442457890396,0.0342143609526723,0.552385250224158,1.53935029369506,1.00005111170009,30785,1,0.517325
"year[9,4]",0.250221581267264,0.80891878060451,-1.33801477054158,-0.293527393440696,0.247401540305822,0.789126588394646,1.85171315166139,1.00013592715483,28890,1,0.621525
"year[10,4]",0.471006733510162,0.709353995138989,-0.901849104878274,-0.01032697069153,0.465356066643538,0.944812510802445,1.87561669624173,1.00007848482898,23236,1,0.74515
"year[11,4]",1.29447049338415,0.656831871464467,0.00256885390581542,0.852052589338494,1.29835272765399,1.7415904307622,2.57056144512079,1.00016472272824,14949,0,0.975225
"year[12,4]",-0.0461679659609706,0.826233909189886,-1.668215911951,-0.597973957466912,-0.0497162338577625,0.503134390267459,1.57630957453729,1.00044870705883,5747,1,0.52435
"year[13,4]",0.167854996298294,0.823160470793669,-1.44962009920293,-0.384128305288729,0.170268153852487,0.725142377014537,1.76479187012025,1.00006503304924,31214,1,0.582175
"year[14,4]",0.119056958473136,0.737503845747107,-1.30006810164991,-0.38028119197127,0.11201374632843,0.607203850693345,1.5902098064002,1.00004407566863,35202,1,0.56005
"year[15,4]",0.133740463466385,0.785171963376059,-1.38032997616029,-0.397645646808259,0.129844837696054,0.658054577555243,1.68512138777994,1.00018792017613,11382,1,0.566025
"year[16,4]",-0.122677767329778,0.839780367879026,-1.78000158754079,-0.683747760844153,-0.123317952534795,0.440628671577664,1.50373427727697,1.00004020403388,35947,1,0.557325
"year[17,4]",0.222619512650493,0.794796672578482,-1.2939936498868,-0.320996191026118,0.211409137773701,0.748912490865263,1.81906869635235,1.00026274155458,12097,1,0.605425
"year[18,4]",-0.133448272067524,0.822845689952986,-1.7693170068643,-0.680303061889037,-0.131513203923741,0.423782695860784,1.48428001565287,1.00040160247645,5698,1,0.564225
"year[19,4]",-0.172298590603647,0.806856936610326,-1.76524430874772,-0.718476247969979,-0.17074767648507,0.372333864779732,1.39464184691118,1.00062785169824,3731,1,0.5833
"year[20,4]",-0.0956396029581049,0.84010946114495,-1.75607851249204,-0.656421806418503,-0.0959205272856737,0.471783396306441,1.53630755733197,1.00013815780804,14238,1,0.54475
"year[21,4]",-0.0174076942397518,0.791556025575359,-1.58879845067271,-0.546608184053489,-0.0126387134234782,0.514317653066874,1.53898417244255,1.00062087933043,3749,1,0.5063
"year[22,4]",0.608943523188698,0.801029393958168,-0.950705317997286,0.0680317543857568,0.605306058708263,1.14167085879322,2.20450187737202,1.00102232609966,2369,1,0.776275
"year[23,4]",-0.210551828385567,0.820147202744071,-1.83779019666386,-0.757581533173148,-0.20931853374615,0.340777922123793,1.3854495906567,1.00053874508834,4682,1,0.60265
"year[24,4]",0.445907435780896,0.663280924804726,-0.837877509308299,-0.00847175446793771,0.44272048668478,0.890812569644073,1.76529174190083,1.0005208011876,4962,1,0.746425
"year[25,4]",-0.841549103686867,0.666179450799774,-2.14894368362566,-1.28543731794837,-0.842459307465597,-0.39637377305136,0.471557601388479,1.00006575814886,28201,1,0.89755
"year[26,4]",0.239787405892204,0.729422504347656,-1.16041141083471,-0.253275938586037,0.229674771413825,0.723419058249346,1.68571093721491,1.00011860163177,17192,1,0.6254
"year[27,4]",0.0223822599125083,0.825229165447036,-1.59551703755241,-0.528465713148719,0.01670277262851,0.574314970723277,1.65338930167509,1.00036747589135,10390,1,0.50895
"year[28,4]",0.427914897820158,0.822518580496984,-1.16376237761951,-0.128212342855593,0.419751605344854,0.978146047911575,2.05856838909632,1.0006485943641,5260,1,0.6979
"year[29,4]",-0.0775824885942345,0.765782778692616,-1.60337108844219,-0.590543527262018,-0.0738745572579967,0.440728649066047,1.39148458204459,1.00023786292169,9713,1,0.53775
"year[30,4]",-0.165924905533841,0.841197902254008,-1.82045450764736,-0.729816995372213,-0.162094572221958,0.401899532491059,1.47796557651582,1.00062759061372,4068,1,0.57695
"year[31,4]",0.00509468131878821,0.615946337665118,-1.17891503138011,-0.417643918660004,0.000868024242498759,0.414151870901934,1.23243866402186,1.00018147566102,12057,1,0.500475
"year[32,4]",0.155737111315439,0.792920349645964,-1.38966630411262,-0.380416516839098,0.14857374743216,0.693711452047328,1.7216248307328,1.00038737871171,6103,1,0.57205
"year[33,4]",-0.135421453848346,0.750810988489872,-1.6446951733009,-0.632642445824727,-0.124191166822455,0.375190123769615,1.30148220874957,1.00014107528633,13571,1,0.566625
"year[34,4]",-0.149750629909775,0.790113104925025,-1.71841015525472,-0.675493094106639,-0.145895337716551,0.385647566852019,1.38595136267171,1.00015596083071,19719,1,0.5736
"year[35,4]",-0.0684274781366811,0.836868111975307,-1.72439543504625,-0.619663702301422,-0.0696149998084784,0.492229589096025,1.57320066758372,1.00035453617159,6502,1,0.532925
"year[36,4]",-1.04839333100307,0.63574082897438,-2.2597180711323,-1.47549341712134,-1.06286892840275,-0.634249488169366,0.247195790953628,1.00023921862358,15571,1,0.947225
"year[37,4]",-0.0304951665275847,0.800718872337597,-1.58265754384788,-0.571047711886068,-0.0311584137243672,0.507334345247026,1.55194875110417,1.00052850901449,4391,1,0.517125
"year[38,4]",0.0203500630755325,0.80493645474734,-1.5801000265111,-0.522236886204504,0.0262748931170246,0.56109626815789,1.58892775374974,1.00038518096897,6461,1,0.51385
"year[39,4]",0.326517711286958,0.806811616380641,-1.23897739208793,-0.223483998306653,0.31926113715422,0.875219921000056,1.92666478750912,1.00026342341116,8490,1,0.655225
"year[40,4]",-0.0935629634984162,0.748914123732725,-1.55728585748142,-0.596003836516741,-0.0944503074303686,0.41466984471936,1.37892034222955,1.00043663659324,5888,1,0.552375
"year[41,4]",-0.056290371484017,0.844605989085483,-1.70959504651956,-0.623705259909387,-0.0591091947623625,0.503876754578404,1.61965609717323,1.00151616657697,1832,1,0.527575
"year[42,4]",0.041427450929421,0.763381084054391,-1.43643076191721,-0.477381750238777,0.0380261088795846,0.554697118647874,1.55161537498265,1.00003162412556,40000,1,0.519475
"year[43,4]",0.209848670078989,0.621535292903302,-1.00781063647729,-0.209977831361151,0.213139830461026,0.635613168351186,1.42199598348664,1.00003570314058,40000,1,0.63265
"year[44,4]",-0.248486343770407,0.689418350687692,-1.59967078304784,-0.70342486132776,-0.250555621121236,0.215453824575951,1.09935378349803,1.00031186243189,7308,1,0.643275
"year[45,4]",0.15240161083375,0.676267956629185,-1.17916935814892,-0.301968476706751,0.155772144233507,0.611834013779064,1.45232193897645,1.00024526097889,10559,1,0.59025
"year[46,4]",-0.0251153345093891,0.831932377854714,-1.65794168053537,-0.584156945267553,-0.0287102577803078,0.524165350415634,1.61662087017329,1.00066091622275,3773,1,0.51385
"year[47,4]",-0.831298420264927,0.68001003993997,-2.23117255825557,-1.27829463416347,-0.813023310913979,-0.364233186954814,0.443585482489076,1.00006940615795,28439,1,0.89315
"year[48,4]",0.885601117739789,0.54484591189591,-0.17760665761593,0.517593943223119,0.883352083800858,1.2501002354445,1.95434126939292,1.00002566025901,40000,1,0.948475
"year[49,4]",-0.115716544777648,0.822087608371771,-1.73130034612644,-0.661677527412748,-0.112561535758112,0.43360476906573,1.50534863740866,1.00026979092745,11543,1,0.557525
"year[50,4]",0.0292419386473144,0.591416300531488,-1.13486948166158,-0.368335037371356,0.0285658587405773,0.428620840893949,1.18281752925433,1.00017741817811,12861,1,0.518625
"year[51,4]",0.551130859796958,0.591371211440603,-0.628725552820909,0.158792686799496,0.556584084056336,0.952588682651125,1.68655182503311,1.00018239854268,22037,1,0.825375
"year[52,4]",-0.0136983981794568,0.814553265255142,-1.61478744561468,-0.560550798491505,-0.00800844202081236,0.539025863312132,1.584682507221,1.0004600487074,7443,1,0.5037
"year[53,4]",0.412847588654526,0.727486276218763,-1.00296090344544,-0.0779059082649073,0.409266925975936,0.901862708522734,1.8482468111436,1.00070397441659,3396,1,0.7159
"year[54,4]",-0.50396826812759,0.587910980628283,-1.64375145903035,-0.903012368384959,-0.511519536212207,-0.110765402531776,0.664591014666843,1.0001829749419,32506,1,0.80515
"year[55,4]",0.192956338976242,0.766912628231976,-1.35562970857869,-0.316794569602876,0.205340232935454,0.720623344939013,1.65460867064342,1.00078929465847,3051,1,0.603525
"year[56,4]",0.0915517629932016,0.837618149821594,-1.55782282904078,-0.468619028734839,0.0963382109600882,0.651889179555759,1.72794708934609,1.00033167700496,8737,1,0.5481
"year[57,4]",0.00470906777599123,0.793388154446399,-1.55718959008784,-0.531026297514723,0.00528044410029772,0.542250887315394,1.5602265934541,1.00010745809541,24108,1,0.502875
"year[58,4]",-0.0606022415064564,0.816007009323916,-1.67666257485407,-0.606634566584519,-0.0610133727654737,0.491242179687676,1.53908279981549,1.0001282794068,17176,1,0.530175
"year[59,4]",-0.0310577830941031,0.839501599391039,-1.6586400489211,-0.601441985157281,-0.0295171532524629,0.539979236115554,1.59390155242055,1.00020864158442,10146,1,0.515275
"year[60,4]",0.376452706025185,0.691805613841419,-0.967067333769175,-0.088901721447512,0.367264689134922,0.836407686692959,1.75870838851414,1.00024082049749,9334,1,0.706475
"year[61,4]",-0.0573780677198876,0.783098634216975,-1.59655929042681,-0.582343883839896,-0.0594554186016511,0.466704113489586,1.48382355639543,1.00016311720598,19892,1,0.52965
"year[62,4]",0.374711780297987,0.817056206347641,-1.2016564484831,-0.178123196687579,0.368837902034393,0.918640911397901,1.99960345331402,1.00083511427565,2901,1,0.6783
"year[63,4]",-0.0493668110195283,0.823739713595694,-1.68054451373046,-0.599433291220432,-0.0419341455022669,0.506536339569582,1.54477511641538,1.00018131485527,26086,1,0.5215
"year[64,4]",-0.0956754687570466,0.832098437676902,-1.72593664564024,-0.65449459010512,-0.0916779480407053,0.461268412254428,1.53319224698496,1.00022710882393,9141,1,0.543625
"year[65,4]",-0.570497777762945,0.531595139449352,-1.58336533092724,-0.9330119283136,-0.580635706824506,-0.219094032642905,0.506592305768872,1.00010096941649,18619,1,0.856575
"year[66,4]",0.232933266552258,0.775279713146671,-1.27613185346553,-0.294136885742975,0.230313650432155,0.754145324920992,1.76416048964261,1.00028151564627,9828,1,0.615225
"year[67,4]",-0.10777462387218,0.821079830404144,-1.74794675545576,-0.647744579504251,-0.102979383060039,0.442350996451696,1.48947507997506,1.00005852467851,31657,1,0.552
"year[68,4]",-0.95229565207155,0.522688070259407,-1.96461437346874,-1.30531096140013,-0.953701715440516,-0.605641473444583,0.0821256807528268,1.00006589998933,31753,1,0.96405
"year[69,4]",-0.0727988837146031,0.82436645531318,-1.69723385153784,-0.622518481053849,-0.0692451373044003,0.480793755813476,1.54311285867632,1.00052548023691,4641,1,0.5339
"year[70,4]",-0.870251276606034,0.652544219546869,-2.12749248664184,-1.31077239506748,-0.88195686379017,-0.441070405614463,0.435652374882042,1.00019117810529,33576,1,0.90645
"year[71,4]",-0.3331262093056,0.730507991593724,-1.73649318044927,-0.830014363036356,-0.345161898975251,0.157403395315619,1.11383320128566,1.00055085436576,4251,1,0.679925
"year[72,4]",0.103443474148741,0.808138139867076,-1.48000060716743,-0.440529233686032,0.102239930091778,0.653269820197577,1.66788436120314,1.00015843393561,12821,1,0.548975
"year[73,4]",0.0833537476753435,0.801330906882751,-1.47856426148445,-0.458332713499542,0.0822132975356276,0.619516697020501,1.66160179767365,1.00004060168578,40000,1,0.54
"year[74,4]",0.219562324667631,0.807303097685176,-1.3653300302296,-0.322284951334969,0.215484361497492,0.757853401825576,1.81326324082006,1.00024411794724,11661,1,0.603825
"year[75,4]",-0.0578113130830343,0.750725569438089,-1.52356909148551,-0.565287094083741,-0.0557157440133571,0.445785738047684,1.42416455081112,1.0002690043141,8377,1,0.530175
"year[76,4]",0.0177270934659988,0.661305941368228,-1.31495844149448,-0.423206121492185,0.0361872845326662,0.470339621559345,1.26673587207728,1.0001420539691,16248,1,0.52245
"year[77,4]",0.0507205473818345,0.793689172451803,-1.50455548462229,-0.481033176785642,0.0538379574684862,0.583326003189287,1.60842492425256,1.00002723867904,37376,1,0.527125
"year[78,4]",-0.187427609762265,0.843662753881137,-1.85109342734994,-0.751235388147074,-0.185599495265048,0.380810023714005,1.47103307102669,1.00058773207653,6171,1,0.590225
"year[79,4]",0.619655997269801,0.833907611945822,-1.02139854339906,0.0581882948740102,0.626156188947537,1.18812431037361,2.23088168869702,1.00124116527929,2063,1,0.772
"year[80,4]",-0.119572897129507,0.805483154729746,-1.69028809865269,-0.660854774254639,-0.121727205440129,0.42363453853,1.44412671036126,1.00062520673382,3802,1,0.56105
"year[81,4]",-0.393924106554806,0.664535103665576,-1.68104423012747,-0.840831474880242,-0.3987016835848,0.0465833950480714,0.909781336847859,1.00017562676894,17285,1,0.726875
"year[82,4]",1.16660557884401,0.621913498637253,-0.0888678744244977,0.758124475972832,1.17916812037889,1.58007816987856,2.36672059868721,1.00019190021164,12985,1,0.966825
"year[83,4]",-0.128159429016311,0.782053416088327,-1.66635535334063,-0.656524234922976,-0.121545828930631,0.398511094226591,1.39431744894394,1.00018697599584,11375,1,0.56215
"year[84,4]",0.233447819642691,0.830539579542008,-1.40084570080689,-0.32391120100891,0.232499450348572,0.790565628116823,1.85826405369535,1.00034974842153,7248,1,0.611175
"year[85,4]",-0.213203670175765,0.796906070759185,-1.77431605466254,-0.752967733648168,-0.211522708570265,0.328862165342207,1.33611251931322,0.999995470121965,40000,1,0.604525
"year[86,4]",-0.473559192826909,0.493939433170187,-1.42123946776471,-0.807090766015401,-0.481369615209699,-0.145492496814787,0.518112973660545,1.00004465335983,40000,1,0.832625
"year[87,4]",0.151081563101497,0.751622247295806,-1.32509121257135,-0.360720529935685,0.155692821021381,0.65928982048268,1.61826363952541,1.00036065866122,7546,1,0.581125
"year[88,4]",0.814946642940165,0.72037283860353,-0.587430948898971,0.327205487030319,0.812507370967054,1.29499158500835,2.24837670560056,1.00009802599692,20344,1,0.870475
"year[89,4]",0.023178137850989,0.801614743708465,-1.54811162562805,-0.509998977508996,0.0239745953058414,0.558111476504487,1.59325981111669,1.00022007941994,21655,1,0.512075
"year[90,4]",-0.138404158242939,0.803101826341626,-1.73101832823946,-0.673046626031894,-0.136083435330582,0.409431630306196,1.41632972645462,1.00016502623641,23194,1,0.5664
"year[91,4]",-0.490178886196381,0.526375076265025,-1.52032745636691,-0.840780760512725,-0.493692181400174,-0.137119495033226,0.547996454293458,1.00000990045169,40000,1,0.825375
"year[92,4]",-0.0452801493635407,0.835937687619363,-1.6978985167001,-0.603151307985248,-0.0453780193824898,0.513394606240365,1.60397617916825,1.0000229891785,40000,1,0.522175
"year[93,4]",-0.22479044650642,0.78501242277219,-1.7215071617839,-0.762929548626167,-0.239455412841018,0.299197746190636,1.34574983353332,1.00011049064648,30617,1,0.618575
"year[94,4]",-0.338012028865566,0.792969463999909,-1.90509915894001,-0.870721726568557,-0.333766893676783,0.191841696863313,1.22688394764602,1.00019717127409,13425,1,0.66555
"year[95,4]",-0.388789888630137,0.798042159978805,-1.96563660438522,-0.923025845423233,-0.386761471642403,0.150705888341809,1.15408602150808,1.00044440954807,5233,1,0.686
"year[96,4]",0.108263436510776,0.828554899500783,-1.51299386298003,-0.445280385919242,0.102887975004792,0.664736533730817,1.73137791716957,1.0000945106552,22616,1,0.549975
"year[97,4]",-0.202614061988704,0.826447761653731,-1.83215315106316,-0.746144267569345,-0.200156200392705,0.353980306993975,1.40065492087549,1.00028039389431,8033,1,0.595175
"year[98,4]",0.0112775577143431,0.833030618617366,-1.62218874187826,-0.543218712098125,0.0107574253763721,0.569516963570124,1.65274591783403,1.00075376953249,3168,1,0.505225
"year[99,4]",0.260936974847286,0.707929534474904,-1.14061546204255,-0.216880432651912,0.26394230129766,0.736902121446607,1.63601812726797,1.00070198441099,3759,1,0.6457
"year[100,4]",0.0141533585719825,0.835303840697932,-1.63271782430972,-0.542336361762262,0.0132339260370841,0.575481474198419,1.66098423443227,1.00026848085529,9702,1,0.5061
"year[101,4]",0.0619798475631526,0.788026630844531,-1.50180004229688,-0.470638401777397,0.0691049602971983,0.593070670219027,1.59697688727954,1.00047216358078,5234,1,0.533975
"year[102,4]",-0.0807005458163998,0.834170653174123,-1.71326359741203,-0.645247248876649,-0.0808523370631472,0.478407104300827,1.57307717759022,1.00015937733481,16514,1,0.538675
"year[103,4]",-0.328337697621076,0.792177062655359,-1.90668612106914,-0.855794615520992,-0.319950402128016,0.212978801524249,1.19902272845791,1.0006938411297,3428,1,0.65785
"year[104,4]",-0.0910478636089662,0.821632604095068,-1.7125991742098,-0.638593736348947,-0.0885898885239643,0.465827779353738,1.51883890673025,1.00020814886179,15925,1,0.5437
"year[105,4]",-0.176824803100206,0.629624193010092,-1.41301083682784,-0.599760981166562,-0.175264670746488,0.247614725166979,1.04900335917758,1.00029229993948,8127,1,0.609925
"year[106,4]",0.118304216540323,0.766326007349205,-1.38621721478461,-0.394598332480847,0.118084551656697,0.634910480304175,1.61557365460745,1.00021912789519,9768,1,0.5628
"year[107,4]",-0.0993069702091307,0.72761009924294,-1.4951159151501,-0.593739509053408,-0.110644590067987,0.388772073280199,1.34337309075098,1.00024123225484,10272,1,0.55975
"year[108,4]",0.175044477340875,0.799727560193671,-1.40374070810187,-0.358857256736269,0.179279954284981,0.712627497653138,1.75142896949552,1.00061972558293,3748,1,0.58675
"year[109,4]",-0.0285695655402518,0.670389244909046,-1.3548202264271,-0.47404151415744,-0.0264277628623456,0.429481964339221,1.2691705748394,1.00009730205499,40000,1,0.51765
"year[110,4]",-0.865157506139552,0.743015957041251,-2.32705303963892,-1.3626418122592,-0.867968512445372,-0.369675624893078,0.611051185679683,1.00030809753706,7988,1,0.87975
"year[111,4]",0.21676648070566,0.794492498964417,-1.34608489526294,-0.315443976483147,0.218389159278001,0.751985204476666,1.77683587003566,1.00090147347786,2947,1,0.608175
"year[112,4]",0.563809018028949,0.709298823090682,-0.855105411019863,0.0936067091457479,0.573825846558145,1.04530899675558,1.92443645213631,1.0002586499979,8672,1,0.789225
"year[113,4]",-0.465172570293143,0.667319270084331,-1.75597420010075,-0.916248965469804,-0.470782017492897,-0.0200022148003568,0.859400837257073,1.00007779635519,23370,1,0.759375
"year[114,4]",-0.196423777255302,0.830316312488095,-1.86747082233184,-0.750504015764914,-0.189840795465291,0.367280094147577,1.39163696101191,1.00034758318558,7374,1,0.59
"year[115,4]",0.0941439469295843,0.785713585851137,-1.45321627935626,-0.433252107370522,0.097128683932495,0.622084359772143,1.63775601611318,1.00025040826402,9360,1,0.550575
"year[116,4]",-0.0450129975318545,0.828525143200609,-1.67881794543793,-0.59808164667343,-0.0378787622252027,0.508308275568822,1.58249912051946,1.00003573740836,33531,1,0.518475
"year[117,4]",-0.150321188933688,0.834865728758569,-1.78773681738707,-0.712281732329853,-0.149377615227294,0.410415518948972,1.48504989024568,1.0004127369824,5714,1,0.572
"year[118,4]",0.454226229661269,0.746216346399264,-1.00159085637423,-0.0512292897806515,0.453076167578952,0.951015550018239,1.93470168403423,1.00012096092744,19151,1,0.727525
"year[119,4]",-0.0576480178602739,0.805630498962854,-1.64846123011576,-0.596719008042147,-0.0524520741376655,0.482561022565374,1.50975919715344,1.00017054851313,13135,1,0.52565
"year[120,4]",-0.47655416288317,0.52405340340368,-1.48262209555325,-0.836480414728432,-0.481877824225823,-0.126665049880695,0.568425332175221,0.999987619605986,40000,1,0.818525
"year[121,4]",0.15996702063689,0.80741352941194,-1.42233469842198,-0.383712811498174,0.156629780504386,0.705227983484922,1.74634820251047,1.00031580289146,8850,1,0.57845
"year[122,4]",-0.122794853438306,0.837073877792733,-1.7566772921162,-0.688374573979818,-0.122378135404456,0.437635690397023,1.52249953954801,1.00070928769366,4172,1,0.557325
"year[123,4]",-0.064161841474625,0.837350357698258,-1.71138844184414,-0.625897246764406,-0.0607443545174128,0.500176177019072,1.56865153612142,1.00092035127127,2760,1,0.5281
"year[124,4]",0.326720719273326,0.760042535124635,-1.13034685183666,-0.193134524236371,0.314226628724305,0.832951026102286,1.8505106050796,1.00037240645835,5965,1,0.65935
"year[125,4]",-0.113981282539417,0.81580952116521,-1.73066821600232,-0.66505372687811,-0.110438493709828,0.43388821868119,1.48590688597965,1.00004373713819,40000,1,0.553575
"year[126,4]",-0.0954902346683584,0.835334080408022,-1.756018516187,-0.655010154726559,-0.0938570168957649,0.475922695030389,1.5210586503473,1.00011991182554,21449,1,0.543775
"year[127,4]",-0.202974861765332,0.799542670438708,-1.70558870719261,-0.752195573630506,-0.227517715481134,0.324778462350473,1.42961979804552,1.00040527329169,8625,1,0.609675
"year[128,4]",-0.0787117609625655,0.816557877938029,-1.68918041403961,-0.628141679956027,-0.0786726289347097,0.473269375319323,1.50458042954206,1.0002232639983,12092,1,0.53905
"year[129,4]",0.0445959251876919,0.839134929035288,-1.59902242123189,-0.519313815371448,0.0400931412312991,0.606731098655275,1.70807183280312,1.00026301034145,12693,1,0.519225
"year[130,4]",-0.197175084904828,0.812430066694689,-1.79170114150016,-0.741067231002317,-0.195156727182832,0.347958327947024,1.3930587878788,1.00012309039263,15870,1,0.593525
"year[131,4]",-0.248330359288865,0.801252645515578,-1.83146070601036,-0.786263310546761,-0.242739002259658,0.295343292531764,1.29820059447909,1.00052048492749,4898,1,0.618325
"year[132,4]",0.467739073465048,0.829919890040883,-1.16682975774089,-0.0920596916185925,0.466813800922092,1.03124784338853,2.08769633550346,1.00091770451893,3126,1,0.713325
"year[133,4]",-0.642408959393851,0.754863169945771,-2.09284618653448,-1.15869166326298,-0.650618579537198,-0.13444772801307,0.866013316443699,1.00002269165339,40000,1,0.80455
"year[134,4]",-0.931830662807617,0.757558515306776,-2.39779623379606,-1.44565092004193,-0.939524251346982,-0.42848227285829,0.580050054088674,1.00052245804769,4424,1,0.88865
"year[135,4]",-0.0430261194188522,0.824673010677179,-1.66416278461533,-0.58737623800455,-0.0468078331980274,0.511874709338319,1.57712053588321,1.00026082411436,9477,1,0.522075
"year[136,4]",-0.172822063211283,0.689544396656225,-1.50230475808761,-0.63826948991115,-0.182319376802524,0.289991040886918,1.20537860022688,1.00013126422745,14062,1,0.606775
"year[137,4]",0.0164462886345174,0.83186141311304,-1.61881480389025,-0.542382862802783,0.0167443802632209,0.5732693331946,1.64032934327131,1.00010297739513,16614,1,0.508475
"year[138,4]",-0.609107184932263,0.836264986275439,-2.22567505432135,-1.17855747128253,-0.615432746306418,-0.0384088417489841,1.02783500543262,1.00117672196503,2319,1,0.76455
"year[139,4]",0.414551226153328,0.851077491657741,-1.23262067771615,-0.167259283147728,0.408328515797643,0.984219177429411,2.1107056535488,1.00035262318792,10956,1,0.68375
"year[1,5]",0.543814853648774,0.467124086333054,-0.376284675142687,0.231600996377742,0.542009270093628,0.855711388208038,1.46144644469094,0.999969148431614,40000,1,0.8793
"year[2,5]",0.113362607436977,0.755021666756253,-1.36798691408803,-0.397013724888973,0.114736996222329,0.621273809281982,1.58949143082247,1.00017807201313,24980,1,0.56085
"year[3,5]",-0.0835619522303962,0.823808838795694,-1.7146076356177,-0.630854867454842,-0.0850287709272978,0.475218148069334,1.53308640852798,1.00008854688773,18980,1,0.539725
"year[4,5]",0.108223850309479,0.812260091867034,-1.46507861879066,-0.439550599342249,0.102609573343763,0.653323249551185,1.72697871204701,1.00118369536937,2422,1,0.549175
"year[5,5]",1.59923685210677,0.485097960004145,0.667520167618685,1.27030786268356,1.59485796912074,1.92315209406746,2.56729264649392,0.999975721308533,40000,0,0.999475
"year[6,5]",0.112203896619034,0.677933100625698,-1.20682138172557,-0.347198512468124,0.106903175232768,0.569686469227946,1.44879023756913,1.00015360976433,12750,1,0.5632
"year[7,5]",0.074223847462355,0.786181181030345,-1.46691068621139,-0.460113247332373,0.0743653898560389,0.60820820766338,1.60610204505759,1.00002039483571,37025,1,0.5394
"year[8,5]",0.0791414490722342,0.776392307476707,-1.46199432159903,-0.440599176605531,0.0866309401869099,0.602723669088308,1.58640707000869,1.00021944065786,11489,1,0.544875
"year[9,5]",-0.320664145930757,0.845635307660165,-1.97846365344865,-0.886365611795281,-0.315498260837821,0.249973571369855,1.32766396828362,1.00015266904971,15649,1,0.64885
"year[10,5]",-0.263150151828293,0.738603657854188,-1.69778424792318,-0.761875528303603,-0.268285866820224,0.237528969863838,1.18454820414278,1.00077307822927,3080,1,0.639125
"year[11,5]",-0.374077198177406,0.683132745705287,-1.7062190277431,-0.833086674780446,-0.373300906929232,0.0830000020072853,0.970028549553739,1.00018166419821,18286,1,0.708975
"year[12,5]",0.253961243819674,0.807316245610063,-1.3423406151559,-0.285756519367987,0.258835812621898,0.797580184522763,1.82013512644757,0.999975404855304,40000,1,0.626075
"year[13,5]",-0.207188908485969,0.835867009951016,-1.89210432728821,-0.757382882255896,-0.198566701084362,0.358934524326497,1.40310783557826,1.00032402474424,7892,1,0.59385
"year[14,5]",0.255734472564331,0.769943051502184,-1.24029141290612,-0.269589314954501,0.254042086783268,0.77559750795279,1.76202678554082,1.00001727975615,37551,1,0.629325
"year[15,5]",0.870227477050352,0.780733358887094,-0.700276101203353,0.353307944005614,0.87961599567989,1.40691784144577,2.35715964984015,1.00015437058202,14407,1,0.864225
"year[16,5]",-0.0831536204854804,0.837788360022916,-1.7214062886471,-0.653266052802165,-0.0835782695011111,0.484831610142424,1.56743340519419,1.00019285159618,35954,1,0.53935
"year[17,5]",0.866307460263133,0.89877677652658,-0.886249837780617,0.241606093348341,0.871103580060673,1.4975973897227,2.59215703570965,1.00029722751281,8463,1,0.825425
"year[18,5]",-0.10611441586434,0.830152314634003,-1.7744588656139,-0.660773721235292,-0.0999028238534753,0.459739567825097,1.50141676410201,1.00004048718119,36010,1,0.549475
"year[19,5]",-0.0020471275419238,0.77065976904956,-1.52695891966746,-0.513225459631841,-0.00189271183493658,0.519050808421743,1.49545509498592,1.00002321920479,40000,1,0.50115
"year[20,5]",-0.0697359255915583,0.836387630438105,-1.71607480092815,-0.63225429480647,-0.0671572973772175,0.49580183971311,1.56101416821601,1.00051055794469,4496,1,0.53045
"year[21,5]",0.149565172238373,0.787189237285532,-1.39278052291146,-0.380779936869099,0.150493094947695,0.677126098678863,1.68588246481732,1.00010145591566,29905,1,0.574925
"year[22,5]",0.047036390553988,0.818566904431112,-1.5673108622795,-0.500151071133255,0.0533430868861142,0.592527708844985,1.64535086837896,1.00018808345691,13082,1,0.525425
"year[23,5]",-0.156392142286759,0.822884074749424,-1.77765335015584,-0.707867495671291,-0.150780108418866,0.397950489008166,1.4312782230539,1.00071731127209,3422,1,0.572225
"year[24,5]",1.74137688250328,0.630656376192052,0.45457071042024,1.33215448617753,1.75705989823958,2.16425405351232,2.94032715476735,1.00077234099317,3239,0,0.9954
"year[25,5]",0.269361002815422,0.728848264102904,-1.16776260793591,-0.217911086215608,0.273815469062623,0.764220264080947,1.68385774790875,1.00013197754846,20785,1,0.6462
"year[26,5]",1.87995458636394,0.70626280728529,0.436419944030009,1.41602820362884,1.89687303303499,2.36397603482004,3.21647279696194,1.0001801067179,12339,0,0.99495
"year[27,5]",0.345812130580954,0.85001046459439,-1.3201084392137,-0.234181688531549,0.344010313885067,0.926771199382682,2.00483294782289,1.00042502550829,5657,1,0.65415
"year[28,5]",-0.445884725267371,0.856539069008691,-2.1171408227575,-1.02307935875561,-0.447639449931811,0.134388177707906,1.22842856111871,1.00063657709757,3966,1,0.696175
"year[29,5]",-0.0315695890257555,0.758805859155147,-1.54131341423694,-0.5356484457303,-0.0347035378174406,0.484242838450099,1.45077494955718,1.00035567507507,6826,1,0.51835
"year[30,5]",-0.107720101951529,0.832081637078631,-1.75595606558193,-0.665488038287351,-0.100556064829179,0.452206329689471,1.50401663820258,1.00009193714621,21410,1,0.54915
"year[31,5]",1.71195673861192,0.584959127154605,0.512769679138591,1.32730807406295,1.7266470162726,2.1126255769684,2.81320523253003,1.00002795042861,40000,0,0.99695
"year[32,5]",0.0633297305433803,0.80622330085053,-1.52867270404886,-0.480298301362083,0.0667042311760175,0.608593164388779,1.62130041566251,1.00020490468009,10831,1,0.533575
"year[33,5]",-0.324312337792844,0.736084002362848,-1.78868669857106,-0.815278002286122,-0.312182497809756,0.179329223245452,1.08546123177059,1.00003289257913,33794,1,0.664425
"year[34,5]",-0.218961666669941,0.832316735069671,-1.85068697222793,-0.777025496910905,-0.220353832316712,0.339287885940763,1.41249748443141,1.00010367820747,40000,1,0.60405
"year[35,5]",-0.0196065232498512,0.832130096352915,-1.6690349864205,-0.574803314937156,-0.0175154912274307,0.536218556432776,1.61893221280055,1.00047040790695,5545,1,0.508975
"year[36,5]",1.23437309403025,0.581352890958391,0.0583061122405072,0.852813598422861,1.24438764502746,1.62669246248098,2.34784469975006,1.00000863949009,40000,0,0.980125
"year[37,5]",0.165225406286464,0.810994531917215,-1.42636852337114,-0.380444087885295,0.166408586684451,0.711211629372117,1.74075913708723,1.00002428998567,40000,1,0.58195
"year[38,5]",0.157297262015399,0.81012834178157,-1.41954939443554,-0.390668178368728,0.152863241960608,0.6996017124344,1.76178877178811,1.00008004363703,21065,1,0.574825
"year[39,5]",0.52947588565647,0.829440231986321,-1.07035400077182,-0.035389836106809,0.522248743946024,1.09337816805112,2.15952265861491,1.00026743747386,11921,1,0.735975
"year[40,5]",0.0197579664120076,0.753598576384915,-1.47145042401647,-0.482410309307757,0.0205439947899069,0.528910685344227,1.48255106396427,1.00007751139383,31007,1,0.51115
"year[41,5]",0.508701075666097,0.814447123713466,-1.09946858674935,-0.0309436234941398,0.515408173541737,1.05398568244799,2.09379449374822,1.00051464491994,6876,1,0.73815
"year[42,5]",0.619936534097032,0.778140542840483,-0.909160133786565,0.0896820977310742,0.632522165050098,1.1624564231844,2.10199643026359,1.00055228358125,4768,1,0.784
"year[43,5]",-0.0295626657814618,0.587021858781846,-1.17721674717785,-0.431332178850613,-0.0280422192812261,0.369818679337859,1.10955019674314,1.0002863209877,7455,1,0.518225
"year[44,5]",0.603996879841019,0.642268128732787,-0.68314262250655,0.174272811017604,0.618930490467444,1.04443302398343,1.8238573553555,1.00008075795124,26167,1,0.825975
"year[45,5]",0.283074712835377,0.68411235973719,-1.06354259833154,-0.17527798396737,0.287046899912781,0.748654104331878,1.61358468631319,1.00009430411121,27436,1,0.66175
"year[46,5]",0.0220182272087049,0.830464927935828,-1.59704263213398,-0.536634370408467,0.0216111759521277,0.576454008318501,1.6618929499914,1.00054986028911,4448,1,0.51055
"year[47,5]",-0.667315264557125,0.694125176170458,-2.08804059756824,-1.1267275972927,-0.646410562004841,-0.192292061016466,0.644974998596648,1.0000989807455,19815,1,0.8332
"year[48,5]",0.0664108421949128,0.526293402182908,-0.964129161530229,-0.285515607917357,0.0636434457767335,0.417647581817878,1.09502412571231,1.00001563656195,40000,1,0.54945
"year[49,5]",-0.0965290983798222,0.822004486274445,-1.72287889347298,-0.642641977406686,-0.0911842559462514,0.457987622763198,1.50319954459123,1.00004630273956,40000,1,0.543125
"year[50,5]",0.964827841886473,0.563920413829065,-0.137549893916975,0.586122039267452,0.967094489500156,1.34785485601356,2.0614178242778,1.00037002240994,6513,1,0.9567
"year[51,5]",-0.162075666359467,0.609443018237711,-1.35473584848456,-0.573222165726516,-0.16227770097001,0.250451399524076,1.03070524661495,1.00022630959634,9507,1,0.604825
"year[52,5]",0.0717879605264814,0.812842440895157,-1.51364933871304,-0.478141814433489,0.0708703496422042,0.618132228234799,1.66505997972854,1.00001031096165,40000,1,0.5328
"year[53,5]",0.444785914472384,0.722746902144245,-1.00418804439394,-0.0319242451625586,0.451542907863398,0.932071682394914,1.84956345783306,1.00013572228813,19596,1,0.73585
"year[54,5]",1.25053119039159,0.555271138637358,0.118445947141906,0.886153007779901,1.26417885115,1.62665514334798,2.30557505598875,1.00002734644567,40000,0,0.98435
"year[55,5]",-0.131277447196048,0.745869616462381,-1.60795860879099,-0.630384745641349,-0.125403195367709,0.371926028215074,1.32628411200901,1.00010249095909,38620,1,0.566925
"year[56,5]",0.470332584992419,0.859651595768954,-1.19291801403978,-0.117244907835728,0.458892721149023,1.04828273188878,2.16673311807544,1.00044601083407,6325,1,0.703925
"year[57,5]",0.00898193961384573,0.783817312171527,-1.55957358126242,-0.514600695321352,0.0177864643030386,0.537012796811326,1.52932732175381,1.00039345477841,7069,1,0.50815
"year[58,5]",0.0792010932367926,0.812296029441488,-1.50133103023416,-0.467268564693849,0.0704024063896449,0.619414267968822,1.68654721005217,1.00014852102005,13809,1,0.535175
"year[59,5]",0.382340599618693,0.822209044215819,-1.24779530698014,-0.171686432393892,0.382377741210427,0.930890634442531,2.00207866715475,1.00020146677696,11391,1,0.6789
"year[60,5]",0.590314950984362,0.614088892279656,-0.626857778236231,0.180544936705093,0.595467185979715,1.0022744826019,1.78175809841924,0.999986681082481,40000,1,0.831725
"year[61,5]",-0.0700492769075715,0.806771893719857,-1.6570656264834,-0.610668325928349,-0.069085805780526,0.48123990297892,1.49389643515831,1.00049066256798,7042,1,0.535425
"year[62,5]",0.260063603710301,0.822690267138201,-1.33931859862723,-0.293905850649721,0.255856921973767,0.809908722088952,1.89222252543889,1.0004263832987,6316,1,0.6233
"year[63,5]",-0.0320068508191825,0.831681411907971,-1.67228388869481,-0.591355736197828,-0.0296525737000247,0.530765011982005,1.59419506777258,1.00025770893813,10496,1,0.51425
"year[64,5]",-0.0731888512453482,0.83265217702434,-1.72811009035166,-0.630565432280584,-0.0671317907307497,0.485826577586535,1.5506315633914,1.00027536075529,8060,1,0.532
"year[65,5]",1.26653025760909,0.507518668498508,0.300902284471521,0.92568893336871,1.25534619975696,1.59691065360566,2.30833030573939,1.00010860743803,24599,0,0.996025
"year[66,5]",0.572080874915246,0.772104422382548,-0.935365894758875,0.052471893620241,0.565192221662494,1.09135341914954,2.09384988897581,1.00015919143294,24735,1,0.769425
"year[67,5]",-0.0886768054240836,0.819345326703728,-1.72550910427941,-0.638311532183149,-0.0801135894948052,0.465372033893261,1.48299042628536,1.00015183343458,16386,1,0.5389
"year[68,5]",0.931647116733146,0.498252223951234,-0.0483093787814974,0.596482818788451,0.934198072274812,1.26649826329314,1.91296284589842,0.999990904940725,40000,1,0.969
"year[69,5]",-0.0957232730385961,0.82228615203953,-1.7171066516188,-0.65037959869943,-0.0903671508882647,0.466211672082563,1.49293076753747,1.00002899919391,40000,1,0.543975
"year[70,5]",0.106905869407107,0.643872350217068,-1.16337427842092,-0.329824121524868,0.116108718958616,0.543720577590288,1.35508963034552,1.00026813615468,12995,1,0.5726
"year[71,5]",0.019949157198752,0.763169244125,-1.46373663852092,-0.497025739831246,0.0107016184050083,0.533656110478985,1.50671859564767,1.00069525406893,3668,1,0.505375
"year[72,5]",0.0189264353026297,0.790621116480517,-1.54354723466414,-0.510967688639015,0.0191900103961198,0.547441062529311,1.55796219007861,1.00048395842888,4732,1,0.50945
"year[73,5]",0.327679502569206,0.807385049118084,-1.24657671491145,-0.212692108123227,0.322114838780096,0.867973214804004,1.92761977624493,1.0008938727379,3556,1,0.6567
"year[74,5]",0.312558299906573,0.820499792758114,-1.2787654137272,-0.240779912951615,0.308849285262634,0.860285820627118,1.92434797673229,1.00099463153867,2844,1,0.64635
"year[75,5]",-0.222502473841203,0.792311145829726,-1.77857012113686,-0.755574904463926,-0.224457143710086,0.313966980421499,1.33212487518727,1.00052346210721,4894,1,0.611625
"year[76,5]",0.819899665338247,0.588426002677722,-0.347577377041078,0.424643872926839,0.825377352596495,1.21870127323486,1.95526664134439,1.00030260225646,9259,1,0.917875
"year[77,5]",-0.0438937355675146,0.81623421479941,-1.67126877564587,-0.58329574598565,-0.035841011248451,0.502120583505629,1.54279713796749,1.00023032513549,11076,1,0.517375
"year[78,5]",-0.0964337865648384,0.841681949742522,-1.75013506195776,-0.660180938310431,-0.0986741949190445,0.469112273979612,1.54393658169699,1.00037133484471,7061,1,0.546125
"year[79,5]",-0.44193376500777,0.840688244658747,-2.11143184430778,-1.00703117936888,-0.43862086558308,0.132362946682481,1.17950140745178,1.00035842264618,7635,1,0.69625
"year[80,5]",0.350251190053714,0.762973292501328,-1.15520471941256,-0.161119689004223,0.352515401378209,0.866517568885446,1.83845971264743,1.00020178286377,10773,1,0.678775
"year[81,5]",0.197279285065227,0.679910049900835,-1.12900150816278,-0.259150843587367,0.191944611458605,0.650434961268929,1.54726495779106,1.00001827178202,40000,1,0.61275
"year[82,5]",0.22204027115738,0.713893905836662,-1.16421958545721,-0.266922606258603,0.224001544631787,0.712115835352733,1.61341206405622,0.999998416925381,40000,1,0.61815
"year[83,5]",0.35955647893837,0.794465163308939,-1.21164577811983,-0.171170241634977,0.364137084104446,0.899610610725073,1.89434316316223,1.00023551438464,11894,1,0.678975
"year[84,5]",-0.155046950613147,0.837025791115866,-1.80871443909303,-0.71642825684158,-0.149108976943809,0.408151843987854,1.4684775860611,1.00028297868319,7903,1,0.57175
"year[85,5]",0.0257832824458875,0.785989931789498,-1.54128292445342,-0.500392875885529,0.0427090866692464,0.558410557019571,1.53661525403665,1.00020080401776,40000,1,0.5202
"year[86,5]",1.68104798398046,0.540819685528223,0.664726394514409,1.31122001667017,1.66535462187704,2.03467213749441,2.78192169963722,1.00035365181265,7236,0,0.9995
"year[87,5]",0.033117260704309,0.730572171193259,-1.4133476324152,-0.453119049066294,0.0350174176432887,0.525227652644021,1.47130627715724,1.00035748367181,6561,1,0.519775
"year[88,5]",1.19154732634232,0.652256111189524,-0.0985515656836017,0.753028085159542,1.19590781640139,1.63609985575956,2.44852298266714,1.00007705250984,28004,1,0.964925
"year[89,5]",0.75866521386859,0.850324419163547,-0.905043272317946,0.174494428887934,0.762997745465019,1.34607768032012,2.39897068170031,1.00213129807546,1229,1,0.810475
"year[90,5]",-0.0445090775337933,0.812870575790415,-1.62701788444715,-0.58835615361796,-0.0449842800545066,0.504413070336222,1.53812202759753,1.00036038057542,6545,1,0.52225
"year[91,5]",-0.160576381350344,0.573996996288306,-1.27807990804486,-0.550237229853358,-0.162082924267946,0.224958493521441,0.966270319464297,1.0001873094303,13053,1,0.611425
"year[92,5]",-0.00326743320387056,0.850085125552881,-1.69183199776615,-0.563767188127228,-0.00184616885590309,0.562305101187314,1.66101861026706,1.00061301467327,3873,1,0.500775
"year[93,5]",0.512207592867149,0.798431391849019,-1.05683523650936,-0.0245642999367877,0.514361203917398,1.04802970099849,2.07579084931739,1.00044811661213,5235,1,0.740575
"year[94,5]",-0.102352367786622,0.794866383909004,-1.67351272506326,-0.638397337686664,-0.0979872257892875,0.433681272290619,1.43050714159278,1.0001257312313,17232,1,0.5473
"year[95,5]",-0.0941501661212626,0.770662159589535,-1.62798959581204,-0.608163859083133,-0.0825844145035849,0.435839541250579,1.37867552144462,1.00037458869362,6223,1,0.54315
"year[96,5]",0.0915354551314088,0.792302310330101,-1.46839102009194,-0.444125441457088,0.0954061565159968,0.628632366188081,1.62485164752176,1.0000215035582,40000,1,0.546975
"year[97,5]",-0.114216363580098,0.829279211557469,-1.74936325602327,-0.67138653393517,-0.113012160771618,0.450458190324983,1.49424683261893,1.00003182644923,40000,1,0.5529
"year[98,5]",0.343144884111397,0.820600041704021,-1.25526616112055,-0.21044180428218,0.342389499869267,0.898702668417754,1.94605245080508,1.0002353256107,9108,1,0.661425
"year[99,5]",0.651850812149571,0.695094450751533,-0.7406597243629,0.190914159556307,0.654544591277119,1.12314384459793,1.99833089915359,1.00005028586485,29721,1,0.8287
"year[100,5]",0.0998126486887637,0.845179913258874,-1.54817589420139,-0.472041442430879,0.0983303713179159,0.672193597327308,1.74514104413753,1.00065654440728,3811,1,0.5459
"year[101,5]",-0.147892173854206,0.776506573272842,-1.70019448401646,-0.667723950360937,-0.145201643814404,0.376409132543771,1.3546423623844,1.00023671569237,10204,1,0.5743
"year[102,5]",-0.0693842033649772,0.838337893919629,-1.72460446746779,-0.633111918434667,-0.0637182941556936,0.499499834646675,1.55796992421107,1.00037775670958,6914,1,0.53255
"year[103,5]",-0.190181680208288,0.811548209043362,-1.79642009908287,-0.7308173816848,-0.184333787853934,0.353676065570841,1.38267851181047,1.0002115093135,23836,1,0.591575
"year[104,5]",-0.0342694227878864,0.822504855998723,-1.6621059855236,-0.589811322603243,-0.032666617612119,0.517755562637575,1.58338005078012,1.00039776466966,6368,1,0.5145
"year[105,5]",0.857723550828866,0.593507749526498,-0.369198575155162,0.475979358805577,0.877726514175104,1.26213433102624,1.96681559311935,1.00014564493789,16630,1,0.92225
"year[106,5]",0.0781424228743527,0.768465515361288,-1.4325573174655,-0.438661527679325,0.0820738052718804,0.596036864004918,1.57994422682158,1.00037631781255,6028,1,0.54275
"year[107,5]",0.590254248553424,0.749874319585181,-0.864104764061613,0.0894446163609395,0.583652560050563,1.08620903539058,2.07693834189517,1.00007410301391,21972,1,0.786125
"year[108,5]",-0.136070252403507,0.835009329816867,-1.78693543831894,-0.692736523097748,-0.131021466448413,0.428346408561854,1.48420092367843,1.0013018797986,1881,1,0.563675
"year[109,5]",0.32643893544015,0.696409898020597,-1.03857099825711,-0.144802236692215,0.329520346659467,0.79024340770215,1.69181633980687,1.00024080546839,16279,1,0.682025
"year[110,5]",-0.106118462588464,0.696424996317943,-1.50411810243905,-0.566299151132779,-0.0961251824334022,0.361972745569171,1.22860449167642,1.00029304175242,9631,1,0.555075
"year[111,5]",-0.0726103130413162,0.827241029194704,-1.69744649353403,-0.623110904386594,-0.071391790218678,0.476169721362458,1.5688797583765,1.00010516047981,20664,1,0.536175
"year[112,5]",-0.258289544698093,0.75613974734663,-1.72698416380118,-0.773830471815187,-0.263441644576365,0.249764136281758,1.24269438752264,1.00013411155567,27256,1,0.632625
"year[113,5]",0.62172058168284,0.669599341579744,-0.715753938041895,0.172233517351049,0.633319496602081,1.0774934419076,1.91074781428173,1.00006352176668,30395,1,0.823075
"year[114,5]",-0.138328456138369,0.817486997326398,-1.74791387256651,-0.683143885985155,-0.137145561479137,0.4151369715524,1.44887532549901,1.00052201772284,4475,1,0.5679
"year[115,5]",0.136376434670482,0.783146786084745,-1.40420252876285,-0.388456341291361,0.135801005643242,0.669035820768639,1.66765574409567,1.00032738428017,9740,1,0.5688
"year[116,5]",0.116748195899481,0.861091311602141,-1.57463905467532,-0.462646494712853,0.113283397059673,0.688158065989097,1.8194311079231,1.00021678802404,10220,1,0.551925
"year[117,5]",-0.081901807008646,0.832678953647892,-1.71794002071726,-0.644489969122651,-0.0754513034600189,0.475072994784527,1.54545998121027,1.00027321251194,8124,1,0.53605
"year[118,5]",0.501173633138448,0.732987025351655,-0.911955635702086,0.00510325973375671,0.493708437310174,0.989370945393987,1.95586152444253,1.00034711756961,6581,1,0.75225
"year[119,5]",0.0353761225881589,0.803711242939206,-1.55237294122504,-0.506086673299313,0.039155559576135,0.577223685513667,1.59938023764475,1.00035792932282,6623,1,0.520025
"year[120,5]",0.525913875688738,0.506795002828188,-0.464522192792,0.186122118574543,0.522844445673224,0.865500649580077,1.5239652397944,1.00000877288303,40000,1,0.850925
"year[121,5]",-0.151738502214178,0.828453992921686,-1.8002409468664,-0.700441193524118,-0.142040869045069,0.40490585032367,1.46795832486483,1.00104942269635,2428,1,0.57025
"year[122,5]",-0.0730993540616645,0.821638156095896,-1.7017197023271,-0.625657950399349,-0.0668049434026698,0.479639874526765,1.53292011440964,1.0008797064582,2989,1,0.5325
"year[123,5]",-0.00514135819199097,0.850224109432374,-1.67698048985896,-0.571638181693468,-0.0074007692541968,0.568118813895823,1.63890246379787,1.00037925283111,8012,1,0.503275
"year[124,5]",0.730804005791478,0.813831975081645,-0.832004011644461,0.169909671117507,0.729612236220321,1.28398843670252,2.32894123036681,1.00067986175399,4176,1,0.811075
"year[125,5]",-0.0848953782095049,0.833238248753954,-1.72839711592978,-0.638950492498379,-0.079088978759593,0.471049424639998,1.55412295356018,1.00022322205346,14573,1,0.538625
"year[126,5]",-0.0150162023173512,0.834068208248032,-1.65718431210107,-0.570401587509529,-0.0222903435223834,0.547031894193968,1.6224960945387,1.00026640882924,8399,1,0.5106
"year[127,5]",-0.0411121545968379,0.812664245313869,-1.59579472235823,-0.595337905494878,-0.053505244322545,0.499380628627731,1.58597359302723,1.00026079164917,10028,1,0.526
"year[128,5]",-0.0440737524552873,0.825000392190044,-1.67386791379894,-0.595080150479242,-0.0424633159766056,0.513924118402346,1.55984441922113,1.00009567367319,18750,1,0.520075
"year[129,5]",0.324978771840053,0.837495320609296,-1.31257327622688,-0.238665571204194,0.322535319454535,0.890782882639956,1.97114255888927,1.0015037790457,1768,1,0.651775
"year[130,5]",-0.172217871537446,0.818790074492993,-1.78964985620191,-0.717758333168702,-0.168772365085123,0.382128401241497,1.41052343016899,1.00023197062907,12646,1,0.582625
"year[131,5]",-0.215680517914848,0.794512180424417,-1.78911571003202,-0.746360765009704,-0.207831060229175,0.321311395606772,1.31917288702074,1.00004071780964,38600,1,0.60655
"year[132,5]",0.0201073078973004,0.782090717071018,-1.51404603239613,-0.503200130543861,0.0196593469697569,0.543603083956619,1.56482920142604,1.00062764666199,3769,1,0.510575
"year[133,5]",-0.2433680322985,0.705786614671704,-1.63984985889843,-0.718415249834356,-0.235532313797638,0.238494451170173,1.125771488892,1.00011741431584,21649,1,0.631075
"year[134,5]",0.988390339830535,0.592604655383373,-0.206282193119993,0.602446836832628,1.00256595662628,1.38697221905813,2.12848839379787,1.00032153697384,7807,1,0.949375
"year[135,5]",0.00312047677762988,0.837866906105965,-1.6588719365853,-0.55770359762278,0.00614261101199082,0.567847392702332,1.63775260356988,1.00018065343506,12536,1,0.502825
"year[136,5]",0.552525608290534,0.678037082247401,-0.823422831988839,0.104099627821393,0.572429121587788,1.0230972514803,1.82915720705895,1.00057608812974,4013,1,0.795325
"year[137,5]",0.132909085504019,0.818633739976858,-1.48113342196683,-0.416431796148749,0.129906550728914,0.68275965430141,1.74287621314968,1.00090644692223,2800,1,0.565
"year[138,5]",0.487848515830725,0.714510623292392,-0.94139365582052,0.0141341756196683,0.498414997094856,0.981022063738501,1.85048711352105,1.00035905800728,7205,1,0.7552
"year[139,5]",0.223262803995396,0.837889850571355,-1.40616765138161,-0.347848253058371,0.223074645569427,0.787291869307307,1.8694627952537,1.00037387564183,6014,1,0.6033
"year[1,6]",0.0567084059630219,0.471847759915734,-0.864121107236134,-0.261903022905949,0.0538213489125771,0.373964839718274,0.984284891203034,1.00034845761348,7654,1,0.546175
"year[2,6]",0.133499264206521,0.746395515377938,-1.3302620280919,-0.366274308812068,0.134109792425325,0.633747923857626,1.60073881470995,1.00004001559882,30819,1,0.572175
"year[3,6]",-0.0791539703187266,0.826374411020145,-1.70977031346493,-0.630696852882332,-0.0824259998925091,0.482458402795659,1.52374483719696,1.00010307988516,40000,1,0.53845
"year[4,6]",0.126990190924429,0.817517001179239,-1.45916512321234,-0.428687163860472,0.116372689593428,0.674880139765454,1.74322196585898,1.00078745477313,3022,1,0.55735
"year[5,6]",-0.260635218678753,0.509853466101846,-1.23841710290952,-0.60521201000094,-0.27021754779672,0.0744128197626666,0.770021827064165,1.00005364723082,40000,1,0.7024
"year[6,6]",-0.0182048616473049,0.682450657243806,-1.35080237836321,-0.483878170754304,-0.0188981676425475,0.443639795897747,1.31382346134905,1.00010966668232,17478,1,0.510625
"year[7,6]",0.02009368514085,0.780302100265398,-1.52112087080244,-0.501166134935006,0.0221920353414336,0.53956357307816,1.54622867045327,1.00034197001594,6464,1,0.511175
"year[8,6]",0.0463605010325933,0.767270556370655,-1.4673767483286,-0.473589213029368,0.0518281489393726,0.566852522303489,1.53647505021566,1.0000736701717,40000,1,0.52665
"year[9,6]",-0.215756879113096,0.839732579570398,-1.88046251545722,-0.775653310402425,-0.214295364729967,0.348880327965852,1.42799093250296,1.0002241878128,12691,1,0.599975
"year[10,6]",0.120083600739781,0.744574131385407,-1.34752878075067,-0.380579097548631,0.125241575714762,0.621670685509222,1.57502796548975,1.00086157445746,3044,1,0.565975
"year[11,6]",-0.323477169271529,0.705227492195756,-1.70185185734346,-0.796651576597809,-0.321972432366915,0.154623196043022,1.06193025383185,1.00050903410491,4563,1,0.675725
"year[12,6]",-0.149156581550423,0.807624665940184,-1.74040354954508,-0.685708294836883,-0.149501542189072,0.393956572744169,1.42620750322885,1.00031265122274,7828,1,0.573675
"year[13,6]",-0.167418933673992,0.82610742353442,-1.80359877297991,-0.721353708578574,-0.16803784429316,0.39045171779446,1.43461910368515,1.00020266108662,10229,1,0.580475
"year[14,6]",-0.207716903701353,0.723224327255209,-1.63759044230469,-0.696170156185697,-0.203191940448493,0.284199502393208,1.20413974321601,1.00022593641124,13546,1,0.61105
"year[15,6]",-0.420225730731466,0.785667347819146,-1.96794317661159,-0.950519456108513,-0.416039789020054,0.112576158903396,1.09697875121416,1.00014658380477,15126,1,0.699275
"year[16,6]",-0.0710945123145652,0.823311404039238,-1.70221496848248,-0.623325272942247,-0.0682786181964888,0.481256535056712,1.53818879392774,1.00048864329856,5742,1,0.532825
"year[17,6]",-0.00381777577165911,0.719943917068815,-1.37212594949641,-0.497842600591818,-0.0204388371697427,0.4764854462276,1.45216969101111,1.00012360828186,21573,1,0.5109
"year[18,6]",-0.0855059410375902,0.823660371642281,-1.7059429191639,-0.636562425147613,-0.0828782379641909,0.47043635252431,1.51811950892227,1.00000223996668,40000,1,0.540325
"year[19,6]",-0.287991843425541,0.793337451257548,-1.86709053379504,-0.821547830620262,-0.278910600632299,0.248573938373244,1.24040951500692,1.00002086710477,40000,1,0.638025
"year[20,6]",-0.0773082658301928,0.830882074307281,-1.71863188507382,-0.63072403802908,-0.0723435761544229,0.480199426544254,1.54812334672422,1.00009310452089,24317,1,0.535375
"year[21,6]",-0.218815106915739,0.8301478152246,-1.85820393242749,-0.776401084533183,-0.21905796058325,0.341660374139438,1.41282053874819,1.00020264052901,10712,1,0.60385
"year[22,6]",0.572714102228197,0.868944347033355,-1.12887954018629,-0.0173849765212235,0.575492801954457,1.16409350405338,2.26468873460267,1.00208306746802,1203,1,0.7433
"year[23,6]",-0.141771850849526,0.816359619817136,-1.76376160352144,-0.68770249690226,-0.139528285941222,0.408013528614949,1.44544174796249,1.00034862118258,6338,1,0.5671
"year[24,6]",0.292719095443423,0.642510988609995,-0.952893711854344,-0.136096696990146,0.286295946981454,0.718563640705379,1.57130092823946,1.0001469454017,13388,1,0.6747
"year[25,6]",0.524553532203553,0.624152103878633,-0.738243526827827,0.112025440050675,0.534056917919471,0.946248671630641,1.72566005317693,0.999984740388685,40000,1,0.801975
"year[26,6]",-0.508401876695921,0.682682435710459,-1.80582936677025,-0.977042827373795,-0.521905376462051,-0.0533606614823436,0.874974562968647,1.00008864195947,21397,1,0.775225
"year[27,6]",-0.164653481970666,0.832877523595716,-1.81229091289563,-0.722231620509792,-0.161940786438732,0.395228562258325,1.4582328767301,1.00001716364475,40000,1,0.578475
"year[28,6]",-0.348379434176437,0.85157349552409,-2.01760687862064,-0.917301543129838,-0.34300742557466,0.227273087752972,1.30743879070855,1.0004008269869,8247,1,0.6574
"year[29,6]",-0.0930869121360759,0.758070394111933,-1.59132583934632,-0.603708441150883,-0.0826350027301232,0.423945305913415,1.37504430308935,1.00017513029753,12079,1,0.5432
"year[30,6]",-0.0904460367139065,0.833664227369106,-1.73243659239977,-0.647887268379591,-0.0912780408522915,0.47050883266983,1.54713620295517,1.00052991492667,4453,1,0.544175
"year[31,6]",-0.967998485865865,0.580068206522142,-2.07269028197378,-1.3597756143537,-0.979436634215194,-0.589818278875087,0.219735581661383,1.00001855561976,40000,1,0.948825
"year[32,6]",0.087469796374877,0.805084536431629,-1.4859788911156,-0.451131092052335,0.0818969841441462,0.628337821291121,1.66328538699726,1.00072344843776,3495,1,0.54265
"year[33,6]",-0.298014373692287,0.703891309510385,-1.71099426602306,-0.76606923396689,-0.279209523808518,0.181825499693871,1.04086272197567,1.00009321517605,23240,1,0.660125
"year[34,6]",0.0735629660126555,0.790488691498728,-1.50674116995583,-0.45404559355331,0.0841001628191693,0.613668183230401,1.59534959916724,1.00014512271936,18513,1,0.54205
"year[35,6]",0.0565650806216867,0.834076683911057,-1.587267963005,-0.498724767006024,0.0534047142103266,0.613754526991036,1.70093558860828,1.00030294315655,12771,1,0.5269
"year[36,6]",0.360562985845447,0.581260132215552,-0.775697092240448,-0.0325445081192174,0.364483289547051,0.747408613042658,1.50378753628861,1.0000388971105,40000,1,0.731425
"year[37,6]",-0.118405611767464,0.818116188481393,-1.75879305730793,-0.661113482057046,-0.111512437087064,0.437604821266927,1.44905577825374,1.00063082376951,4180,1,0.55425
"year[38,6]",0.0176283581555972,0.771630368842072,-1.49112848996243,-0.496558589429245,0.0178749856516589,0.535413500112707,1.5359273519805,1.00045984078978,5129,1,0.509125
"year[39,6]",-0.055813930216459,0.811066279893881,-1.64144282114212,-0.609367749654588,-0.0589209790139218,0.492020791488475,1.530879013231,1.00091113141447,2647,1,0.52695
"year[40,6]",-0.00802984651775389,0.741588039198468,-1.48002461144132,-0.504351480180746,-0.00330756093714157,0.497770892868747,1.4342372520719,1.00017887946006,11635,1,0.5018
"year[41,6]",0.191820668660141,0.825321086937956,-1.4179795510874,-0.359979649394506,0.180867820572873,0.743339522930722,1.83919969370668,1.00009625310448,18700,1,0.58915
"year[42,6]",-0.430369102993331,0.789587561037773,-1.96022649888442,-0.968101158148951,-0.433095494627611,0.0998735342573649,1.12504671705676,1.00026805545754,12743,1,0.707
"year[43,6]",0.210512036397246,0.541009178520244,-0.862625369779951,-0.147537137013602,0.216879254197812,0.575780600264848,1.26171420376413,1.00003844952448,40000,1,0.654125
"year[44,6]",-0.536937576919287,0.66574378117158,-1.84608860371638,-0.986844579807043,-0.534328119871014,-0.0903467475888048,0.776716021815541,1.00022532682623,9352,1,0.79145
"year[45,6]",0.366763426281034,0.659618842616155,-0.955828760357405,-0.0761802838190064,0.379773773867208,0.812091157090756,1.64303865984209,1.00031838438026,7508,1,0.714225
"year[46,6]",0.0780712704360969,0.839691338837648,-1.57598957299444,-0.487473609289751,0.0793314065301729,0.643755943635001,1.70410965127441,1.00024849882738,11083,1,0.5368
"year[47,6]",-0.162635444999406,0.7090747947597,-1.61260644401171,-0.634086262572689,-0.141004274712278,0.325257858106773,1.16801489659369,0.99997116051322,40000,1,0.57845
"year[48,6]",-0.417744746928664,0.536975843067693,-1.46723189080364,-0.780140914350994,-0.423672869095107,-0.0563155138851377,0.651623656404024,1.00023745420095,9247,1,0.782125
"year[49,6]",-0.0821010780085336,0.828317567522525,-1.72306084927146,-0.641231521870364,-0.072298926673273,0.47251500217659,1.52425727824942,1.00012068583752,18856,1,0.536125
"year[50,6]",0.445381607437403,0.626144356208568,-0.788491425000031,0.0200909389609143,0.450669224742647,0.872196919522581,1.66081582996667,1.00017768314962,12203,1,0.76015
"year[51,6]",0.734002093089479,0.593221053722213,-0.449696570391545,0.333663652568172,0.741409052498816,1.14190348694198,1.87574381364152,1.00000653752597,40000,1,0.889275
"year[52,6]",-0.0893491233496967,0.804443998929242,-1.69228090355821,-0.625989954925126,-0.0813374990008199,0.452577400237575,1.46762061450119,1.00038755266819,7344,1,0.5407
"year[53,6]",0.252440331752801,0.702875435542423,-1.15693021681685,-0.214724859443236,0.255928520389331,0.724145189542131,1.61518159527968,1.00041897732477,5765,1,0.6442
"year[54,6]",0.0706903070641491,0.528239668860863,-0.943275941890557,-0.290745006286578,0.0650628271257541,0.422253911085436,1.12186767664973,0.999981399755506,40000,1,0.54995
"year[55,6]",0.157331757087238,0.75370317498086,-1.34553765796114,-0.347214340101677,0.172209775736032,0.674722197081067,1.59323644714686,1.00043208318889,5198,1,0.586925
"year[56,6]",0.633122927671739,0.883561550903423,-1.10277647914646,0.0307267127272365,0.631708889225886,1.24506196227818,2.34009026086331,1.00243505154038,1090,1,0.760475
"year[57,6]",0.0887113832682547,0.795182870850275,-1.52443406002406,-0.438572773493982,0.0953571934845693,0.631679786384573,1.61509932141105,1.00055619096809,5223,1,0.5482
"year[58,6]",0.0168107239022984,0.815812304313322,-1.573670908832,-0.535979594592621,0.0100975699223687,0.565660123014723,1.61714385915061,1.00035847689711,8564,1,0.5052
"year[59,6]",-0.155521216058259,0.822536014836874,-1.79608329482323,-0.698755574585781,-0.150554688884718,0.394836109325222,1.46390962292996,1.00019409469505,11911,1,0.5722
"year[60,6]",0.136603065819726,0.568584769892698,-0.97572013838135,-0.241917024082445,0.134450569338358,0.513338993894711,1.25963290018005,1.00005591088712,39829,1,0.5953
"year[61,6]",-0.233237458568282,0.791582180747566,-1.79627371394982,-0.760640091813471,-0.227425147324354,0.303982899511,1.30168614763398,1.00022414527673,10481,1,0.6135
"year[62,6]",-0.055798407829099,0.854613376867414,-1.7290635951985,-0.63221270017265,-0.0522750499709023,0.520957300632605,1.61745685150761,1.00045852053903,8203,1,0.522525
"year[63,6]",0.040660578421302,0.838726704941198,-1.59982784134089,-0.526131189573495,0.0379332711972997,0.606483205912724,1.69124041083193,1.00009601427237,26920,1,0.518175
"year[64,6]",-0.0615695366037631,0.839108140036976,-1.71482335710456,-0.624710185907728,-0.056455833015831,0.503713692555219,1.56620917706131,1.00024857910602,10107,1,0.527875
"year[65,6]",0.37809613705555,0.510786179566436,-0.592406301414677,0.0313930901063799,0.367377645285254,0.715160781512327,1.41172319113467,1.00023132200035,10714,1,0.770375
"year[66,6]",-0.0416362476256073,0.77501982391424,-1.55683861741958,-0.563747564059694,-0.0395824549586057,0.478939431304317,1.48415191794256,1.00003493123612,33014,1,0.52105
"year[67,6]",-0.0842517624877802,0.817473372500683,-1.69884967456861,-0.627049933012434,-0.0783063644804181,0.464181872130577,1.52282073476502,1.00009962538682,20368,1,0.537225
"year[68,6]",-0.0275905776292601,0.505119703377918,-1.00201244664336,-0.372463736729661,-0.032323209415291,0.311296420078282,0.978688707300411,1.00015992230612,12496,1,0.526775
"year[69,6]",-0.0936073533308544,0.82021818566905,-1.71445777879992,-0.639384615139024,-0.0892731806509806,0.459014751984935,1.49138450213827,1.00045100381519,7502,1,0.542
"year[70,6]",0.669727762954761,0.611242271003733,-0.536920067331581,0.260637682872345,0.672008328077885,1.08205165217275,1.84865034826871,1.00045051254896,5362,1,0.864125
"year[71,6]",-0.155293456458756,0.736517523274408,-1.57633829733634,-0.657125328402877,-0.161130134828687,0.337590385575239,1.30336303807615,1.00011038445553,18765,1,0.587425
"year[72,6]",-0.204440449269036,0.824406916821039,-1.84705041894079,-0.755767636219405,-0.205371697757751,0.355702970991834,1.39831651373881,1.00046193433942,9151,1,0.598125
"year[73,6]",0.519127096075842,0.829494227368147,-1.10605470190008,-0.0412933911719499,0.520996098160475,1.08578549223089,2.13581636426279,1.00000381072165,40000,1,0.733375
"year[74,6]",0.145582935866553,0.819757407665084,-1.46767995360502,-0.404811842807482,0.140345189724065,0.69843764900155,1.752563354922,1.00002257646185,40000,1,0.571725
"year[75,6]",-0.169110221398774,0.802086533153709,-1.73725714535255,-0.715657520053712,-0.169053116370724,0.378050854671184,1.38934419970185,1.00001930489265,38885,1,0.582325
"year[76,6]",0.868563392837665,0.630331214969912,-0.397737441514544,0.450620932271524,0.876473715488229,1.29777185128777,2.08408825919088,1.00021572610875,18381,1,0.91515
"year[77,6]",0.00779200631798567,0.820199862345187,-1.60494246307179,-0.543840207446687,0.0075183190273027,0.556929936085752,1.61383408435503,1.00041602802558,5821,1,0.5036
"year[78,6]",-0.0948384019354695,0.83500686262465,-1.73323716682459,-0.65836529467614,-0.0931308815187971,0.469068959672381,1.5321244393687,1.00026612571642,11203,1,0.545325
"year[79,6]",-0.339940495822531,0.814419806890353,-1.95499078206102,-0.879498194200452,-0.332022209396195,0.209421799033614,1.23739932714523,1.00059218979823,4467,1,0.6592
"year[80,6]",0.118533558373079,0.762138799847302,-1.38957956673187,-0.392590653355109,0.125302485484701,0.628539833584947,1.60272873769059,1.00039520707372,5767,1,0.5649
"year[81,6]",0.608923543131667,0.666840658175613,-0.71426944608865,0.160987518679098,0.609439775925874,1.06532961729951,1.89601087457942,1.00011257158755,28773,1,0.81815
"year[82,6]",0.235154640480316,0.700073485913436,-1.14909380469895,-0.236587172314865,0.237208476267261,0.708989398052485,1.60143824345122,1.000049729276,32417,1,0.632675
"year[83,6]",0.228346918903958,0.746071567591057,-1.24146639894857,-0.275529624987693,0.235555371170795,0.733377218742258,1.67550924861883,1.00016601771648,21866,1,0.6216
"year[84,6]",-0.120603349593554,0.820753144946748,-1.73829630910361,-0.670096263547766,-0.114274554915855,0.430643338939643,1.48034317848478,1.00038797087897,6928,1,0.55655
"year[85,6]",-0.0794694992140746,0.773620741059468,-1.61629194118902,-0.594880578803349,-0.0732914770602948,0.439857786154691,1.41788927936744,1.00009329156865,18594,1,0.5379
"year[86,6]",0.293407726888817,0.499114290640495,-0.648125339830187,-0.0489458355176748,0.281750528435311,0.619682242626716,1.31675291284076,1.00017545621589,11113,1,0.716025
"year[87,6]",-0.00501119364433229,0.755175360380636,-1.48826566765853,-0.511261819183519,-0.00326094696464826,0.503126133395519,1.46651051868012,1.00037276151198,6064,1,0.5017
"year[88,6]",-0.422252476334927,0.663611205456943,-1.73262025607879,-0.868126351727124,-0.423026150869626,0.0185743797366628,0.878178928242565,0.999974057446524,40000,1,0.740225
"year[89,6]",0.181567651233458,0.791386888910927,-1.38352225492888,-0.348483285683792,0.189754781413257,0.711579303272686,1.73376252815706,1.00018882444967,16290,1,0.5945
"year[90,6]",0.122437141389593,0.835779719639653,-1.52734345494867,-0.442136839715605,0.126183580389274,0.692234679730644,1.75289277237697,1.00018397244174,17815,1,0.559125
"year[91,6]",-0.0637567363859462,0.564456203813316,-1.15384891054617,-0.446785133904761,-0.0686231826336841,0.3164459979683,1.04101890888724,1.00019493077745,12207,1,0.54785
"year[92,6]",0.0399745833860931,0.840471012154867,-1.59827046531425,-0.524493886151692,0.0339949080720224,0.606557821296752,1.69354056178968,1.00009163725866,28792,1,0.515275
"year[93,6]",0.315674188906552,0.756028323336426,-1.15048455723321,-0.194931664464942,0.310614456389857,0.826056355035739,1.80428387732456,1.00006173246326,40000,1,0.65985
"year[94,6]",-0.0437523470975569,0.786672427079679,-1.60164345645514,-0.564930394108237,-0.0403096802265242,0.486268210441774,1.48742488288367,1.00012735498251,19910,1,0.5198
"year[95,6]",-0.164859512062841,0.782127980149414,-1.71532817131487,-0.686425966712044,-0.152793287761006,0.373434962886837,1.32453601641261,1.0000504533384,40000,1,0.577575
"year[96,6]",-0.0270301428617853,0.752354768539008,-1.54148404943648,-0.524075821456149,-0.0175615596356563,0.482823670518634,1.41444833677728,1.00001839913408,40000,1,0.509525
"year[97,6]",-0.0964024744488887,0.826134190899878,-1.72271950973651,-0.648556786124077,-0.0902386120757672,0.459798284349798,1.50992316273829,1.0001812280311,20350,1,0.542975
"year[98,6]",-0.0259538595253825,0.83201900205221,-1.67492208096852,-0.584311069407264,-0.0198753809899903,0.528020356157672,1.60146391874869,1.0009852086093,2645,1,0.5098
"year[99,6]",0.437599702506205,0.68637694579265,-0.93624454437449,-0.0239784072237174,0.44706765485587,0.905893218383741,1.76764797393204,1.00011524161573,22587,1,0.7387
"year[100,6]",0.515300935473121,0.869705879399479,-1.19543907339619,-0.0688635962243827,0.513800330432707,1.10522688931223,2.22251706616187,1.00151230147424,1850,1,0.72325
"year[101,6]",-0.092978518757044,0.769650447535991,-1.62164215131082,-0.604171035794108,-0.0935012940402347,0.423453818117885,1.42365744392856,1.00042041714296,5480,1,0.547875
"year[102,6]",-0.0500441652980461,0.840859991835692,-1.71401853354127,-0.614025713136294,-0.0473971300810655,0.519996907714888,1.60037723697192,0.999998347564609,40000,1,0.52155
"year[103,6]",-0.0363259149297247,0.826031348788605,-1.68555805555657,-0.595664548853725,-0.0288786286646063,0.524299814744656,1.57245391074606,1.00026945151485,11404,1,0.51375
"year[104,6]",0.00969937827393085,0.836651989302034,-1.64300207002353,-0.553327711979139,0.0137667120553945,0.576144391300838,1.65036461882961,1.0001931086153,11197,1,0.506175
"year[105,6]",-0.260427259318917,0.591871506807694,-1.40886089105847,-0.659145103538723,-0.263225154282847,0.134366146784721,0.912768462131576,0.999983205934031,40000,1,0.673725
"year[106,6]",0.279307872180145,0.760039996982478,-1.22563875482238,-0.231540833913431,0.285666762868379,0.796171837701696,1.75550442991629,1.00023797684333,9267,1,0.642775
"year[107,6]",0.558434393299748,0.741965631869578,-0.907838066817352,0.0571231006856717,0.567584419823568,1.06483387384302,1.99735839911032,1.00027070987761,9452,1,0.7732
"year[108,6]",-0.106087374681249,0.826325452545944,-1.72855122356231,-0.667915839874024,-0.099898685723565,0.446147542454002,1.51518292354894,1.00017402720409,16071,1,0.549325
"year[109,6]",1.53060196032987,0.667466527996777,0.185619916149557,1.08933783892274,1.54446581548314,1.98590711012883,2.79801269356043,1.00002509960938,40000,0,0.986175
"year[110,6]",0.163779741067239,0.733524108158993,-1.27558009302825,-0.330283850663441,0.167645469195635,0.66462465739454,1.57916185508816,1.00025100852206,9173,1,0.59055
"year[111,6]",0.0374896344367778,0.824034586871097,-1.58555979541158,-0.511473590638582,0.0360571137089279,0.591768725487275,1.6521800998286,1.00031368492565,9072,1,0.518175
"year[112,6]",0.110281802905477,0.753370718497799,-1.36096486997486,-0.396062402093196,0.112302733433688,0.621249275292902,1.58672515630617,1.00021618836311,40000,1,0.55895
"year[113,6]",-0.411470270350642,0.668974265065483,-1.68994908041466,-0.869123650036417,-0.419934102823713,0.03782100446613,0.92069771539286,1.00003202335615,34930,1,0.731525
"year[114,6]",-0.0904632706919879,0.808280211799201,-1.68897352508102,-0.628278123833624,-0.0841137980815557,0.446302928735783,1.49467715912894,1.00028765896673,7602,1,0.5406
"year[115,6]",-0.223146705484187,0.827829174185205,-1.84564794856367,-0.785271275041963,-0.225889555617157,0.343455312467311,1.3944028956824,1.00026414146182,10127,1,0.605825
"year[116,6]",0.831519197052835,0.884031517550311,-0.976894746466604,0.240720444967969,0.859578975991648,1.44573945355506,2.48859107080548,1.00070147201632,4186,1,0.823825
"year[117,6]",-0.0595911083220985,0.833376640224257,-1.69632851680803,-0.619571627196964,-0.0577492812342112,0.501754233098237,1.57220543806356,1.00018974882617,13033,1,0.526825
"year[118,6]",0.898603609518368,0.749843328956292,-0.582691948584334,0.391772686491814,0.899873638394832,1.40809082936041,2.3616229222346,1.000030592414,40000,1,0.883275
"year[119,6]",-0.0605210133850622,0.793794727815669,-1.63209343744162,-0.58467045531271,-0.0559126846864244,0.474845114952017,1.4817947310316,1.00044140937326,5149,1,0.528225
"year[120,6]",-0.393784537564663,0.490966635557438,-1.33048482839457,-0.724882933243316,-0.403616136753025,-0.0662959499488913,0.585818572382754,0.999998670358309,40000,1,0.789825
"year[121,6]",-0.128474933486479,0.824181470942189,-1.75157261379299,-0.675938818860569,-0.126302240097829,0.424715968773789,1.48909444424085,1.00079102418317,3786,1,0.5621
"year[122,6]",-0.0479468014773092,0.830003849202306,-1.66566786768569,-0.606937352422189,-0.0485102129071809,0.510269569578779,1.59575638563895,1.00012559070154,16971,1,0.52465
"year[123,6]",0.123973237265034,0.85923554625767,-1.57331807547656,-0.449936473857727,0.126420979935057,0.698226635594982,1.82545381292354,1.0000438229381,40000,1,0.55825
"year[124,6]",0.48410820213602,0.787085823646678,-1.03764662767944,-0.0563330801958598,0.486772449198925,1.02642034832724,2.0037057725511,1.00027793765801,8213,1,0.7271
"year[125,6]",-0.0833952218125896,0.830658338411822,-1.72295752930863,-0.644505745594829,-0.0779129520357804,0.476104451200382,1.54425224537571,1.00008952649617,40000,1,0.53885
"year[126,6]",0.248268349306163,0.822299969208924,-1.36815334372793,-0.300390881357934,0.24930646736869,0.800574497102543,1.85558767670427,1.00039621809569,5902,1,0.6187
"year[127,6]",0.125949049534957,0.776457749751576,-1.38011144083198,-0.399860892036654,0.121212523527243,0.646837325902549,1.67562285554323,1.00037789860809,6031,1,0.560075
"year[128,6]",0.0537476195194688,0.844502611446198,-1.61143904817553,-0.510135750231555,0.0526984777068427,0.625465590656477,1.6968331225918,1.00013697104856,13810,1,0.525625
"year[129,6]",-0.122369238817981,0.830575498465573,-1.74515434498294,-0.681169233046495,-0.123829281697911,0.435915902005752,1.50806720565656,1.00026489341644,8338,1,0.56075
"year[130,6]",-0.145241274342412,0.811590674269353,-1.7614637932503,-0.690295698250695,-0.130923655303116,0.408695412615675,1.40676485267319,1.00034420837343,7562,1,0.565175
"year[131,6]",-0.170237579794924,0.800379189609813,-1.75233862252068,-0.700392418375839,-0.161848116326455,0.371592592510647,1.38001591415864,1.00107271161461,2325,1,0.58065
"year[132,6]",-0.158188816712013,0.809393906334639,-1.77092911217625,-0.695233221432436,-0.152597550992181,0.394380060212565,1.39580983733624,1.00055814369754,4411,1,0.57215
"year[133,6]",-0.0222589866148139,0.691051379212212,-1.38972888556729,-0.484302375754538,-0.0131551119904593,0.445543866402814,1.31869054531633,1.000626134595,4428,1,0.5071
"year[134,6]",-0.799122423136162,0.638964701508587,-2.0226237614695,-1.23264573653998,-0.80696533303151,-0.375389590483041,0.492885348784394,1.00020562193308,40000,1,0.8929
"year[135,6]",0.178290826049284,0.838782090166629,-1.48588945228884,-0.384774330551164,0.178510008416057,0.745794629323385,1.81004600816136,1.00016257378564,14525,1,0.58405
"year[136,6]",-0.941164865274516,0.67133061123685,-2.26801125754125,-1.38840007141894,-0.939786104618103,-0.491549924226414,0.353480777985,1.00029862639884,7595,1,0.92
"year[137,6]",0.0561733594250318,0.796579332266289,-1.50519640190478,-0.485619371259125,0.0545085394255347,0.589272326428665,1.61570631943026,1.00007049945611,26822,1,0.5262
"year[138,6]",0.217596182932203,0.743233963839575,-1.2203006151225,-0.286210808704545,0.21208461811888,0.715338130395221,1.69370404748549,1.0006358891801,3756,1,0.6116
"year[139,6]",-0.135890808908212,0.834733202259878,-1.7775887711428,-0.695560044544532,-0.135945003631004,0.436535236254835,1.48730950933774,1.00016019908175,14631,1,0.565475
"year[1,7]",0.291529822265926,0.478062538396012,-0.643526120879001,-0.0320060473578449,0.288296745260242,0.611998510712537,1.23264323305209,1.00011371632335,21380,1,0.729375
"year[2,7]",0.242771455227339,0.73751967079409,-1.20463147875277,-0.261004436806979,0.24227815822254,0.73533313501176,1.70287413182398,1.00086047068941,3113,1,0.6278
"year[3,7]",-0.0623749246307309,0.830452526404307,-1.70638135588706,-0.618660203029767,-0.0568092304752645,0.495309430606214,1.55658820441471,1.00038707089656,6116,1,0.526425
"year[4,7]",0.230824011948344,0.854862675046881,-1.4703360420206,-0.342848730779857,0.243255915385547,0.820341228715709,1.8611728605862,1.00037533530566,7361,1,0.6115
"year[5,7]",-0.547931147639837,0.503957182747227,-1.53902107053706,-0.889440992659119,-0.547468720251675,-0.208920772762895,0.437695856440384,1.0000137263554,40000,1,0.861725
"year[6,7]",0.906651387394593,0.632574785148378,-0.366106877530213,0.488726198749225,0.917749332258438,1.33569926195708,2.12911691497688,1.00018118101662,21074,1,0.9227
"year[7,7]",-0.0392385114961524,0.801614939186262,-1.62288780343388,-0.581058516637043,-0.0315750379384643,0.503954601580369,1.52834774961955,1.00035197809175,7703,1,0.515525
"year[8,7]",0.0189820002126073,0.775092470310148,-1.51029404830431,-0.505029879479318,0.017782574097369,0.544549643074068,1.52966784889772,1.00021074861315,10849,1,0.5095
"year[9,7]",-0.163421611783185,0.826026132464972,-1.81338666745943,-0.711943590942465,-0.156059862333905,0.390972194708448,1.43954518848045,1.00063123754371,4308,1,0.574875
"year[10,7]",0.36877355864351,0.758170853034202,-1.11506850102922,-0.144086045896774,0.368739132557672,0.874754056337464,1.8519268307886,1.00030319923795,8706,1,0.6875
"year[11,7]",0.0482448557280377,0.702248679306459,-1.35154337477926,-0.426413957027233,0.0524104972036077,0.532241696721487,1.39268842495148,1.00026622030512,13330,1,0.53135
"year[12,7]",0.00103364735461026,0.804150737864724,-1.57965576806147,-0.54502928217088,0.0030476641030027,0.547012900288128,1.56548649186545,1.00044484371265,7805,1,0.501525
"year[13,7]",-0.132509679696333,0.841914804932452,-1.78209295194366,-0.698690048952986,-0.127226247225544,0.435167056916106,1.50577068707049,1.00028161430522,9331,1,0.561275
"year[14,7]",-0.268685063605883,0.741990070145912,-1.74270613971586,-0.76484184454417,-0.265110756436093,0.235516964199592,1.16260667696821,1.0001141540636,34179,1,0.6404
"year[15,7]",-0.115931329094009,0.762524890297476,-1.62393595005437,-0.624031889593362,-0.109425073169792,0.401025170945289,1.35163420706385,1.00028116626293,9818,1,0.557475
"year[16,7]",-0.0769211909491197,0.827405637218878,-1.69935630443052,-0.631629264012551,-0.075303951214113,0.478877962790297,1.5401832467255,1.00023524578174,14793,1,0.536075
"year[17,7]",0.0809565659188652,0.737351426310683,-1.3302759911273,-0.424427984470857,0.0687235005283333,0.57142678968264,1.55955621771497,1.00021725853227,13344,1,0.539525
"year[18,7]",-0.0915011384925188,0.825826477153079,-1.73128166775772,-0.639071049871118,-0.0895032683080492,0.468614394737561,1.53046485165216,1.00012361543551,30788,1,0.541825
"year[19,7]",-0.119129586343911,0.791631171405513,-1.67105363118664,-0.650524951452796,-0.118599829465335,0.418731855483731,1.42146479815627,1.0000537752896,26677,1,0.557275
"year[20,7]",-0.0690366734128829,0.831450310733683,-1.73189489752366,-0.616561251450169,-0.0625661535831664,0.490619859149977,1.54650171462634,1.00005639109353,40000,1,0.53145
"year[21,7]",-0.135197997528021,0.825396023351565,-1.75954492033691,-0.687207200361495,-0.130166478128098,0.420959569117206,1.4731035495059,1.00009830630244,17502,1,0.563575
"year[22,7]",-0.115939047977802,0.804596864845532,-1.69477620615928,-0.659145921358025,-0.117947168762208,0.426684839908487,1.46974294441385,1.00021097781089,15990,1,0.55715
"year[23,7]",-0.108133758947278,0.82792815099656,-1.74677444702172,-0.662383398282347,-0.102685762316404,0.451757205870027,1.48989267632569,1.00003474329343,40000,1,0.5494
"year[24,7]",0.84752963336446,0.665893679337012,-0.44986356360205,0.400319204322421,0.845858994303334,1.28680811619359,2.16392560856373,1.00018638596577,12931,1,0.8992
"year[25,7]",0.132130096621383,0.631586450535432,-1.09948629063653,-0.293683710094737,0.132532587779653,0.55807224726903,1.37566377500241,1.00011657271573,21910,1,0.58315
"year[26,7]",0.116906344664354,0.662303516652231,-1.16114617731569,-0.330072877525868,0.110341617365251,0.558120389097573,1.4360216419661,1.00003655265049,29876,1,0.56545
"year[27,7]",-0.150222922743741,0.816522756423251,-1.7653353607674,-0.694109130166091,-0.151118476159543,0.404083130155518,1.44662439985529,1.00028874976422,18404,1,0.572975
"year[28,7]",-0.194191406186905,0.818138246212201,-1.81991520501101,-0.738908099243781,-0.184703734446341,0.360716930216878,1.38663741877738,1.00018736391156,21308,1,0.59045
"year[29,7]",-0.0209497546607288,0.77266963828643,-1.54333317147049,-0.536710922068442,-0.0193585016082766,0.497940453783883,1.48460221272848,1.00020266256077,11035,1,0.51
"year[30,7]",-0.0870785008621159,0.825109962237229,-1.70956834936454,-0.636187093783409,-0.0858841613576492,0.468544941883126,1.5290853699719,0.999988214253603,40000,1,0.5417
"year[31,7]",-0.343474662921283,0.582578403740154,-1.47651159967793,-0.738774171549542,-0.345008744519678,0.0465684483350424,0.811770848209938,1.00012677109511,21273,1,0.72465
"year[32,7]",0.14057834257098,0.817170350854842,-1.45636684314493,-0.409950847676664,0.138891410948337,0.686458598627118,1.76067746638919,1.00069207460366,3616,1,0.567725
"year[33,7]",-0.257581560908,0.697683346858848,-1.65378854323889,-0.722977869951308,-0.244786248446434,0.217294778845675,1.0704054922227,1.00034051854183,7325,1,0.6378
"year[34,7]",0.0526605806167958,0.768232547541583,-1.45579721992705,-0.464769012595727,0.0482463547633256,0.56704913723425,1.56311012131812,1.00032562836166,7299,1,0.525675
"year[35,7]",0.313792426289244,0.837929418205357,-1.32988604838975,-0.240169354003694,0.314236127342667,0.87217782815834,1.95356560339953,1.00040244081333,5726,1,0.649425
"year[36,7]",-0.145586002231755,0.592697065805095,-1.27221927501466,-0.55136267471769,-0.157441197474529,0.245240434664368,1.04134233856463,1.00003780187754,40000,1,0.602525
"year[37,7]",0.19929585687358,0.805527853299679,-1.3993604811508,-0.343557161681779,0.201796936989691,0.746630692298915,1.7604494872979,1.0007484871664,3357,1,0.597775
"year[38,7]",0.0361941591749935,0.767541582753055,-1.4798660964015,-0.475664387737929,0.0322274416520997,0.55164768024065,1.54062300607549,1.00011942191525,19545,1,0.518325
"year[39,7]",0.138073442240601,0.762713831800876,-1.35043519445115,-0.378409386663844,0.142139480205999,0.656762522714502,1.62168006447299,1.00010721408252,17092,1,0.5754
"year[40,7]",0.129233118509281,0.751468155548484,-1.35881576028235,-0.370577363845931,0.139057419230943,0.637437956026428,1.58221305501472,1.00016995393995,12423,1,0.57385
"year[41,7]",0.300591610598022,0.81709634318068,-1.28422095410199,-0.244852194854898,0.293431608449457,0.843970064153191,1.92478980043596,1.00083078598207,3195,1,0.64305
"year[42,7]",0.25446554403509,0.771601996934549,-1.24928168163522,-0.269547482409062,0.252373990569115,0.773356157722027,1.76886043097453,1.00017225288784,12367,1,0.6259
"year[43,7]",-0.270182760287747,0.569035262962518,-1.38301903940614,-0.655381526805505,-0.265775982323624,0.110951089667219,0.83689073052644,1.00001050375054,40000,1,0.68105
"year[44,7]",0.11206251178071,0.700720886375155,-1.27050225205738,-0.357019171281506,0.122120241774198,0.588810446489636,1.46728689369725,0.999980640755413,40000,1,0.568325
"year[45,7]",-0.119512381916836,0.649461566668675,-1.40778097986598,-0.553974051662252,-0.115473793466175,0.322426976052307,1.14586926538632,1.00008077325046,22824,1,0.5704
"year[46,7]",0.231241969090457,0.841031081129312,-1.40745159938005,-0.334708821952504,0.233625957472697,0.790585176400823,1.90469808791066,1.00114715847826,2233,1,0.609325
"year[47,7]",0.832506355039743,0.642327587460497,-0.464443427087488,0.413454389357859,0.846932147028845,1.26985361228287,2.04457456839261,1.00017121686766,15417,1,0.898975
"year[48,7]",0.4011001150413,0.526168546336121,-0.640853951808081,0.0503209363180367,0.402051940316706,0.753851397121539,1.42915209705946,1.00007583686007,40000,1,0.77975
"year[49,7]",-0.0620969949454419,0.831925131701169,-1.69411257491201,-0.626890000353775,-0.0608559190995617,0.503085076940656,1.56200511548455,1.00007206937428,40000,1,0.530525
"year[50,7]",-0.286432894816245,0.590062956031027,-1.39622242517588,-0.691618315087175,-0.298791527992071,0.10161119238258,0.910088465259628,1.00007543388836,22061,1,0.69305
"year[51,7]",-0.389639959527407,0.60574344257596,-1.55778185169109,-0.796295059916237,-0.39146709342745,0.0184241367595536,0.807101641199933,1.00002906809156,40000,1,0.740025
"year[52,7]",-0.0660293541582594,0.806000323747221,-1.65519166893942,-0.601567668070713,-0.0591391164759654,0.477913074683325,1.49214548452843,1.00001269227514,40000,1,0.53045
"year[53,7]",0.284996236988477,0.687014675388146,-1.07092205468505,-0.178857031974371,0.289662097499873,0.749264441046877,1.61670965908449,1.00025660187325,12526,1,0.663875
"year[54,7]",-0.143786555919164,0.555050645330995,-1.20907688436249,-0.521263975131674,-0.154943434814399,0.223706264365837,0.978326227986901,1.00000780548845,40000,1,0.610025
"year[55,7]",0.0409710346311342,0.711042597128181,-1.38530031072151,-0.43242027212125,0.0503689361377627,0.523558370101275,1.40653571091454,0.999989793587484,40000,1,0.52895
"year[56,7]",0.0591372303382589,0.823790487881163,-1.56675492870971,-0.493545093773536,0.0575888646388673,0.61552903480381,1.67279331311575,1.00075758726741,3631,1,0.527925
"year[57,7]",0.00341541456383124,0.767389671722464,-1.51818793727225,-0.513019934221663,0.0107064295083693,0.523912845102743,1.48616175895695,1.00007933709128,23159,1,0.505225
"year[58,7]",0.0567070040817854,0.812394238768184,-1.52335270640517,-0.495605795048838,0.0517703827684359,0.603018487114129,1.66148224358579,1.0003842776697,5852,1,0.525975
"year[59,7]",-0.113842256660729,0.829087795446536,-1.74511370911307,-0.669546568082281,-0.108898180224161,0.445055500611029,1.50992463588703,1.00014784713588,18944,1,0.553
"year[60,7]",-0.211033274846105,0.596389361729885,-1.37040747063523,-0.615625253000983,-0.21828379832347,0.190898562416537,0.968558859192625,1.00009279128844,21167,1,0.640275
"year[61,7]",-0.322588732491261,0.795259408059493,-1.90102438760483,-0.850792678730312,-0.316911134793105,0.220435449164913,1.21102863449642,1.00018472019642,40000,1,0.654575
"year[62,7]",0.14756711203513,0.84588520296698,-1.52224922706733,-0.420820073413461,0.15287360762457,0.716670038135363,1.80415730085585,1.00075583601042,3371,1,0.5721
"year[63,7]",0.413043584260288,0.833411658439544,-1.23322521116015,-0.143712210687288,0.414664758663711,0.971315896272181,2.04652446800779,1.00096931918729,2474,1,0.691425
"year[64,7]",-0.0247306074573937,0.832614592035858,-1.66046881052959,-0.586556426185118,-0.0254894527336978,0.536777549827649,1.60909002156737,1.00003754146587,40000,1,0.5127
"year[65,7]",0.372138077569025,0.511486367225274,-0.60268795067678,0.0227379701430991,0.362638484299545,0.711741068827606,1.39664910136703,0.999991901278325,40000,1,0.764575
"year[66,7]",0.179919771658156,0.764693017632709,-1.32058539123673,-0.332557636851908,0.182152975212558,0.699361450052407,1.67388864621464,1.000303906943,13957,1,0.594225
"year[67,7]",-0.0413106362123083,0.831631014762017,-1.68076532253275,-0.597502151977685,-0.0434208387436436,0.517166982709077,1.57161158972845,1.00021530447632,10863,1,0.519525
"year[68,7]",0.506053862286565,0.509013266153286,-0.486812764720459,0.162340097863318,0.507916814883256,0.850434001007735,1.50554409398951,1.00009931036999,21595,1,0.8386
"year[69,7]",-0.0924310045121957,0.82227186124198,-1.72143719674325,-0.637518871262298,-0.0860167769612958,0.464497372345225,1.50192529966716,1.00048318439697,5154,1,0.541825
"year[70,7]",0.200689326642119,0.624356337396625,-1.00604414810376,-0.221137371981316,0.194033058347367,0.618760527925401,1.44213046870012,1.00010660861418,18170,1,0.622075
"year[71,7]",0.115054384390195,0.762533599553737,-1.39504658923709,-0.399033581835047,0.124131326164895,0.63447293257978,1.59052099237397,1.00036685261119,15147,1,0.5629
"year[72,7]",-0.159096802621194,0.830626268103975,-1.79209234426967,-0.71529475943269,-0.152620591911351,0.402325142710322,1.45927397085445,0.999975048483144,40000,1,0.574775
"year[73,7]",-0.0578504865016834,0.827545630946395,-1.6844226059829,-0.616561950182123,-0.0558712780846035,0.504912337781665,1.55500924927652,1.00084105762113,3132,1,0.52695
"year[74,7]",-0.395131367849849,0.853659411383255,-2.07402616753959,-0.971952245383244,-0.389746852491701,0.186602409198969,1.26923640999261,1.00047165675872,5280,1,0.67525
"year[75,7]",-0.150415984932812,0.808561690265287,-1.72781043115363,-0.694612815429002,-0.148119219936222,0.396527000831412,1.42252128254637,1.00011020875413,16927,1,0.571675
"year[76,7]",-0.482172043435455,0.646046227294883,-1.74684282882175,-0.91815564618889,-0.48474268154537,-0.0542169862579394,0.790789810522747,1.00010858687377,19002,1,0.77435
"year[77,7]",0.0843985955410851,0.812638629792458,-1.5170719470632,-0.455919013677316,0.082943976043783,0.630528612924511,1.66716292190989,1.0003639943057,6250,1,0.540475
"year[78,7]",-0.0917787089521198,0.83003526350992,-1.72818982981801,-0.63757454440994,-0.0907964138594766,0.46418283481911,1.52480572247724,1.00002699742314,40000,1,0.5444
"year[79,7]",-0.297164792296572,0.818033857270815,-1.91188817991059,-0.844883049928627,-0.287520365264521,0.261081519420846,1.28198080477586,1.00000919567446,40000,1,0.638825
"year[80,7]",0.0851584884484282,0.794527803409462,-1.46819405605785,-0.448763127629007,0.0841741629274951,0.619107737564013,1.63792308193366,1.00030807632438,7894,1,0.542025
"year[81,7]",0.429555184748799,0.662860712057159,-0.875308018280729,-0.0203621938948827,0.436982026873375,0.877825982179413,1.71880158632771,1.00011801390502,15528,1,0.740625
"year[82,7]",0.112456261493516,0.638736742370639,-1.14258940569806,-0.318544675947061,0.114430421610903,0.545257188377355,1.35377517724374,1.00005681067654,40000,1,0.571275
"year[83,7]",0.297991658278096,0.75433181126623,-1.17322328950432,-0.212536477564204,0.293862736885035,0.809970347381322,1.77672710514172,1.00013513773594,16477,1,0.653825
"year[84,7]",-0.0958066692692607,0.833097725826709,-1.74040604154042,-0.654081096561564,-0.0888672697907878,0.463243389838231,1.53419380252609,1.00012786091295,40000,1,0.54345
"year[85,7]",-0.21353821441144,0.809300161469042,-1.82194823826368,-0.751251148581798,-0.205433707745616,0.337039013142424,1.34673997532157,1.00049612737003,6037,1,0.59805
"year[86,7]",0.150043665266729,0.495010482918709,-0.788821037026191,-0.189442611495219,0.138796042348223,0.476403132367536,1.14578091494599,1.00007720690046,27356,1,0.6119
"year[87,7]",0.237656672156508,0.748902209628824,-1.23657606979908,-0.258250814465293,0.238853576314776,0.744930508747805,1.69841276745865,1.00011413808911,16410,1,0.627525
"year[88,7]",-0.108877314789088,0.681787725228984,-1.4430716463028,-0.564550911499083,-0.112910271762529,0.351175099211955,1.231057452399,1.00012027508529,19206,1,0.5657
"year[89,7]",0.164920578382878,0.774969519812308,-1.36229398932004,-0.354593878257955,0.165876429878897,0.684361547793985,1.68240489379141,1.00035170588811,7079,1,0.582875
"year[90,7]",0.417693053925608,0.825345466866271,-1.19178117685189,-0.142868519313109,0.417719808790304,0.977026405277446,2.03502348831205,1.00028172959467,8409,1,0.690575
"year[91,7]",0.728983705921133,0.558400031524571,-0.364646878280942,0.35573448760017,0.72438306825636,1.10150898298026,1.83320740316488,1.00010868842536,27773,1,0.90565
"year[92,7]",0.212443345470893,0.84472012502247,-1.42710839643541,-0.357190559130567,0.208373679243318,0.78002026073671,1.87578043828527,1.00008346167885,40000,1,0.59755
"year[93,7]",0.326568375095443,0.765919798716698,-1.16822645429538,-0.192468075263887,0.325349621286833,0.845344892556252,1.82486396854793,1.00011761596555,19654,1,0.6648
"year[94,7]",-0.049932269423117,0.779696608196114,-1.58967830411367,-0.569370937217312,-0.0498433761178318,0.478850663182873,1.47063636358138,1.00023698413702,8919,1,0.525225
"year[95,7]",-0.297506103114721,0.783095430829413,-1.85935223617268,-0.822772014012301,-0.288191494606881,0.235787643663889,1.20834179281411,1.00013606113813,40000,1,0.6434
"year[96,7]",0.045108236085037,0.768878743143839,-1.47462152380108,-0.467324484875623,0.0485152377238022,0.567003905767056,1.53829443648078,1.00036942094253,6126,1,0.524675
"year[97,7]",-0.0729993540148918,0.826709744395847,-1.70380536945115,-0.632332770507978,-0.0733826926595291,0.4870354247356,1.53850210500087,1.00070061117336,3341,1,0.53475
"year[98,7]",0.217678540537427,0.828807234197536,-1.41941274124719,-0.333314537706733,0.221844535964223,0.776324338311502,1.83351513741949,1.00080434980106,3199,1,0.60495
"year[99,7]",-0.444588758316741,0.684329152753501,-1.77768480468976,-0.90731131784881,-0.443148621261073,0.0191720416233432,0.899927766955571,1.00002439465507,40000,1,0.740575
"year[100,7]",-0.0947009390079521,0.819018700262167,-1.70591064124527,-0.648541508405783,-0.0918716733325724,0.457522154581412,1.49828422268203,1.00022576595656,11106,1,0.544975
"year[101,7]",-0.168828348153464,0.78405320256783,-1.72752293964494,-0.691584664244233,-0.159469459510021,0.360239723916545,1.34562706348658,1.00036314160157,9285,1,0.5806
"year[102,7]",-0.0522903715166217,0.834818050976694,-1.69631670362069,-0.607820413736383,-0.0483140298238456,0.514203516176538,1.56149599398866,1.00074389965187,3299,1,0.522425
"year[103,7]",0.344819623581937,0.815416865651255,-1.2708023425396,-0.20153973633462,0.356851412908072,0.894125963054669,1.93507961992356,1.00086387716373,3100,1,0.667125
"year[104,7]",0.169839766960409,0.827590452746266,-1.46620520278193,-0.381953745295334,0.170167228852476,0.726028726729856,1.8051123228338,1.00005604771882,40000,1,0.581525
"year[105,7]",0.570740509053137,0.599282072748605,-0.612445119589148,0.168046856519788,0.576676368753804,0.976202029357644,1.73200267253375,1.0001201156179,39240,1,0.82975
"year[106,7]",0.344367294862469,0.732284370597325,-1.09348224367056,-0.149712129174151,0.346065128111878,0.836270311269289,1.77780547082112,1.00026606514739,8672,1,0.6816
"year[107,7]",0.30654307146412,0.75600580914343,-1.14266616226519,-0.212754637056275,0.299533686191241,0.810914427043151,1.82143960304945,1.00020220385976,10342,1,0.654475
"year[108,7]",-0.0914505694306586,0.830009778346843,-1.7402507133516,-0.646834041845767,-0.0930256741741869,0.4638272232289,1.53824374967041,1.0002934015839,8448,1,0.542625
"year[109,7]",-0.88634999708177,0.659354113868231,-2.15810947954527,-1.33264699259623,-0.891917650012936,-0.446672781357046,0.426289867153157,1.00016842293744,14708,1,0.910925
"year[110,7]",0.208945874551599,0.6857369441953,-1.16755529072657,-0.242394339067319,0.217811764188614,0.674445901009894,1.5182865396924,1.00024625351137,9640,1,0.62765
"year[111,7]",0.234266633699893,0.825330436753013,-1.3791281135305,-0.321513994737631,0.226890720194581,0.788453729865073,1.85354174248842,1.00007576678677,31342,1,0.61005
"year[112,7]",0.784295735418106,0.751300887160649,-0.735621788811799,0.286509133688164,0.800382537461465,1.30179037154307,2.21004016182959,1.00010676829466,34717,1,0.851225
"year[113,7]",0.226520658002608,0.643437851625103,-1.05205303948566,-0.207119777336441,0.230733615346165,0.664824226617183,1.47390854118637,0.999992138329517,40000,1,0.639725
"year[114,7]",-0.0236985358542621,0.809121659333866,-1.62392737670825,-0.567037940458917,-0.0237461433842283,0.518913666347486,1.55380492196745,1.00029746335178,8819,1,0.511725
"year[115,7]",-0.136473797919832,0.826232259775704,-1.78586613518381,-0.684981230615512,-0.126938663372409,0.428444046819949,1.45413425690663,1.00035812292625,6558,1,0.560075
"year[116,7]",-0.060023554620604,0.80981549395686,-1.65459657910671,-0.60444168041213,-0.0554077548541918,0.490762641527272,1.51600437735752,1.00010509805242,24618,1,0.527375
"year[117,7]",0.0468469739928931,0.83514276132592,-1.59530410439188,-0.513056583692208,0.0421843387748906,0.606572552568887,1.6978538596592,1.00008630545119,20731,1,0.521
"year[118,7]",0.677120755862675,0.730295460806951,-0.749895472755997,0.184393786839979,0.68158250082574,1.16235825731135,2.1248821101897,1.00010130166628,23517,1,0.823975
"year[119,7]",0.0308966944749037,0.788536880481065,-1.52507902813779,-0.498727129100893,0.0351640779563325,0.562555006263787,1.55881602986885,1.00016052886901,13284,1,0.5183
"year[120,7]",0.798299124482197,0.52155003198247,-0.203678235946471,0.442788883043765,0.790369577239032,1.14125678288114,1.83518236614083,1.00022936518975,10390,1,0.93855
"year[121,7]",-0.127310527542506,0.831084218710446,-1.78406928861343,-0.679451181046854,-0.125485550681969,0.42900979129562,1.48409562045306,1.00024815567221,8899,1,0.560425
"year[122,7]",0.00601269808031478,0.833748012104948,-1.63081287222147,-0.55638964789404,0.0077668564313576,0.565561751002355,1.64113798628025,1.00111780772011,2201,1,0.50345
"year[123,7]",0.456039609256891,0.863946114157344,-1.22946241630379,-0.129453784901371,0.457587749935389,1.04231333441019,2.15045337836423,1.00208252407496,1208,1,0.700825
"year[124,7]",0.0387616320154114,0.76913940540929,-1.44432435218077,-0.488238710234928,0.0295336508994188,0.550333044542857,1.59445783365147,1.00012667583442,25427,1,0.5136
"year[125,7]",-0.0418899208302776,0.828687849439349,-1.67074604727954,-0.595337097067121,-0.0400456757927381,0.511227126649677,1.57766747754882,1.00028510475323,7584,1,0.519125
"year[126,7]",-0.135042355954453,0.827909648247668,-1.77341421329933,-0.68789780769628,-0.127962344075555,0.427277090629289,1.46336055273014,1.00015080257038,13818,1,0.5635
"year[127,7]",0.589868124779132,0.790375255031427,-0.924433923091568,0.0487292043334076,0.577473974859179,1.11521948562383,2.17558248336625,1.00052029644487,4657,1,0.769275
"year[128,7]",0.373979548893912,0.822518090365382,-1.23993052895117,-0.183294154922531,0.375523130597318,0.923939329966139,2.00083769356965,1.00022716536977,10895,1,0.674725
"year[129,7]",-0.100849521999227,0.833332799651274,-1.73067498614518,-0.660892933964094,-0.0970990249328414,0.456711524200641,1.52238462645462,1.00025788138084,9218,1,0.54645
"year[130,7]",-0.124381441967004,0.816190237460601,-1.75181503843904,-0.668686532274772,-0.116609125049965,0.424353334719422,1.45608050678781,1.00008231511578,20806,1,0.556925
"year[131,7]",-0.123000161764098,0.804171992462647,-1.69827068908117,-0.661073817874788,-0.119885010052969,0.416401575272008,1.4505366377238,1.00002786112805,40000,1,0.559575
"year[132,7]",-0.0688276841353746,0.808937262223173,-1.6679906282261,-0.609115494242061,-0.0675245638746444,0.476892217418377,1.50920072930318,1.00024127726951,9215,1,0.534175
"year[133,7]",0.0959368616693229,0.733517753379183,-1.33742343521683,-0.400711849619172,0.0988257989304936,0.591201871276119,1.52900424139729,1.00026009432666,9752,1,0.5535
"year[134,7]",-0.223698387425204,0.638590988760355,-1.4821139820815,-0.655201525467505,-0.225689703265773,0.208854600858392,1.02373125179099,1.00007946632153,23216,1,0.636525
"year[135,7]",-0.0923047414704427,0.838355653142264,-1.74404683155661,-0.651608566072124,-0.0859398579221296,0.472448529412282,1.52665771242564,1.00037721782679,6418,1,0.541125
"year[136,7]",-0.244929713700606,0.703633514191324,-1.64016278903305,-0.719469430605929,-0.242445247349564,0.229293351579984,1.13080098731846,1.00021803973031,9882,1,0.634875
"year[137,7]",0.127195883821811,0.796908692106211,-1.44217840989855,-0.408074723020646,0.122751730366276,0.659709653958041,1.70754805605817,1.0006196502019,4040,1,0.5649
"year[138,7]",0.494743663582334,0.74397296343315,-1.01674370818442,-0.00403011164403694,0.514159628097993,1.00773002648677,1.89701292127693,1.00032715249593,6813,1,0.748625
"year[139,7]",-0.0938858802830508,0.835126498091604,-1.74891263534395,-0.65125264371533,-0.0856974151903012,0.470126296127532,1.53535523427945,1.00008488946596,18594,1,0.5423
"year[1,8]",-0.0986972511981295,0.482538106704811,-1.04271046976412,-0.423947182595248,-0.0994851332087341,0.223470904726001,0.852952796913172,1.00009201220895,20976,1,0.5823
"year[2,8]",0.203688324915474,0.733805828964061,-1.24568542486199,-0.288883404781044,0.201993519035389,0.696745795538587,1.65090900787086,1.00021282271147,10794,1,0.611225
"year[3,8]",0.0254371637258351,0.84756453546819,-1.62772461462394,-0.543390631599849,0.024221566639242,0.591089263939196,1.70513493702544,1.00056528691183,4809,1,0.512125
"year[4,8]",-0.75369341486158,0.852716074822935,-2.39000595779051,-1.34060387760348,-0.773166499324533,-0.183178613254217,0.949511799474599,1.00051489910769,4527,1,0.811475
"year[5,8]",0.513718850870918,0.512202830353596,-0.472731187666854,0.16685615385401,0.508277505777201,0.861373367089946,1.5250099656594,1.00020403614043,10505,1,0.841625
"year[6,8]",-0.514023847763337,0.66259446115045,-1.82280174881232,-0.958683207205491,-0.513606044737977,-0.0731966693551473,0.783986103566871,1.00025104297719,9567,1,0.78265
"year[7,8]",-0.135511195944464,0.830464425555689,-1.79532214491746,-0.688860371281795,-0.125168829388795,0.426197965905309,1.47172016890264,1.00086159199462,2912,1,0.561075
"year[8,8]",-0.122006179054408,0.812206406308797,-1.74445424961607,-0.664770028627176,-0.117580008749085,0.437536422957037,1.44268459495149,1.0003513758752,8377,1,0.555425
"year[9,8]",-0.144365893657907,0.82684910107991,-1.78727513260815,-0.698489883245808,-0.132301941744585,0.41227823312742,1.45340848084072,1.00013438234925,33467,1,0.56415
"year[10,8]",-0.251898859061113,0.802700110367725,-1.82949264993393,-0.790038603689769,-0.246316205125012,0.293266122609984,1.30977003614531,1.00046041895048,5061,1,0.621475
"year[11,8]",-0.343309966637778,0.713197020696983,-1.76401672173352,-0.817308294885365,-0.335176711197235,0.14243154188718,1.01738436351706,1.00009591209651,40000,1,0.68325
"year[12,8]",-0.196728283465402,0.810076902543785,-1.8001442634134,-0.740952814886512,-0.18987841212002,0.346716238250639,1.38116180838528,1.00012158619933,16913,1,0.593825
"year[13,8]",-0.10764297002837,0.82980513662172,-1.7535698779621,-0.665126100473111,-0.101979765542848,0.450174922869135,1.50655459382642,1.00014532608866,32246,1,0.549125
"year[14,8]",-0.0167576330731289,0.7151075817176,-1.44400101656132,-0.495138293039784,-0.00277019877492302,0.468188634907511,1.36202018490234,0.999987538394977,40000,1,0.501575
"year[15,8]",-0.169559077754673,0.754468748401165,-1.662001679758,-0.676835824456588,-0.161233490654034,0.340163612713084,1.28597841833363,1.00012797906502,22372,1,0.585775
"year[16,8]",-0.0710973753737983,0.829015490576417,-1.71661335281102,-0.62437472854283,-0.0667195572385751,0.48851563508175,1.54449140149672,0.9999777289678,40000,1,0.532225
"year[17,8]",0.620554262535732,0.721984089359355,-0.780430964654111,0.128535374399261,0.61483511840319,1.10744164532095,2.04785538827525,1.00050980550909,5553,1,0.8036
"year[18,8]",-0.0794235237503016,0.822852551119753,-1.71513396949568,-0.631408969727289,-0.0700504255041839,0.473606312443388,1.5126388095527,1.0002399144571,13077,1,0.5343
"year[19,8]",-0.0571523952353976,0.78477035348927,-1.61247338357233,-0.580650479596994,-0.0520463661489791,0.477433628001165,1.45666561918717,1.00032533904108,7973,1,0.5258
"year[20,8]",-0.0520612386628384,0.828286854668174,-1.69134481399815,-0.603339775408603,-0.054566824060432,0.508963581319789,1.55889532125154,1.00034105040713,8017,1,0.5242
"year[21,8]",-0.106753112281784,0.821619842334914,-1.70450527022776,-0.659486187733115,-0.106726490089912,0.448411971745605,1.49568583876539,1.00010179930928,28769,1,0.551775
"year[22,8]",-0.261107399236544,0.841603598997827,-1.93549635193515,-0.826316962574017,-0.249513573945861,0.306350623852426,1.36542431472211,1.00000830679125,40000,1,0.6182
"year[23,8]",-0.0854263781727974,0.82468255730932,-1.71628078749779,-0.639344869975176,-0.0771239751716815,0.467164803044983,1.51619871276205,1.0009404534529,2574,1,0.53775
"year[24,8]",-0.611193524305775,0.790629118679637,-2.11800181723846,-1.1481453061559,-0.62788710172782,-0.0936434299349495,0.990321128465439,1.00002000200785,40000,1,0.783625
"year[25,8]",-0.512132129052028,0.694189517299653,-1.85570814917831,-0.984598490340109,-0.51307619935892,-0.0474526382346409,0.864050022618692,0.999992928666516,40000,1,0.769525
"year[26,8]",-0.113747811896532,0.712856056785731,-1.48734726506971,-0.603138372777764,-0.121263626756365,0.369592473564464,1.29558281824146,1.00029674345678,7817,1,0.565875
"year[27,8]",-0.0567280010215723,0.800039774610317,-1.63161745908772,-0.595242993843277,-0.0515688793361113,0.486688061253223,1.49973296285266,1.00031141179105,7691,1,0.524475
"year[28,8]",-0.00603559437107381,0.81310962629257,-1.62014780539326,-0.551497431066491,0.00174151582719151,0.546952494947922,1.56060254464416,1.00058094755218,4787,1,0.499275
"year[29,8]",0.40708406896398,0.7656949849858,-1.13408348005116,-0.0983445923183394,0.416580579865728,0.925008509788003,1.86831990898883,1.00046778488699,5591,1,0.70785
"year[30,8]",-0.0718575388335812,0.831670292344106,-1.7113293063317,-0.629135977091157,-0.0704861503050911,0.490386930551998,1.54588571136248,1.00011438499027,16924,1,0.5363
"year[31,8]",0.266532901983611,0.595884897193962,-0.909493298368271,-0.132655287251744,0.267016570539312,0.668653065232237,1.42991091202428,1.00001130757915,40000,1,0.673075
"year[32,8]",0.265183490674004,0.82293785140953,-1.31707897076123,-0.288915859146156,0.254941368913379,0.814319775048854,1.90632381768385,1.00016519182681,11976,1,0.623775
"year[33,8]",-0.185200709172381,0.712307524715503,-1.61472895316504,-0.658176472344293,-0.173249867844972,0.303153729937419,1.17450312260954,1.00010707180313,18186,1,0.59695
"year[34,8]",0.29040891915326,0.776716698486031,-1.25368872075661,-0.231311431261152,0.291621001663723,0.82367688354828,1.78811738020201,1.0002303264861,9633,1,0.6474
"year[35,8]",-0.112660649586934,0.826025495817364,-1.74955566439913,-0.663376138821966,-0.102425673300154,0.436417740993181,1.49493688412684,1.0008540090828,3286,1,0.550825
"year[36,8]",0.185830332540454,0.609194978438238,-1.00459118488658,-0.225371655773986,0.183457912628977,0.599201365616965,1.37756959974422,1.00031844390001,8970,1,0.616925
"year[37,8]",-0.310213607835895,0.820574660158708,-1.94154510224667,-0.853447813404393,-0.303609085914168,0.245441782784255,1.27319164820218,1.00035974442436,6821,1,0.6451
"year[38,8]",0.110116072423542,0.784691628888637,-1.43509744650719,-0.417444093022495,0.113144548350567,0.637731737074294,1.64501982695757,1.00044891847977,10621,1,0.55855
"year[39,8]",-0.171995931764732,0.763664996405937,-1.67584533907723,-0.682158646879443,-0.170366770757054,0.342500045920372,1.30931694812416,1.00005895944234,23990,1,0.589125
"year[40,8]",-0.42527146149646,0.784407496850353,-1.98763045389377,-0.93869704421102,-0.418673638412036,0.0971267023375385,1.11169130816698,1.00021707226747,12520,1,0.707425
"year[41,8]",0.429882754933745,0.824674228613131,-1.22800508959856,-0.120355414250472,0.454173033840659,0.998141629288036,1.98546634124486,1.00369487265957,698,1,0.704825
"year[42,8]",0.317806306467035,0.749424015797366,-1.17121047967656,-0.18478540439595,0.32797464642855,0.830592425931045,1.76392010903953,1.00012336919569,22809,1,0.66475
"year[43,8]",-0.451500025915125,0.623722284312189,-1.67084187559306,-0.871695685199342,-0.454846826846473,-0.0320913356515086,0.776809072689241,1.00026367804157,8570,1,0.76535
"year[44,8]",-0.00294738602217313,0.664759957643572,-1.32210845137148,-0.44921814098537,0.00445243739096943,0.45152548734098,1.2767592138106,1.00000685021626,40000,1,0.4972
"year[45,8]",0.731334385659681,0.673237589418451,-0.593680808325873,0.281903757848997,0.737399114571482,1.19056510939648,2.03291050078683,1.00006129682749,31123,1,0.86105
"year[46,8]",-0.024825320747629,0.838944756080547,-1.67684068733846,-0.586167916293714,-0.0251716177548013,0.537630079572952,1.63259891075074,1.00021873555725,21794,1,0.5114
"year[47,8]",0.363608381081469,0.678613311465783,-1.0353065509211,-0.07859947588802,0.394171061649798,0.832252100696043,1.61574494134697,1.00011921160928,28652,1,0.7147
"year[48,8]",0.342106005705363,0.561172814537635,-0.744115876698987,-0.0392914567257179,0.336042389883892,0.712070075324657,1.46357262770409,1.00000170872883,40000,1,0.727325
"year[49,8]",-0.055380468973187,0.830808656767204,-1.70229366728226,-0.61315996204464,-0.051637915441341,0.509919466244427,1.55220703692106,1.00019750041202,11013,1,0.524775
"year[50,8]",-0.188931765581197,0.637257973708779,-1.40072058508567,-0.628487058800625,-0.200820672951022,0.235759092958566,1.08810766041139,1.00005629121899,40000,1,0.62125
"year[51,8]",1.22632076701438,0.574950161065027,0.0848296051787241,0.847374222326035,1.23276003024012,1.61601457876425,2.33099868216577,1.00009860578758,17187,0,0.981675
"year[52,8]",-0.0271615034705972,0.806034802164592,-1.62595801424191,-0.567964872081606,-0.0216525762352686,0.513281879467627,1.55024977720333,1.00045938360995,5746,1,0.5115
"year[53,8]",-0.0257978940141436,0.772844146436699,-1.53837557402276,-0.542414518107289,-0.0296305077601774,0.48651098094685,1.50525231415807,1.00022573199338,10468,1,0.515475
"year[54,8]",-0.0100708132571496,0.584345528499627,-1.1513588831964,-0.405841445579297,-0.0114315291932237,0.378281538963121,1.14546571243767,1.00051474382996,5276,1,0.5075
"year[55,8]",-0.365528877875752,0.724170469703599,-1.79708289371462,-0.85381862029113,-0.362644759049517,0.128977741609494,1.04353691401204,1.00014901990018,13274,1,0.691825
"year[56,8]",-0.0342038722834966,0.824586023683171,-1.66860956371711,-0.581499307920551,-0.0267368517971999,0.520162204418263,1.56191170284973,1.00009720332726,36615,1,0.513175
"year[57,8]",-0.321650344343096,0.806286505393234,-1.93054013512202,-0.853044078335309,-0.308468836445279,0.225018944990821,1.2228951914493,1.00006977709886,40000,1,0.6519
"year[58,8]",0.200315412976314,0.806050254657654,-1.3828644699502,-0.337897524967493,0.203450496955301,0.74004248126622,1.77769900862722,1.00038500995536,15363,1,0.600225
"year[59,8]",-0.101147545644173,0.826273753509509,-1.73762440782737,-0.652370740105218,-0.10051403925263,0.45148371543922,1.5134007577576,1.00008688541532,36819,1,0.546275
"year[60,8]",0.473395458926708,0.593018886748965,-0.681479637845479,0.0762049693195405,0.470375642267599,0.874500646056369,1.64114313499437,1.0000598828877,40000,1,0.78755
"year[61,8]",-0.373961507719142,0.810601572940448,-1.99632457559297,-0.912078244022611,-0.364891451222263,0.178139609025357,1.1899700920647,1.00096214617972,2501,1,0.6754
"year[62,8]",0.205980217748058,0.800108533948924,-1.35272373176617,-0.334399765319482,0.206501129428363,0.74578247392858,1.77196286206506,1.0011187810057,2177,1,0.603
"year[63,8]",-0.120573817148531,0.824383235018554,-1.75788596070931,-0.66903775741393,-0.111228057738235,0.437125027383405,1.48534891623813,1.00020575987843,16061,1,0.553325
"year[64,8]",0.0597155453634237,0.843372586690385,-1.5942884229505,-0.503816739189744,0.0587530025311587,0.620025779512143,1.72144034308889,1.00001108288165,40000,1,0.528975
"year[65,8]",-0.651591260108513,0.480210030990841,-1.58453523843656,-0.97777290100986,-0.658140145478051,-0.33376195567046,0.316338918855233,0.999998991222948,40000,1,0.912275
"year[66,8]",-0.228888739572908,0.799180392540173,-1.80515665060519,-0.770123065256996,-0.226175504485951,0.311095663987925,1.32471791348838,1.00016449926558,38912,1,0.61085
"year[67,8]",0.0538879065628536,0.836353774488587,-1.58070385046786,-0.509471685424196,0.0524672867748417,0.617743884310934,1.70762718950563,1.00055394340809,5035,1,0.52585
"year[68,8]",-0.308136840687116,0.530390218336999,-1.3326197401093,-0.669209570341359,-0.314524878027179,0.0417762149932836,0.74916771182647,1.00013701488818,13975,1,0.7248
"year[69,8]",-0.0775198177923973,0.816036856298126,-1.70600486308169,-0.621468316795548,-0.0702577612593151,0.470808994895221,1.51276460145055,1.00014946452792,13980,1,0.533925
"year[70,8]",-0.519939883219844,0.710526366177162,-1.86698428667427,-1.00656210831787,-0.539757895310082,-0.0484457277231432,0.918423624278778,1.00015438323256,25626,1,0.77025
"year[71,8]",-0.105852027534634,0.746395573443016,-1.56456660086225,-0.612004394817106,-0.108772984435083,0.401164376583555,1.35549262075357,1.00027033217738,8146,1,0.55685
"year[72,8]",-0.135035649848827,0.81135982018663,-1.74651044408773,-0.677097410512539,-0.129999928689625,0.421372823127731,1.44175763753238,1.00017654421271,11173,1,0.56375
"year[73,8]",-0.359288284284076,0.831061116743386,-1.99726809226341,-0.920915051576338,-0.350951473867609,0.204116022131591,1.25824099581507,1.00028847414303,7559,1,0.666875
"year[74,8]",-0.244309326862782,0.833280967701991,-1.91550383083607,-0.800375397448408,-0.233290338587912,0.32167361012935,1.36630513204572,1.00017419804014,12372,1,0.613125
"year[75,8]",-0.0836800205498133,0.792332979412208,-1.6713471100633,-0.611974851305271,-0.0741659659184276,0.454887545251582,1.43258269717486,1.00014123020631,18916,1,0.53725
"year[76,8]",0.0909015071886213,0.610571343853446,-1.15075617837983,-0.313989451949373,0.104761078968749,0.512480334558861,1.24329877190758,1.00005378582221,38359,1,0.5684
"year[77,8]",0.199377694280981,0.821893135104167,-1.41059204855237,-0.355769018685138,0.192485563244065,0.74514872226237,1.83497521372027,1.00011475422071,18165,1,0.595075
"year[78,8]",-0.0769910385709689,0.824636432157916,-1.69909587052088,-0.628715621018454,-0.0750445503694921,0.476867001662872,1.5264710105343,1.00000366135338,40000,1,0.535425
"year[79,8]",-0.269772888990968,0.807336446441609,-1.88556902373793,-0.80975282640993,-0.258105263519399,0.278781467744837,1.28908962108109,0.999976652885035,40000,1,0.6269
"year[80,8]",0.146537274967607,0.798289551649147,-1.42828227254063,-0.392016284373742,0.15097258373514,0.683316676550808,1.70586009376867,1.00065058980045,4747,1,0.576375
"year[81,8]",-0.500151892416824,0.680863729452122,-1.81416063674307,-0.963036091503426,-0.504352748504186,-0.0482990922033099,0.853886363459496,1.00008045046519,21426,1,0.77185
"year[82,8]",-0.161636595879776,0.647148222512137,-1.4413975010904,-0.600876348517161,-0.16287045076914,0.275149599585646,1.11382203884843,1.00010620467917,16791,1,0.5976
"year[83,8]",-0.371755527503127,0.815752984137446,-1.98795406719986,-0.919405859882389,-0.362578850250895,0.182402701860317,1.20512497284456,1.00095917772674,2896,1,0.672625
"year[84,8]",-0.085875235031097,0.828574931520378,-1.7248143647725,-0.641536984742389,-0.0835352771993323,0.478941759552584,1.51543921991919,1.00013266299483,23512,1,0.54015
"year[85,8]",0.0497723845695114,0.788500540217307,-1.53315332617041,-0.47520154065194,0.0603180318708745,0.583449819149076,1.56435555027627,1.00046138577338,6766,1,0.53065
"year[86,8]",1.0909725062255,0.533336533288465,0.0865831229749766,0.726192156064331,1.07772657282148,1.44182557874396,2.18361030810427,1.00032101659332,6779,0,0.98345
"year[87,8]",-0.562202074690713,0.811264489408603,-2.15132802913498,-1.10901020158192,-0.554631252018511,-0.00971706389615876,1.00106972437275,1.00020474381281,13300,1,0.754125
"year[88,8]",-0.466670618801099,0.737677705645634,-1.89212426236097,-0.963497343003326,-0.47283508135973,0.0292908664908969,1.00457076908352,1.00018400685593,10789,1,0.738025
"year[89,8]",-0.143199945364268,0.778335660401463,-1.69140620170302,-0.666830531266868,-0.135572495673142,0.386232725327567,1.36939174960914,1.00017219530401,13503,1,0.568675
"year[90,8]",-0.265539070224276,0.827906001405066,-1.89968554510594,-0.822873406833246,-0.262862817318844,0.292957626616297,1.35716738744447,1.00054889970282,4252,1,0.62415
"year[91,8]",-0.275873486047654,0.575860337001442,-1.36396486105206,-0.667586735295077,-0.294620744253728,0.102473516592284,0.901084296721912,1.00024968353738,9272,1,0.69265
"year[92,8]",-0.0253547602118268,0.813819888082736,-1.64131332758075,-0.57282069743752,-0.0192074063347491,0.521183658829289,1.56426667480195,1.00018344177886,19276,1,0.510075
"year[93,8]",-0.179055129761426,0.760479342513424,-1.65590577747517,-0.694480397561133,-0.183144706323051,0.336618948083724,1.32224231437053,1.00005266038326,40000,1,0.596375
"year[94,8]",-0.0449446371139283,0.783271498530687,-1.59569372020962,-0.564432341388058,-0.0358499516628848,0.480286767431203,1.46462192083013,1.0000799067136,21759,1,0.51855
"year[95,8]",0.00290335528147988,0.757761235399566,-1.50072381892077,-0.510266264953824,0.0130395016695561,0.517842982234889,1.47368670324154,1.00014893000119,15403,1,0.506725
"year[96,8]",0.0662456447647061,0.752893805545646,-1.4317937848665,-0.435120098739354,0.0688060750011164,0.57461248319567,1.53407584050916,1.00010223139499,19610,1,0.537075
"year[97,8]",-0.0761688427810224,0.820940070331445,-1.70411044657042,-0.627674825115885,-0.0724895657559959,0.477996212679282,1.5122938510046,1.00048677884788,5136,1,0.5343
"year[98,8]",-0.168565194981973,0.82768593374968,-1.79433789657256,-0.725310703904241,-0.163413347094081,0.385631534658807,1.45470298455879,1.00091603262442,2666,1,0.57945
"year[99,8]",-0.420711902716137,0.716106909079688,-1.84451919577488,-0.904918152799962,-0.410363249468442,0.0703432811694207,0.958774329891163,1.00020565691883,10120,1,0.7175
"year[100,8]",-0.101206946622212,0.813701062852304,-1.69075846574822,-0.648488160856722,-0.0986637045650599,0.449908329012888,1.48165726939536,1.00031943982589,7047,1,0.547525
"year[101,8]",-0.222675981626663,0.797011930933138,-1.81855898802089,-0.745635022353232,-0.209423235851773,0.316044405985032,1.3044666845584,1.00039056654203,6028,1,0.605
"year[102,8]",-0.0610891372251865,0.833443924660608,-1.70411412769288,-0.624664195116551,-0.0593085488769612,0.497195252374816,1.56245846143509,1.00007525136606,40000,1,0.5299
"year[103,8]",-0.102339339694344,0.805668846612088,-1.69369559401945,-0.643707002217697,-0.103305005306905,0.443339118182721,1.47103255475137,1.00046547354744,6072,1,0.55055
"year[104,8]",-0.0629443655963949,0.798217657365641,-1.64531742654583,-0.596872851547155,-0.0568764833011451,0.478236104517764,1.48530814585462,1.00044681901799,5080,1,0.52785
"year[105,8]",0.501947406143674,0.622391130106352,-0.735092673156097,0.0873522006416282,0.507708711118283,0.928499426043974,1.69879240119234,1.00005658002843,25472,1,0.792625
"year[106,8]",0.222189655649296,0.765060160525724,-1.28137893156981,-0.295667543572846,0.224413854581507,0.741378405690839,1.71028350280686,1.00008028996091,40000,1,0.61505
"year[107,8]",0.201324624352588,0.69841168438016,-1.17118832067459,-0.270511449632583,0.205172610674514,0.671668254201772,1.56285735410348,1.00054143163955,4935,1,0.6141
"year[108,8]",-0.0765019910986283,0.824561904570984,-1.70384739384346,-0.629754103048141,-0.0780762572929379,0.482449865697221,1.53721405348798,1.00053226357439,4867,1,0.53655
"year[109,8]",0.472725132184932,0.664495988821986,-0.843711858336715,0.0254401125551015,0.475709556528106,0.922337856065244,1.75656292679023,1.00016841114192,19246,1,0.762025
"year[110,8]",-0.426461268026317,0.716714186162807,-1.83467461227457,-0.904193942763728,-0.4281390144755,0.0542257412263907,0.973166356222443,1.0007743792476,3465,1,0.7237
"year[111,8]",0.30866152928975,0.827016875495129,-1.31145779869627,-0.249068611024646,0.3069529236471,0.861288180453947,1.92482483573123,1.00011880988111,17792,1,0.647975
"year[112,8]",-0.243740479417906,0.743124751443625,-1.67941444480942,-0.747441856007171,-0.250868448183396,0.253878981625206,1.23680573350849,1.00008227641307,28466,1,0.632875
"year[113,8]",-0.469230031227491,0.641845315429232,-1.72066911299263,-0.899832507273435,-0.470737721985089,-0.0381963043990789,0.797648800587874,0.999989777240311,40000,1,0.76845
"year[114,8]",-0.0160603135581602,0.811861373253204,-1.60611086093916,-0.561356749048199,-0.0171345708026425,0.525999943942993,1.58431705218489,1.00001864855729,40000,1,0.5085
"year[115,8]",-0.132336000224922,0.823427921898467,-1.76805848342167,-0.689265669883807,-0.123012455844965,0.431473287075468,1.44538225308125,0.99996506706568,40000,1,0.55795
"year[116,8]",-0.221846256236218,0.819036184422034,-1.83253020112852,-0.770469901754773,-0.212496093970482,0.327444651510364,1.37331477511429,1.00067279565002,3657,1,0.603025
"year[117,8]",0.270656223246742,0.844670224932117,-1.38727981817757,-0.299575620839881,0.273372799314479,0.835446197364584,1.94452096789361,1.00107279973289,2914,1,0.62885
"year[118,8]",-0.479444339237956,0.776120170333717,-1.96434717171818,-1.00995964373131,-0.494863867569561,0.0448803908834178,1.06377569184059,1.00011591957883,32716,1,0.73215
"year[119,8]",-0.127877113417245,0.812447452288496,-1.7327880539297,-0.67195512176653,-0.12301741022255,0.426540186268311,1.43378482241821,1.00037100165267,7160,1,0.560075
"year[120,8]",0.234750391856225,0.528487485486016,-0.770551091300451,-0.12611649995518,0.221854736774266,0.583804511496156,1.30704185655097,1.0000959870446,21957,1,0.664125
"year[121,8]",-0.118799765806079,0.839504676066112,-1.78579171176676,-0.67633913883518,-0.113567672828058,0.446684210634328,1.516527532888,1.00045678409444,6442,1,0.55455
"year[122,8]",0.0669896389500503,0.840450816332152,-1.58915403184434,-0.494924102763256,0.0606685249139964,0.630384253695478,1.71888394840799,1.00016450941761,27994,1,0.528775
"year[123,8]",-0.0904841235790293,0.832489566878462,-1.73268091788635,-0.647619215788404,-0.0869318980978944,0.468953184742823,1.52733620455974,1.00057653219335,4145,1,0.5424
"year[124,8]",-0.271211619171339,0.764963744670171,-1.76371807779827,-0.78771724745612,-0.272785945376907,0.246417453981689,1.23018930753231,1.00054680639509,4677,1,0.638325
"year[125,8]",0.00720960002257742,0.844857901555712,-1.63449356172894,-0.560938315547517,0.0043308024104034,0.575688843238896,1.66736092887124,1.00011481138076,26836,1,0.50185
"year[126,8]",-0.111180929503159,0.825735094489407,-1.75349345533375,-0.663053195200441,-0.103801138887892,0.447625018198587,1.48588570681372,1.0000570914367,24206,1,0.549625
"year[127,8]",-0.43264314896499,0.811615960535457,-1.98982691284365,-0.984938480351049,-0.446836164590982,0.113388549359181,1.198068985088,1.0002504421602,9209,1,0.704575
"year[128,8]",-0.083477549575446,0.83131668088402,-1.71164808853105,-0.638237559695042,-0.0797533083040363,0.477519564133966,1.53895029986867,1.00031313624125,7848,1,0.539925
"year[129,8]",-0.0770057526355963,0.828367030356751,-1.71676541408976,-0.625329426811173,-0.0703863430861933,0.476009324552603,1.54407690337074,1.00006549805799,40000,1,0.5358
"year[130,8]",-0.106104133367164,0.817401026460266,-1.72916698562721,-0.652484304075573,-0.0964033441998721,0.442634475950951,1.48247362309252,1.00055282878951,4902,1,0.547275
"year[131,8]",-0.0349872389109516,0.809665188349187,-1.63114376402505,-0.578283243712151,-0.0261949505453637,0.505834514542369,1.54302083209533,1.00002911834135,39820,1,0.5126
"year[132,8]",-0.091561025976276,0.802970839391368,-1.68252544521586,-0.62841378811844,-0.0893341402168607,0.452251077983972,1.47010193483999,1.00023264196859,10911,1,0.5442
"year[133,8]",0.279448621803323,0.712504770467176,-1.13762327462033,-0.197008029307047,0.291299432114746,0.761249342424012,1.65743881687221,1.00031678962433,8084,1,0.65665
"year[134,8]",0.596323599413369,0.616086960051701,-0.645743784265501,0.185309284655594,0.608407496065386,1.01470638182414,1.76663030800763,1.0000295989446,40000,1,0.8329
"year[135,8]",-0.0820122468423844,0.828560001663112,-1.7208614910921,-0.63401452112182,-0.073419686602445,0.480493039472977,1.52718065194482,1.00046439428829,4991,1,0.536275
"year[136,8]",0.831918700907018,0.625137621531979,-0.452471853681862,0.428673741202991,0.846259351579918,1.25897506122745,2.00832811845146,1.00021892555846,11567,1,0.9066
"year[137,8]",-0.122123070278044,0.827274875420319,-1.7562124049742,-0.679581629424546,-0.117892759035648,0.437145826328671,1.50588091095035,1.00020020106155,13673,1,0.55785
"year[138,8]",-0.0982448494371276,0.681779966182229,-1.44166256492112,-0.554074006472609,-0.0970779146298554,0.360796926787706,1.23268654139838,1.00034920617497,7380,1,0.557675
"year[139,8]",-0.0991787061945828,0.822124232958996,-1.72102859356148,-0.652499773124886,-0.0936832959402147,0.45780020049327,1.49290263548063,1.00080408925379,2964,1,0.545925
"year[1,9]",-0.325389906513409,0.512831441400448,-1.33142548372545,-0.667007867592137,-0.326933002941007,0.0186197736676129,0.67270463849331,0.999999684270933,40000,1,0.739075
"year[2,9]",-0.37189311640379,0.794014652891189,-1.90877177691518,-0.910661762089026,-0.38139161772943,0.165688336643616,1.1908830894545,1.00012657610397,18771,1,0.6812
"year[3,9]",0.165888374350421,0.874626723575057,-1.54539164332001,-0.42351858998962,0.161441853514333,0.756947484495076,1.88804042836825,1.00068056911125,4997,1,0.5742
"year[4,9]",-0.209553177609546,0.741531317187412,-1.6839071715651,-0.701274186995897,-0.203245460005136,0.2913727224695,1.22287625412503,1.00048940483436,6286,1,0.608925
"year[5,9]",-0.14453093817781,0.558614515490864,-1.23498512949923,-0.522330197740247,-0.149102037815037,0.230299820904168,0.97085224526476,1.0000424548351,31196,1,0.60515
"year[6,9]",-1.23252208228808,0.670148656874513,-2.56781417856757,-1.67686799924602,-1.22622584426236,-0.781610130713495,0.0768024791049546,1.00010371147666,23187,1,0.968175
"year[7,9]",-0.226012928737315,0.82798618586541,-1.84408789931624,-0.782647113891261,-0.221514103954963,0.330462437817246,1.39691335757706,1.00010685392724,25116,1,0.605575
"year[8,9]",-0.0851041626615773,0.792060227823564,-1.65054210028404,-0.611825477735838,-0.0793454420019958,0.449108128678687,1.45318353076955,1.00028639160645,7867,1,0.541275
"year[9,9]",-0.150396460979075,0.8206941485821,-1.78014803138515,-0.700706122890668,-0.142087487124517,0.40870624842551,1.44055058605042,1.00019940586043,13631,1,0.5687
"year[10,9]",-1.18552574998401,0.853898261002007,-2.82072444701545,-1.76461639859508,-1.20170519678199,-0.615584123984572,0.514768419167898,1.00031097567135,8305,1,0.9134
"year[11,9]",-0.138907662328475,0.716731361098877,-1.57465973328168,-0.614338306013439,-0.128133100688747,0.344860282425746,1.24661504626348,1.00001303676013,40000,1,0.569775
"year[12,9]",-0.143537660837936,0.826026501309434,-1.76327660070727,-0.69494068550343,-0.142925184077302,0.406625744642785,1.47428659495475,1.0003297949192,8186,1,0.5706
"year[13,9]",-0.0809690626850375,0.832634063884143,-1.7333774032482,-0.632648900073572,-0.0779713342762371,0.480130397483323,1.52673283484971,1.00023338159061,11529,1,0.5377
"year[14,9]",-0.448209773885489,0.758762334731904,-1.95223183283123,-0.954831138353277,-0.444883463025719,0.0648818403726899,1.02722353269646,1.00006508698448,25458,1,0.7213
"year[15,9]",-0.385819546703526,0.808476164951474,-1.99468756113082,-0.926048715307903,-0.378138390357309,0.157599100801338,1.18355293208127,1.00020566231075,23794,1,0.682625
"year[16,9]",-0.0666587633768294,0.819033385281396,-1.7038290714938,-0.605647203827993,-0.0606728875445783,0.480300534778144,1.52545132877253,1.00018908521846,20669,1,0.52925
"year[17,9]",-0.159776989689336,0.732773500984206,-1.56994588219725,-0.6551390905763,-0.174892571257548,0.326302315994403,1.3201374416876,1.00022004357687,10730,1,0.593225
"year[18,9]",-0.0937647076526242,0.829448283171931,-1.72396507949411,-0.653796876728177,-0.0877430086815085,0.467039739093626,1.52260092230816,1.0000606086491,34678,1,0.54365
"year[19,9]",-0.058347360428022,0.788793585141428,-1.61236366671548,-0.587147817423763,-0.0544543350371951,0.474893486690164,1.47421708648781,1.00011457891025,21789,1,0.5275
"year[20,9]",-0.0859731385021336,0.816615863457245,-1.69690352431909,-0.631935246617784,-0.0843640795998803,0.46231405828064,1.52008912613031,1.00010159449382,17493,1,0.539775
"year[21,9]",-0.130839402117672,0.812475136802043,-1.73547106349763,-0.67680480461461,-0.126913890617213,0.414546946596662,1.44691050636379,1.00018167997972,10916,1,0.56245
"year[22,9]",-0.253934620214378,0.827750642092328,-1.9131029011315,-0.807051318437883,-0.24191761344797,0.310941751051356,1.32309451910899,1.00026431078865,8966,1,0.612925
"year[23,9]",-0.0721909211903045,0.822055484387753,-1.69772741681459,-0.624627121651788,-0.068025147293922,0.48205169594246,1.53709083152456,1.00036037531945,8457,1,0.533325
"year[24,9]",-1.66842646405617,0.71762923479899,-3.09353651529269,-2.14614128964763,-1.65774230703276,-1.18465160935547,-0.278414725907091,1.00022473461449,9728,0,0.99065
"year[25,9]",-0.597581858971309,0.690702591308078,-1.95238178758337,-1.0581876148152,-0.600346464403386,-0.137631384199143,0.74881684559432,1.00025907139262,12990,1,0.80655
"year[26,9]",0.0797343516171088,0.695265601356076,-1.25790239141397,-0.388594545997653,0.0701864083069108,0.540684525213731,1.46770400004147,1.00006309526315,32507,1,0.540625
"year[27,9]",0.171426291895366,0.805836400564946,-1.42184282071104,-0.368388553607394,0.173291057957456,0.714972185585819,1.74563518139786,1.0006553934674,3727,1,0.585775
"year[28,9]",-0.166604727907962,0.816274063334878,-1.76125114539944,-0.711667756914265,-0.165137133772311,0.383484086383204,1.42852300236525,1.00096505553541,2518,1,0.58165
"year[29,9]",-0.333618512624769,0.769917635544859,-1.83467484978367,-0.850898159968898,-0.333081665449255,0.185565392337534,1.17217271710926,1.00003000905798,40000,1,0.667525
"year[30,9]",-0.0779497538630193,0.82873427150809,-1.71623491574117,-0.627881227395747,-0.0752123312537506,0.474930738091782,1.53751822517124,1.0002095344601,10186,1,0.53565
"year[31,9]",-0.845171271617202,0.567244879452054,-1.95683030370717,-1.22807163225498,-0.845437396951071,-0.465431754171528,0.259367268757976,1.00004791738302,40000,1,0.93295
"year[32,9]",-0.262440029062953,0.840312127752593,-1.91783533415447,-0.83076849874085,-0.262587207313817,0.314793539496945,1.37353321022006,1.00173739560758,1557,1,0.6208
"year[33,9]",0.132193338390441,0.713450210251289,-1.27772542644429,-0.343060592301608,0.134453443107898,0.616248627026902,1.51805574012845,1.00011365929878,40000,1,0.573325
"year[34,9]",-0.0505148489963293,0.781637538304089,-1.59540949442758,-0.573094873234313,-0.0439501146692084,0.472591785584851,1.47045984312888,1.00009833675852,40000,1,0.5222
"year[35,9]",-0.0834963165214555,0.828902414085747,-1.72742222876222,-0.640718289302059,-0.0822239062559338,0.471086324695206,1.5368359630163,1.00045872170188,5089,1,0.540075
"year[36,9]",-0.283460584914897,0.694007315910336,-1.61455575691662,-0.753866841945219,-0.294810512986924,0.177779048113403,1.11289923288572,1.00013170179616,19362,1,0.662
"year[37,9]",-0.114382060385602,0.801937162294831,-1.70090988479993,-0.648593086403164,-0.1132988915493,0.428009947987371,1.44271700384749,1.00128850388108,1886,1,0.55545
"year[38,9]",-0.0284764429011776,0.799699396738003,-1.60633095708206,-0.562685355336227,-0.0316921113614322,0.507372541363875,1.53756246538691,1.000558235515,4408,1,0.51605
"year[39,9]",-0.0934146794211388,0.745347708406951,-1.55226281848013,-0.589503341613493,-0.096675180376911,0.408445203687037,1.3727087492509,1.00017715112128,22278,1,0.550325
"year[40,9]",-0.187847890561033,0.801588308587652,-1.78420138858136,-0.725625356091226,-0.183101619431154,0.358356114742794,1.37691312340739,1.00010308361182,25373,1,0.589425
"year[41,9]",-0.293785920142794,0.819594505744807,-1.91752498322457,-0.837617533008425,-0.289870898283239,0.255925458858954,1.30058157293425,1.00179848707353,1402,1,0.63985
"year[42,9]",-0.134769618927823,0.747489959104444,-1.58337825981822,-0.63995299558675,-0.138592018732821,0.37428916138464,1.33663863252697,1.00005862505598,40000,1,0.5732
"year[43,9]",-0.814965831245531,0.713080756152028,-2.21903058302394,-1.29436678911441,-0.81192401744289,-0.328827248535048,0.583642836337633,1.0003883978809,7033,1,0.874425
"year[44,9]",-0.445618494713066,0.723902049716601,-1.86953246179484,-0.931611665676989,-0.440763861772086,0.0386805318615653,0.973482009876388,1.00004799975642,38733,1,0.732475
"year[45,9]",0.41060561270637,0.653509117966114,-0.876950508422088,-0.0225664665997456,0.408848308061442,0.845359490692933,1.70470291925776,1.00010260243857,28431,1,0.738425
"year[46,9]",0.0358125550914324,0.837053189828474,-1.61083937639795,-0.522665775094653,0.0336112906554181,0.591932453924078,1.68514329697094,1.00023626109079,8801,1,0.51685
"year[47,9]",-0.341130459121732,0.713802247326394,-1.76269920446598,-0.819262263406393,-0.336708753639793,0.140013399846726,1.04563856014517,1.00008417493384,18787,1,0.682525
"year[48,9]",-0.509657442508401,0.581031608855751,-1.65026727309083,-0.896759584415848,-0.509832319345376,-0.122293906145886,0.631235907202111,1.0000633460275,40000,1,0.812725
"year[49,9]",-0.064921492236275,0.824376363975098,-1.67761573659016,-0.612563728776557,-0.0591304539156115,0.486569128414436,1.54910844335644,1.00001157524482,40000,1,0.530175
"year[50,9]",-0.617072491699221,0.624021815984227,-1.83493594557869,-1.03930514602034,-0.616695744064911,-0.200879326503763,0.605878542747167,0.999992237162797,40000,1,0.840725
"year[51,9]",0.130443106166126,0.61876083931757,-1.08027919072673,-0.284966188418978,0.13114483751288,0.550059883709391,1.34630428999693,1.00018787905215,10838,1,0.58465
"year[52,9]",-0.0195715025208389,0.801231710089763,-1.60051837221895,-0.560021250176545,-0.0183626678140227,0.522708691456556,1.54367853179534,1.00028668272297,8032,1,0.509225
"year[53,9]",1.76279255054058,0.692086899200509,0.386114691320558,1.3053570987364,1.76742998085936,2.22504361434074,3.11552250764586,1.00014962522399,40000,0,0.9928
"year[54,9]",-1.04816841377041,0.60036968430689,-2.22767725830505,-1.44531580929889,-1.05179266746462,-0.651556123810101,0.135607157073696,1.00016466804947,14468,1,0.95785
"year[55,9]",-0.118388508418125,0.738497796923763,-1.58331672879527,-0.614031279238507,-0.118546958771292,0.379506018051437,1.32572660893873,0.99997608469457,40000,1,0.56385
"year[56,9]",-0.303797353198071,0.831563444973339,-1.94021442285181,-0.854542464929272,-0.30164415256523,0.258701513890094,1.31609666778438,1.00030466962655,9161,1,0.638975
"year[57,9]",-0.243170107049682,0.804996225110224,-1.83213489759552,-0.781251760202925,-0.235416023774335,0.298935731914023,1.31945839382234,1.00012188214541,19650,1,0.617675
"year[58,9]",-0.133863704022277,0.801433674931566,-1.73136132662789,-0.667774153385153,-0.128847926598783,0.408484712440983,1.4234258417708,1.00007419855375,40000,1,0.5629
"year[59,9]",-0.0875487867933012,0.830781990666263,-1.72435235808801,-0.641934678859393,-0.0933072007512223,0.471061573872029,1.53759652504666,1.00022565899027,9989,1,0.5439
"year[60,9]",-0.131520304559571,0.665658818812334,-1.40849524343296,-0.587168221599891,-0.140500072976847,0.317736387110251,1.1882208449669,1.00015215845657,17673,1,0.582275
"year[61,9]",-0.247695354428715,0.819273465395173,-1.8604903059612,-0.798599248828025,-0.240983517868463,0.30263864451888,1.35303468519863,1.00001749010067,40000,1,0.617525
"year[62,9]",-0.0682526895299306,0.795144327369202,-1.63084787315214,-0.598407692124746,-0.0665573828411462,0.460588880838285,1.49358784065815,1.00061163266044,3955,1,0.533475
"year[63,9]",-0.103174922584835,0.821679365731907,-1.72092867001976,-0.654134418530035,-0.0977639958403519,0.452547516082032,1.51856242266457,1.00011509836152,16194,1,0.548125
"year[64,9]",0.271684751870538,0.84201543098112,-1.38171034558295,-0.295438231735327,0.269909443335264,0.838574765225377,1.92887656698975,1.00079580596847,3512,1,0.625225
"year[65,9]",-0.0112001397122494,0.540475169497798,-1.0580479011513,-0.377779830492966,-0.0148294289951136,0.352125841210948,1.05743051323971,0.999996281567976,40000,1,0.511075
"year[66,9]",-0.218172952455552,0.772871030704921,-1.72878388097781,-0.736852100156757,-0.216222678008716,0.299864080496334,1.29945327935474,0.999965629565201,40000,1,0.60945
"year[67,9]",0.417796836778066,0.820148243266508,-1.18995264357914,-0.135728476231586,0.415550950748501,0.968562401702354,2.03377459009383,1.0002249550558,13475,1,0.6946
"year[68,9]",-0.00156210267663053,0.546168546300249,-1.07615345188241,-0.365609525357211,0.00377854498875296,0.365795251365628,1.06209144447198,1.00001665536242,40000,1,0.497075
"year[69,9]",-0.0724353945638447,0.817888748910645,-1.69905929673341,-0.620631050911242,-0.0633784910107917,0.480576764206789,1.5229644874423,1.00022698411559,10607,1,0.532575
"year[70,9]",-0.0306278099240288,0.699515600899218,-1.39037699317161,-0.498921942646873,-0.0372941577347821,0.43317039402869,1.363916775023,1.00037902612499,6009,1,0.5211
"year[71,9]",0.00177234200614011,0.767188901261678,-1.48162608757134,-0.518471208218321,-0.00540832733368275,0.513369004689432,1.51887989179661,1.00020667514584,12522,1,0.49695
"year[72,9]",-0.113597978708067,0.823363582720791,-1.75455852501255,-0.661202397845792,-0.106969424448352,0.441417751143936,1.46694268673307,1.00012186596758,17876,1,0.551775
"year[73,9]",-0.126613278649677,0.813377855450056,-1.76040894769746,-0.670671955814326,-0.117191412236254,0.428526852317823,1.44183077886112,1.00004214432219,37395,1,0.557775
"year[74,9]",-0.224804395762083,0.825173201743917,-1.84974161901328,-0.771786927673223,-0.219792798322548,0.326548647840469,1.39048512386273,1.00018709704485,11626,1,0.605775
"year[75,9]",-0.0324956065993137,0.776633275750675,-1.56466987660624,-0.554130236691986,-0.0335030647930648,0.493004347509129,1.48838163901357,1.00004934390117,40000,1,0.517025
"year[76,9]",-0.395421861686835,0.627811249804631,-1.62835867123931,-0.816771954163202,-0.391439054262052,0.0318570796174296,0.817979608002286,1.0000465202094,30751,1,0.733025
"year[77,9]",-0.0475350122546667,0.817099012187904,-1.64399857068344,-0.596294307897698,-0.049367601710341,0.506070866065494,1.54488934215564,1.00011656045801,30024,1,0.522475
"year[78,9]",-0.0687341495463802,0.828148664835912,-1.70840654966538,-0.621373123981128,-0.0675322358902788,0.487779066756729,1.55090978039074,1.00072802891969,3358,1,0.5336
"year[79,9]",-0.272151756044001,0.807163332565907,-1.86464471757766,-0.809971279022978,-0.267373062927103,0.27318245780424,1.29880685011601,1.00043820105444,5765,1,0.631675
"year[80,9]",-0.073763478218931,0.791381949919233,-1.6293821644167,-0.594077398954333,-0.071318070819377,0.457819576431911,1.46443171089675,1.00008502558068,26488,1,0.5362
"year[81,9]",-0.189543110577387,0.695763503469268,-1.5627368627649,-0.651478800647919,-0.183746595888637,0.27594701167494,1.17782965960811,1.00020718590609,14149,1,0.60695
"year[82,9]",-0.418376245305732,0.645706736186301,-1.68794415230514,-0.851659453206274,-0.414335005948869,0.0176256984466928,0.840708664654174,1.00017407722311,11533,1,0.741675
"year[83,9]",-0.259223965026676,0.813040346508466,-1.86780138457299,-0.803798809242626,-0.250484618552473,0.286986002988941,1.32961312725461,1.00047628080085,4989,1,0.6254
"year[84,9]",-0.0919621223428883,0.828988429440074,-1.73985180103519,-0.649605842802873,-0.088252255236201,0.469906697549472,1.53319311070275,1.00003634330729,40000,1,0.541975
"year[85,9]",-0.212282511273455,0.812478058831218,-1.83768687531624,-0.754621714063103,-0.203996014930019,0.338750467506662,1.35674873196031,1.00023996240149,8800,1,0.59915
"year[86,9]",-0.916101572715364,0.485116222322318,-1.87064926472166,-1.24331131852153,-0.916604471245757,-0.588682423332563,0.0417327469874292,1.00000055707431,40000,1,0.969375
"year[87,9]",-0.372809141125448,0.782618808834255,-1.9236779681025,-0.89400473951645,-0.368794751763591,0.164734945227979,1.14300362339499,1.00022101748409,10954,1,0.678975
"year[88,9]",-0.502249204752637,0.743539890845465,-1.98254450576987,-0.993472079523906,-0.498403856641805,-9.50303733368157e-05,0.940718003070244,1.00000527177082,40000,1,0.75
"year[89,9]",0.246677439684713,0.778044701819801,-1.28750033985224,-0.279311667959312,0.245040975578175,0.778600547072707,1.76310207705487,1.00059917119906,3982,1,0.6255
"year[90,9]",-0.241582379513085,0.822340580186903,-1.88869234728499,-0.784663735602255,-0.233331171313967,0.312580135697749,1.33281373980584,1.00008948294459,40000,1,0.613
"year[91,9]",-0.117805064086037,0.670585049913317,-1.37105576916117,-0.57573412906735,-0.142060505975064,0.316144647164771,1.2732297671722,1.00006515445628,28810,1,0.585525
"year[92,9]",-0.0631187710515531,0.806895857215848,-1.66983011681332,-0.607988806938708,-0.0585769616879366,0.481015952804019,1.51986357349088,1.0001343789266,20122,1,0.529325
"year[93,9]",-0.391425643142139,0.782147748048603,-1.92909326381336,-0.917291422430575,-0.389691974598373,0.137952611497023,1.14243733567432,1.00017581685926,12294,1,0.69085
"year[94,9]",-0.120877354960396,0.776319963662788,-1.66826321020216,-0.64039116371663,-0.112917825790527,0.403814386099913,1.38531740893665,1.00009757755674,19569,1,0.55975
"year[95,9]",-0.0264521401527371,0.762344630685697,-1.54088500293902,-0.535584566671409,-0.0265228549197895,0.484466759721026,1.47281985638963,1.00019106132519,11077,1,0.513475
"year[96,9]",-0.225433953700856,0.800057063136802,-1.82279026099726,-0.759232587668442,-0.214944315782271,0.312298732934253,1.32800056246782,1.0000642614625,30656,1,0.607
"year[97,9]",-0.0754340664874318,0.818477505605291,-1.70250864199095,-0.618781634537837,-0.0753037724166052,0.47273888509755,1.52941858777043,1.00005565901548,40000,1,0.536875
"year[98,9]",-0.158836395001253,0.829261218401354,-1.79956685693936,-0.712038362640162,-0.151149164466003,0.402675669854397,1.4403117190506,1.00049125185142,4755,1,0.57155
"year[99,9]",-0.597252920060872,0.711190538151517,-2.0278341688613,-1.06582133722754,-0.581914426254794,-0.118505584358628,0.763578874847768,1.00007110243933,33240,1,0.8022
"year[100,9]",-0.0249706189287691,0.813850097581408,-1.64753789767636,-0.5654460334321,-0.0170333383888399,0.517702926619696,1.56381271447165,1.00018552142031,12281,1,0.509275
"year[101,9]",-0.160452807105517,0.804198555921285,-1.76824880309299,-0.695759653069673,-0.149735859619846,0.381557623400913,1.39446610003473,1.0004514923515,6472,1,0.57425
"year[102,9]",-0.0518430501918873,0.83747196160039,-1.69882723145152,-0.610391211380241,-0.0472719405934013,0.515064588404458,1.58759076234354,1.0003038099822,8794,1,0.523925
"year[103,9]",0.107167462817974,0.821498906642709,-1.48062286508549,-0.445602846202898,0.103040088920929,0.651233890149489,1.74478443292224,1.00034227204588,6540,1,0.5492
"year[104,9]",-0.127081772253444,0.789172061482072,-1.68066663123564,-0.653827133270664,-0.121700928085188,0.403169060116954,1.41233642094959,1.00003427228782,31858,1,0.5624
"year[105,9]",-0.350995450155194,0.656200501090262,-1.62582984975381,-0.792636711176656,-0.351015770369134,0.0918530352761873,0.944790840547912,1.00039605044237,6020,1,0.7044
"year[106,9]",-0.0635750326756035,0.758790432916789,-1.56120681119841,-0.572417743361513,-0.0603946982794779,0.444316032026504,1.41968516251555,1.00018511749546,21397,1,0.5322
"year[107,9]",-0.653016054006655,0.701004952374918,-2.01541456248237,-1.12641363866484,-0.657093967308907,-0.187030795965481,0.732700752397736,1.00021807446706,12300,1,0.8249
"year[108,9]",-0.113223897647294,0.813706680693764,-1.72036166620385,-0.653085816194535,-0.107876667934928,0.431539313453188,1.48728708558257,1.00051309632502,4514,1,0.5511
"year[109,9]",-0.175166015294176,0.668744322034073,-1.49795950632619,-0.624988119584184,-0.175207962853797,0.274402859697121,1.13089665809482,1.00005374738139,27193,1,0.605375
"year[110,9]",0.0230457465477927,0.706581805038345,-1.37159399420582,-0.451924335795513,0.0249261983930351,0.499078758280765,1.4057814028983,1.00015934418095,20184,1,0.515
"year[111,9]",-0.182358358346545,0.827495826385361,-1.82336471326881,-0.730558484359215,-0.180104964952467,0.379595644676898,1.42250050354566,1.00044236929788,5442,1,0.586425
"year[112,9]",-0.158490724436853,0.710592978278076,-1.56043461550886,-0.63799750875511,-0.154582932484096,0.324820456707093,1.22803463544646,1.00005543339093,25193,1,0.587175
"year[113,9]",0.117512799290555,0.682921712824396,-1.22034848876559,-0.340316082050341,0.116390642129565,0.577805207915092,1.45643377645975,1.00009886661229,18796,1,0.5699
"year[114,9]",-0.00965878724658855,0.796444502594398,-1.58068328526338,-0.550316677306947,-0.00582810192782163,0.529552324381669,1.54271695145494,1.00017862356534,12700,1,0.502925
"year[115,9]",-0.133850405326391,0.820249552524094,-1.76111960542116,-0.684270203877954,-0.128760485572174,0.422367600022119,1.45255841426419,1.00078692515198,3242,1,0.5627
"year[116,9]",-0.163558306672701,0.825523266537958,-1.79842104989203,-0.715679190881522,-0.160218737889386,0.393412838051923,1.45610638683244,1.00073382327813,3447,1,0.578575
"year[117,9]",0.147810679707654,0.820398683017704,-1.47248445703426,-0.398822836122036,0.15097815937328,0.69707133914249,1.74962262658387,1.00100079438493,2389,1,0.5718
"year[118,9]",-0.0114265080591145,0.75743565880234,-1.50661524275069,-0.514631820275062,-0.0101942846284159,0.49954168030535,1.45539036834849,1.00055051329883,4561,1,0.5051
"year[119,9]",-0.134270529375891,0.820551830049432,-1.76451903643808,-0.682078868388612,-0.127394410364349,0.41797354249353,1.45786809193259,1.00022915558098,13913,1,0.562875
"year[120,9]",-0.965248221117006,0.528557325076081,-1.99182459460533,-1.3200683993614,-0.970391384898907,-0.612669317807812,0.0871739101312961,1.00005038976667,34787,1,0.9641
"year[121,9]",-0.109569333234203,0.833200968455856,-1.76160259840954,-0.663836192189006,-0.108707376535127,0.448527842528078,1.51863657132729,1.00051716399153,5190,1,0.552475
"year[122,9]",0.231880578557399,0.822892354474004,-1.36795632931552,-0.320592411230491,0.234187295172085,0.78592464738704,1.84687283685053,1.00073842105644,3211,1,0.611175
"year[123,9]",-0.0325711488801363,0.823955655496331,-1.65271593636671,-0.586125694642488,-0.0296884947076551,0.519679628506704,1.59459466786194,1.0001046883049,18664,1,0.515025
"year[124,9]",-0.706667388418533,0.772607230094398,-2.1999825811587,-1.23505850463774,-0.713332919457282,-0.192577343261082,0.836922988938367,1.00033361120634,7385,1,0.823
"year[125,9]",0.327620024241206,0.816072077292385,-1.28280361544853,-0.220350296186881,0.332556971221559,0.878788520652748,1.9286313932548,1.00134194127716,1983,1,0.656025
"year[126,9]",-0.0531778464477321,0.831588645928069,-1.7060385272509,-0.606072486445473,-0.048430694739749,0.503660495525302,1.56365949674255,1.00038585262085,9749,1,0.524275
"year[127,9]",-0.0927056145881412,0.77132231577357,-1.60058346217164,-0.611177452260584,-0.089929512018653,0.42629217261298,1.41686895048943,1.00043750727898,5969,1,0.546525
"year[128,9]",-0.0642383980273111,0.82081298183527,-1.67271437494484,-0.615272146941347,-0.0632637979244264,0.493587913394009,1.54537116435708,1.000140514763,17200,1,0.52835
"year[129,9]",-0.0954683934126671,0.833890370228176,-1.76336607644989,-0.650916812614644,-0.0892202928623919,0.462430170138068,1.52800098655879,1.00011943479803,26558,1,0.542925
"year[130,9]",-0.100922122641232,0.820847450695298,-1.71109776220975,-0.648787037181212,-0.0994266100045682,0.456108846550787,1.50437527579421,1.00039001796712,6471,1,0.548325
"year[131,9]",0.191557495322138,0.814214687598451,-1.407475835346,-0.359812348239009,0.190413359914527,0.740705317494635,1.78795031574793,1.00024401927802,9969,1,0.592625
"year[132,9]",-0.0967952860004497,0.785391549431439,-1.6580940884796,-0.62018167791084,-0.0916655542050105,0.434055215342658,1.44225448793164,1.00008602175353,29946,1,0.5474
"year[133,9]",0.047872441534499,0.75336554873807,-1.42638418768356,-0.460173492040849,0.0460356474281892,0.557049640299597,1.53468994049016,1.00017074121828,13920,1,0.524975
"year[134,9]",0.174623395410235,0.643105359425921,-1.07210296619228,-0.264733724801754,0.172306378473693,0.60915290660179,1.4425156722242,1.00003524128352,37251,1,0.60485
"year[135,9]",-0.0497679236474639,0.822861519213765,-1.67730579670297,-0.602616541409272,-0.0466991089653422,0.503696083720139,1.56194923293847,1.00021514781303,10564,1,0.521625
"year[136,9]",-0.30748821136314,0.677200460220678,-1.64807461860312,-0.758405180936555,-0.304563877095514,0.150313185807659,1.01675569741031,1.00009859489657,17133,1,0.675
"year[137,9]",-0.116311037960179,0.830787342592355,-1.75740256912555,-0.676585132314386,-0.103814886563996,0.44227952978153,1.49333737194167,1.00020765357555,10302,1,0.550575
"year[138,9]",-0.739623114553411,0.760924823842863,-2.25066298272049,-1.24505686811798,-0.733616834216052,-0.22555496569557,0.733064023466239,1.00010755160028,40000,1,0.83545
"year[139,9]",-0.116633769755009,0.822721466012301,-1.74481904668707,-0.667387960147325,-0.110157473701136,0.443903797634745,1.46437428601898,1.000365467934,6125,1,0.5536
"year[1,10]",-0.0152908915818859,0.494118539391664,-0.986087584199417,-0.347686656388981,-0.0137088798822919,0.31650253830801,0.953941587172184,1.00011705154401,18624,1,0.51125
"year[2,10]",-0.594922759871825,0.835795067954808,-2.22808044416607,-1.159032441922,-0.592183427773961,-0.032470260333305,1.0455420161064,1.00015756425749,13769,1,0.7621
"year[3,10]",1.08099070252655,0.892205813591814,-0.712229045007025,0.487294351685537,1.090816134044,1.69441095567332,2.7812139693061,1.00058742911101,5434,1,0.885025
"year[4,10]",0.00608315205374466,0.747842522407877,-1.47775337008993,-0.491449838455665,0.0117913107917473,0.514817153066945,1.46925049869577,1.00020634461516,13329,1,0.506725
"year[5,10]",0.459323997158867,0.533840034209057,-0.595369312456728,0.101894058631755,0.458039198590357,0.817434969165236,1.50357116669277,1.00008985783698,19998,1,0.806475
"year[6,10]",-0.467831729328851,0.675309163442547,-1.79907032349137,-0.923555709518478,-0.464202927868278,-0.0118149248700921,0.861231569693893,1.00030461267832,10491,1,0.755825
"year[7,10]",-0.110101850789556,0.821701101628194,-1.73585897394036,-0.660572067528796,-0.104291257520305,0.448007043308981,1.47852738155519,1.00050548305898,5448,1,0.5516
"year[8,10]",-0.0317102576016503,0.794691844386356,-1.59193403949788,-0.566877969924152,-0.0237660205979946,0.501564308248846,1.52181526293888,1.00034021755628,7805,1,0.51285
"year[9,10]",-0.123260687649082,0.818890205537801,-1.741952413755,-0.673623256314581,-0.111706722911904,0.430880632490768,1.46288975284021,1.00016205227019,19128,1,0.55615
"year[10,10]",-0.333277183814352,0.825937705174435,-1.97827977336282,-0.881966136907085,-0.324222527082391,0.229981276271518,1.26122830296027,1.00015766523641,12179,1,0.651675
"year[11,10]",-0.0772035791495872,0.724904898011176,-1.52327994018248,-0.559225614874387,-0.0673630117039697,0.414403951504668,1.31174883828398,1.00005216126624,40000,1,0.537525
"year[12,10]",-0.0775989826272186,0.829097164196984,-1.71404807959175,-0.629966471176772,-0.0765362922045466,0.476675881393242,1.54471779524017,1.00014493870737,17847,1,0.5371
"year[13,10]",-0.0127486997045262,0.826277923511232,-1.62251938625244,-0.566910940091566,-0.0202182599614129,0.539717933882287,1.62381786366799,1.00061462580997,3891,1,0.509575
"year[14,10]",-0.19483055896213,0.749968800949777,-1.69666549006246,-0.695109628807225,-0.185490854165424,0.309462156052555,1.25674623900372,1.00026233998768,8134,1,0.5983
"year[15,10]",-0.240815725399091,0.801388306752991,-1.83173201251707,-0.776011299880832,-0.23314591479952,0.306394254467973,1.31323247835948,1.00017769608256,14812,1,0.615875
"year[16,10]",-0.071043432691966,0.82126128663502,-1.69670997320254,-0.620976944646751,-0.068970020510419,0.483688467687507,1.5378682862431,1.00024349065824,9557,1,0.5328
"year[17,10]",-0.224949976860806,0.738591090846101,-1.63115458336076,-0.732753617356846,-0.242956774132084,0.265977448326352,1.26491149894732,1.00048492092529,5172,1,0.626175
"year[18,10]",-0.0719532923761868,0.825077826946944,-1.71929427165951,-0.625407046750361,-0.0704742565363588,0.480709927641474,1.54166073193913,1.00008799318796,40000,1,0.533275
"year[19,10]",0.0195888066586736,0.792336301818283,-1.53657762825207,-0.514447613182536,0.0211163393139655,0.553087771317525,1.57021572972493,1.00027501738819,9501,1,0.511025
"year[20,10]",-0.0400341961128388,0.836673324175498,-1.69148498742592,-0.598277535331667,-0.0305640400212301,0.517854046876211,1.59970834431193,1.00029160738345,8913,1,0.514875
"year[21,10]",-0.0783758194822813,0.826231111567305,-1.71419903662003,-0.633417193764606,-0.07154727698095,0.477192466934356,1.53006784214663,1.00015330169699,15002,1,0.5352
"year[22,10]",-0.180712196696406,0.83547656151039,-1.8406780967771,-0.739401342612348,-0.170124028144342,0.381476031179957,1.43194903833511,1.00049529954348,4942,1,0.581875
"year[23,10]",0.0280533095045538,0.836633639525236,-1.61563123179047,-0.528685295366996,0.0307549739616601,0.58748308525971,1.66675896469682,1.00008414011554,21854,1,0.514625
"year[24,10]",-0.885311286767873,0.715563492638863,-2.33108599087421,-1.35792117160782,-0.871631931793946,-0.392618572151474,0.486116438273587,1.00009115673212,18681,1,0.8956
"year[25,10]",-0.518915038899224,0.726414427390042,-1.96619942008873,-1.00261140621075,-0.511568312478561,-0.020463175864088,0.876183215199493,1.00007287182043,23524,1,0.75975
"year[26,10]",-0.70142786361584,0.770510615576759,-2.1810152786344,-1.22586032737394,-0.715876156633702,-0.187603347990642,0.842821777561296,1.0001855307525,16601,1,0.819375
"year[27,10]",-0.190492799377789,0.819413573662106,-1.82938667967552,-0.734242954488584,-0.182556536897715,0.366944059597255,1.38888217839452,1.00010377661203,40000,1,0.588275
"year[28,10]",-0.103578332369309,0.832313662698229,-1.76056058569481,-0.659691264415678,-0.0934842406706791,0.46363992715935,1.50562906789338,1.0005895174568,4248,1,0.5464
"year[29,10]",-0.0640208771743892,0.800565370004131,-1.64081255596703,-0.605074541807252,-0.0585791281495582,0.476589292706817,1.48651913529118,1.00008860135114,19781,1,0.529175
"year[30,10]",-0.061944766111241,0.830490849000925,-1.7066691964189,-0.612942476554548,-0.0593001446026971,0.498295447685063,1.55763976796127,1.00049832298883,5408,1,0.529075
"year[31,10]",0.029614158419819,0.585678005423162,-1.12639997516187,-0.365794057397614,0.0324987252202185,0.429897391436392,1.1621847398357,1.0000402950218,40000,1,0.521325
"year[32,10]",-0.187261653841606,0.83996364818024,-1.85874242762872,-0.74230989591954,-0.18779780846034,0.38129538416071,1.43724588520913,1.0005135045404,4503,1,0.588325
"year[33,10]",0.0721587620208652,0.714089329400591,-1.34890240399382,-0.40510281367883,0.0725336648328865,0.558744281135369,1.46496724915033,1.00014830991876,19072,1,0.540125
"year[34,10]",-0.339491675752446,0.798768877440949,-1.91127695071458,-0.87429363042801,-0.334896637580166,0.197271728399054,1.21424741325766,1.0002048786431,10538,1,0.664075
"year[35,10]",-0.0940375119247425,0.825629358597515,-1.72168999913282,-0.648707938057983,-0.0867003798739671,0.465895789278194,1.50417578526381,1.00057363861571,4486,1,0.542325
"year[36,10]",0.424181149003966,0.652913060407304,-0.851273698176184,-0.0172379009723012,0.42708001202728,0.866545958385933,1.70034457611215,1.00010347628993,16501,1,0.740975
"year[37,10]",-0.186008026678807,0.804736648505226,-1.77949774528132,-0.724392217043402,-0.177799932394471,0.356699826408119,1.37464056633136,1.0003405336004,7735,1,0.58685
"year[38,10]",-0.105957710749532,0.789280141026216,-1.67414400659741,-0.630938416080513,-0.0989500737006176,0.432524818025901,1.42396602092216,1.00002236734167,40000,1,0.55075
"year[39,10]",0.0921297894364752,0.759407439152937,-1.40462699337337,-0.413212485798092,0.0971255513989686,0.598691185283797,1.58078125273349,1.00016542445244,14564,1,0.5529
"year[40,10]",-0.145527565360933,0.801990997357388,-1.74802021118034,-0.67642508862019,-0.13602699341613,0.393613603116737,1.3993791366054,1.00019631793691,11333,1,0.56825
"year[41,10]",-0.123215978756142,0.826701448892932,-1.74410548012242,-0.681927662172608,-0.115669845217615,0.430454126283763,1.50210522392259,1.00067553919251,5061,1,0.5571
"year[42,10]",-0.0899256463460744,0.748004740995364,-1.54885985615882,-0.592478561562005,-0.0937298447195569,0.414530661196792,1.37283927584239,1.00017076844507,15128,1,0.54885
"year[43,10]",-0.901844884762475,0.68634476053108,-2.27627275849669,-1.35897150690294,-0.890737213211226,-0.433791169046038,0.420390729266587,1.00021522063911,10178,1,0.909275
"year[44,10]",-0.00193554772253576,0.690659750743095,-1.37584261318111,-0.461857116708651,0.0022255307131499,0.459435379474311,1.34517472368552,1.00009140468891,22378,1,0.4987
"year[45,10]",-0.151673575234001,0.670157990064632,-1.45909149286006,-0.603667968609575,-0.15658640411978,0.295905596654916,1.17587383357411,1.00021166547681,10596,1,0.5916
"year[46,10]",0.199334007607183,0.845005740904144,-1.45882767123662,-0.372377798004172,0.201583791665563,0.767473303555858,1.8667233634901,1.00058672003713,4327,1,0.59525
"year[47,10]",-0.292605039128551,0.721449153547619,-1.71005063362381,-0.777308830282437,-0.291522945546555,0.192583036642517,1.11793558505799,1.0001452785003,18028,1,0.6575
"year[48,10]",0.555862274118257,0.548715553383149,-0.539499005090572,0.186080883765934,0.558465550635997,0.928917514656622,1.62108455510823,0.999962824614108,40000,1,0.84635
"year[49,10]",0.0523057558007999,0.853325077938333,-1.63155059213634,-0.523649691893588,0.0512761610487717,0.62886571270034,1.72662206350458,1.00008881405289,22622,1,0.52555
"year[50,10]",-0.115930894039594,0.603923664478124,-1.29403992951599,-0.525604032187088,-0.115892214995193,0.291195399681753,1.07011197459355,1.00004317830946,33656,1,0.576775
"year[51,10]",0.395195462950927,0.606524087198812,-0.801939576892289,-0.0166283155593231,0.400846550526442,0.807561375206081,1.57628888821639,1.0000996332449,22264,1,0.74135
"year[52,10]",0.117207578408785,0.818712114046208,-1.47295416925361,-0.438016634733629,0.11632202344948,0.670767636039123,1.72903925633651,1.00000938289255,40000,1,0.5559
"year[53,10]",-0.159029336657547,0.72566738622439,-1.60380772819412,-0.640498637126229,-0.155214189631033,0.327261910386598,1.2516857905222,1.0000945859138,20244,1,0.583925
"year[54,10]",0.679357755819012,0.6051423832402,-0.536112175178623,0.2748871364692,0.691689848946155,1.089089104181,1.83616092437454,1.00014656986309,16535,1,0.8702
"year[55,10]",0.501644008976201,0.764832584702632,-1.02385691660098,-0.0111652497109725,0.519306591994953,1.03264628306138,1.94556196599204,1.00006901584023,39937,1,0.745175
"year[56,10]",-0.240265186096247,0.819207465026055,-1.88836689477654,-0.781250481929206,-0.231467117666224,0.314107049903528,1.33816846183821,1.00048284639335,5133,1,0.612025
"year[57,10]",-0.174792428172742,0.808576148268683,-1.76824588524547,-0.716085843054107,-0.167824947421993,0.367666722574736,1.39924042391422,1.00006460035466,36832,1,0.58335
"year[58,10]",0.00480230057442576,0.806573356308855,-1.60058473938428,-0.533731695028551,0.00707434247466265,0.554802519231945,1.56724566344135,1.00020121638296,11780,1,0.50295
"year[59,10]",-0.0764300183421692,0.822976671768827,-1.68928977972853,-0.631808215699768,-0.0729227418141754,0.473642868287305,1.54375626130642,1.00009043952939,34191,1,0.5371
"year[60,10]",0.558072348305035,0.644829923838803,-0.70808393297026,0.120282599796212,0.557480183355066,0.990714540173165,1.81725724512281,1.0001190641529,18509,1,0.806625
"year[61,10]",-0.061587394842144,0.808244037727955,-1.66430950223234,-0.599057765770705,-0.0597330594078112,0.486566248919551,1.49977448064966,1.00024033598058,14698,1,0.529125
"year[62,10]",-0.266445846550054,0.839173416324217,-1.92696600575566,-0.829805853910764,-0.256082387232619,0.298384535605868,1.36361569887581,1.00194715928226,1304,1,0.62235
"year[63,10]",-0.0906423499591447,0.822309195720476,-1.72376176837322,-0.643213480533388,-0.0815700696701107,0.467524174778934,1.50727922764173,1.0003457895271,7534,1,0.538575
"year[64,10]",-0.0975951114447779,0.826632245329678,-1.71742781986144,-0.651484063829497,-0.0977247666679511,0.461079490329726,1.50963247286042,1.00009941504186,40000,1,0.54735
"year[65,10]",0.233884099349283,0.487184542620258,-0.714458069442269,-0.0942813914713966,0.229376340818778,0.556996187147651,1.20101986009651,1.00001152781948,40000,1,0.6829
"year[66,10]",-0.302812288941091,0.803352554820931,-1.88621610065918,-0.83967525647753,-0.300811164691838,0.240010675035984,1.27079892715525,1.00004799786704,35571,1,0.646
"year[67,10]",-0.0437381237311095,0.82895087473188,-1.69188385277943,-0.599669272452051,-0.0392822893863016,0.519721744045364,1.56166443797702,1.00024273271606,9165,1,0.519175
"year[68,10]",0.938460432983817,0.518910101811298,-0.0702864969717375,0.585791963804222,0.93616261689655,1.28765830940741,1.95855592505964,1.00002025866051,40000,1,0.96565
"year[69,10]",-0.056993046006249,0.81778486957251,-1.67521288198301,-0.604134026572894,-0.0512128535597719,0.496415219242883,1.53265194909414,1.00025963609701,9513,1,0.524125
"year[70,10]",0.151123833365186,0.682927471867851,-1.17950499430109,-0.311139961826088,0.149327414925006,0.609226076286218,1.50188983612086,1.00005533551421,23989,1,0.5877
"year[71,10]",0.703648107219363,0.823549376214678,-0.891526587364779,0.140103002226182,0.706738896153263,1.26663461237062,2.31291924198024,1.00068340086245,3669,1,0.801475
"year[72,10]",-0.108634583844503,0.814184380177709,-1.71643116049324,-0.650890696381895,-0.106291427935597,0.44283707507921,1.47681494750926,1.00011145164936,18247,1,0.554225
"year[73,10]",0.217749184463806,0.804766474557137,-1.37819862494284,-0.318495873330313,0.225440986991363,0.763461167449166,1.77098882911404,1.00006332660716,40000,1,0.609825
"year[74,10]",-0.149159145034471,0.82530919492348,-1.78807057974312,-0.702426833993363,-0.142288504519672,0.411143111467848,1.44554024159955,1.00048815909451,5331,1,0.5693
"year[75,10]",-0.0899175242013744,0.7901881321407,-1.65457107553305,-0.618280431713397,-0.0819627652217038,0.444850964124955,1.44083158299219,1.0003086097536,9697,1,0.5413
"year[76,10]",-0.62212507197262,0.657061008074612,-1.92536145605058,-1.06029444540458,-0.616574169210918,-0.174930555502983,0.648519138144429,1.00008833150623,21044,1,0.826475
"year[77,10]",0.0498512758332572,0.820184498671473,-1.56043877416535,-0.504896261167688,0.0509907893403051,0.605735504645343,1.64755573233556,1.00003560196444,39512,1,0.5243
"year[78,10]",-0.052773001936965,0.830311681578012,-1.69299377449339,-0.614188367773382,-0.0477197170740406,0.508927674767689,1.56696852079419,1.00012944974177,15260,1,0.5235
"year[79,10]",-0.201873185005442,0.807667346483536,-1.8029683331488,-0.741409000650718,-0.191567791751545,0.345993741753945,1.3605148407093,1.00049388623513,5077,1,0.597275
"year[80,10]",-0.239981008150926,0.836363839645351,-1.89233689370004,-0.800851690074194,-0.242300714682544,0.320672075035288,1.40092293960152,1.00021423056462,40000,1,0.614925
"year[81,10]",-0.102427486722653,0.699479526295504,-1.50412625535999,-0.570298681515089,-0.0943469717071232,0.373045196518405,1.23816317584871,1.00044330834345,5084,1,0.552
"year[82,10]",-0.2796483930838,0.645145869381097,-1.53047414333416,-0.718662357349205,-0.278610741325534,0.153729312301933,0.991832994267994,1.00009406976909,40000,1,0.667975
"year[83,10]",-0.118848118796513,0.80659761586424,-1.72898914761548,-0.657159595101541,-0.112103642253324,0.428527079778248,1.4501762267409,1.00045521370785,5850,1,0.5556
"year[84,10]",-0.0475131590617265,0.838947622222441,-1.71567273372185,-0.605882708846937,-0.0421438393700837,0.517884187149135,1.58626275732885,1.00007266372469,34006,1,0.519025
"year[85,10]",-0.167825342780567,0.810572057695836,-1.78756133535977,-0.706283741541109,-0.159839984711817,0.379557069481704,1.40751387547306,1.00020540683633,10382,1,0.5767
"year[86,10]",0.573434890128384,0.507860294636592,-0.398161929750521,0.226085016225507,0.563526347101383,0.910817435400421,1.59687048689822,0.999980050135502,40000,1,0.87355
"year[87,10]",-0.0813891294853921,0.793262063456898,-1.63729240262611,-0.619438458204217,-0.0743677995310301,0.454735376372545,1.45153557212898,1.00008723714394,28393,1,0.537725
"year[88,10]",-0.623171056775233,0.790199266918052,-2.17478415513774,-1.15402659751875,-0.616919948990955,-0.0900899817790898,0.917959283594547,1.00027988366303,8366,1,0.78465
"year[89,10]",-0.423459340466825,0.815559864558907,-2.04067845667307,-0.965312434044198,-0.416055909916957,0.126683285443105,1.16064545741696,1.00029686797272,8996,1,0.69695
"year[90,10]",-0.176118831953687,0.824126480470797,-1.81448419276415,-0.727416780861328,-0.167502429898075,0.38041964255893,1.42113497000694,1.00014952219372,26793,1,0.582325
"year[91,10]",0.483621448152681,0.628263612927443,-0.74894759288603,0.0618830061351931,0.4841585130942,0.905481361880075,1.72424082917292,1.00031500148356,9804,1,0.77985
"year[92,10]",0.00246822400705132,0.811794631358237,-1.60255256523113,-0.539314119102478,0.00737822756833967,0.549109751464514,1.58991326109889,1.00023278776541,9338,1,0.503675
"year[93,10]",-0.167404983763953,0.755684282841172,-1.67012720656252,-0.674666617046519,-0.161821608808175,0.341895152639466,1.30081635129895,1.00029433609992,10169,1,0.5861
"year[94,10]",-0.0158619832346256,0.780288000168316,-1.57103588548063,-0.533016204272778,-0.0128386315347376,0.507523024660417,1.50328620393726,0.999997278116553,40000,1,0.507175
"year[95,10]",-0.18942606687904,0.799801310762956,-1.7542073482737,-0.729259849151798,-0.188636376305477,0.355541450797857,1.35675924853655,1.00055161288114,4568,1,0.592275
"year[96,10]",-0.147301617795249,0.799605282618125,-1.73078020412337,-0.679183115997582,-0.141916439311236,0.395072869872849,1.39382784635627,1.00016426332757,14300,1,0.5708
"year[97,10]",-0.0704580203485063,0.826993952344507,-1.70122269707605,-0.623715178400777,-0.0637159838736264,0.488443900305635,1.53538685521186,1.00037171444399,6340,1,0.53135
"year[98,10]",-0.121303994800332,0.820661384687549,-1.73775985026894,-0.673904065441629,-0.124427759277512,0.436056376107579,1.47436552156621,1.000243561536,9325,1,0.55895
"year[99,10]",-0.466390619708275,0.725811016984178,-1.94241614572899,-0.940184440003849,-0.453525543684069,0.0313803888786828,0.909485371175042,1.00026405427297,16455,1,0.7358
"year[100,10]",0.0101906597218627,0.809196664761304,-1.58241403717699,-0.531052436348476,0.0163065989096149,0.554211873723924,1.59458699921838,1.00016185212769,13685,1,0.507575
"year[101,10]",-0.122952992100424,0.816491886454366,-1.74067737101178,-0.667876228428977,-0.110589758514361,0.424757259948442,1.46115546752809,1.00080708862339,3158,1,0.5552
"year[102,10]",-0.0457743875099928,0.829020724782639,-1.6935886485353,-0.604142285225292,-0.0367146377119899,0.514690020196308,1.56769303292462,1.00068433791747,3670,1,0.518425
"year[103,10]",0.487305378486579,0.838767476406016,-1.14642980202265,-0.0865721863515827,0.482720470801992,1.05541740907366,2.14228836184801,1.00099597847292,2617,1,0.716125
"year[104,10]",-0.0282732944885875,0.79866668569562,-1.62126857766977,-0.56302737998614,-0.0200686508266869,0.512295093631018,1.51503669751288,1.00012246536545,40000,1,0.510475
"year[105,10]",0.473417800378764,0.628703206387883,-0.759790343016574,0.0509664823305483,0.474298372351503,0.898708562505903,1.69686023027342,1.00003502898381,36964,1,0.773475
"year[106,10]",0.0386287627017204,0.762060734659172,-1.47817627821695,-0.475083060663174,0.0528403607867428,0.561427922491407,1.5207049163235,1.00012474776097,20782,1,0.526225
"year[107,10]",-0.498230361964583,0.750357687851259,-1.98190175839842,-1.00274043177348,-0.494575079510566,0.0113460197618344,0.962864360763273,1.0000508852489,35185,1,0.7449
"year[108,10]",-0.0877711355505064,0.83125136620022,-1.74610310639677,-0.639044432782208,-0.0834742779961263,0.47265023796691,1.53201050434448,1.00027419126351,8750,1,0.539275
"year[109,10]",0.617698251440184,0.689727390407179,-0.738929411347358,0.158157876894112,0.622805759367467,1.08843765542079,1.9526435929683,1.00014122193765,17200,1,0.81435
"year[110,10]",-0.125221050778557,0.755740560026542,-1.59801754780208,-0.637356417636444,-0.120503495072479,0.383183110183041,1.35990237877122,1.00030884024433,7686,1,0.56535
"year[111,10]",-0.146262113063509,0.834483270216649,-1.80544845656023,-0.701919591909478,-0.140612418294611,0.420900287218432,1.47551496342855,1.00014777127006,13806,1,0.56865
"year[112,10]",0.0653843142689906,0.725692188321666,-1.36753595311887,-0.428791754637759,0.0651162505141633,0.557516039120447,1.47819396852683,1.00003589981075,40000,1,0.53675
"year[113,10]",1.00527836184941,0.647148681994548,-0.286179641662805,0.574837868270722,1.01443383156373,1.44564552619547,2.25771864172969,1.00010589337999,18244,1,0.93795
"year[114,10]",0.0129656682352347,0.795123463081112,-1.53744285107904,-0.52109240561387,0.0165460029007848,0.550196406385351,1.56721392064515,1.00005961123604,40000,1,0.508275
"year[115,10]",-0.107964184632531,0.8150869852477,-1.71974841152432,-0.651583664841103,-0.104262733998708,0.442543283607225,1.48125338201569,1.00045802463489,5042,1,0.551875
"year[116,10]",-0.065250194148418,0.830156612341174,-1.69866313528451,-0.621291689447169,-0.0557448481632257,0.489797038548942,1.54130523513961,1.00038771710978,7097,1,0.526175
"year[117,10]",-0.128640155377893,0.834766631893461,-1.78439590508018,-0.682120096037969,-0.120927544211112,0.431447587366346,1.49682315933379,1.00015543385717,17462,1,0.557375
"year[118,10]",-0.425993115221667,0.755192378635373,-1.9109757292956,-0.934499039908224,-0.423155056116619,0.0897620009734502,1.03271120984526,1.00019882318478,10413,1,0.710775
"year[119,10]",-0.0836645888683511,0.808633050530937,-1.69498557821749,-0.622568497072575,-0.0808011267163075,0.466458757872495,1.47895720378688,1.00029423076884,11338,1,0.5397
"year[120,10]",0.476735484716078,0.502531506384965,-0.516865030469504,0.144328849616632,0.475737701802197,0.813265083122339,1.46401460440232,1.0000124261833,40000,1,0.829525
"year[121,10]",-0.0861334526289657,0.821431201915285,-1.72247350128235,-0.636966970603905,-0.0798725065967476,0.462709556651506,1.5249612482879,1.00047930996662,4964,1,0.5383
"year[122,10]",-0.0537718883065968,0.841333754611221,-1.73429545265466,-0.616058120246038,-0.0492104256949524,0.510939865286582,1.58462753263716,1.00009443551522,40000,1,0.5239
"year[123,10]",0.118468724900219,0.821489944256324,-1.49678810027903,-0.434200178421899,0.121698505572782,0.675797949238194,1.70995856459616,1.00010828387762,34186,1,0.558125
"year[124,10]",-0.0551714881378466,0.728549789315257,-1.48830609984492,-0.545161615584544,-0.0510078254234267,0.435583595174883,1.35994780373033,1.00000867346362,40000,1,0.5272
"year[125,10]",0.146787383937499,0.791394624058015,-1.41616951984417,-0.383880400326163,0.15103249444704,0.680269389904254,1.67871453167156,1.00015227832505,14983,1,0.576725
"year[126,10]",0.00809713700117506,0.831818384578308,-1.62803811309762,-0.546609279679163,0.00980962526909093,0.564448926269698,1.65251443049907,1.00021907822654,13942,1,0.50455
"year[127,10]",0.0468146841523903,0.767379234674105,-1.45755226659457,-0.473553278246745,0.0456168717170661,0.563786767627857,1.54893331011265,1.00020367382191,14181,1,0.524225
"year[128,10]",0.0323605936366592,0.840631040701018,-1.61672302655851,-0.532917112085337,0.0314342989609916,0.597351837504213,1.69139847032209,1.000567762662,4691,1,0.516075
"year[129,10]",-0.081776563500787,0.827218491662541,-1.72115783474639,-0.637720961664517,-0.0807752844045913,0.481498480719158,1.52954728411102,1.00031114352642,9310,1,0.53825
"year[130,10]",-0.0507103229218961,0.823167113270764,-1.67236233481712,-0.595204373391018,-0.0482792605474245,0.506318016259236,1.553759868911,1.00035093363139,8039,1,0.522725
"year[131,10]",-0.0257454310507703,0.842117818269723,-1.6722112310573,-0.589836157230067,-0.0262996498300447,0.530784229486525,1.63724960960492,1.00036086850284,7057,1,0.51275
"year[132,10]",-0.0265784861881817,0.794498352135614,-1.58815714631451,-0.562034113268814,-0.0269779245038263,0.511468917235407,1.5222741063573,1.00032351253454,9024,1,0.513925
"year[133,10]",-0.259586230356548,0.777042469948414,-1.77905519334278,-0.783987442390452,-0.25801896716078,0.264243602739198,1.24627467691988,1.00030582112149,8809,1,0.628325
"year[134,10]",0.523505961417515,0.651837302445287,-0.764658877237098,0.0842786370504524,0.521248624554724,0.963472052043345,1.8040760745434,1.00003825469815,40000,1,0.788375
"year[135,10]",-0.0485253048187525,0.833076419547095,-1.69097655333485,-0.599683451498746,-0.0448860126120695,0.504387476486347,1.59201310360131,1.00018263640459,13217,1,0.522425
"year[136,10]",0.310992079992256,0.661634516907919,-1.00616307156378,-0.12939438436112,0.323559076678242,0.760212768165082,1.58339191844881,1.00005842442091,26741,1,0.683175
"year[137,10]",-0.0865454492187177,0.834606456666667,-1.73426432221074,-0.637977040908195,-0.0848485579950603,0.477037689015301,1.53610496636698,1.00009530607491,20853,1,0.540025
"year[138,10]",0.0451320424698721,0.729392528905885,-1.38817516050941,-0.451324605649722,0.045671322706602,0.538039620110525,1.47101175926827,1.00024168994105,11311,1,0.52435
"year[139,10]",-0.110064483201099,0.832313349378275,-1.74059164179286,-0.664310532237026,-0.109065803706206,0.451941915091281,1.51013346264328,1.00009443407582,18693,1,0.552275
"year[1,11]",-0.309656053586043,0.485326585894205,-1.27773195180952,-0.634678764412351,-0.30318624845252,0.0205446304041114,0.621739913021712,1.00010885274611,18081,1,0.735875
"year[2,11]",-0.217233010085322,0.828930017722747,-1.87453563281199,-0.767917719464559,-0.20465708642465,0.347719829950746,1.37773371321692,1.00009516036212,19188,1,0.5981
"year[3,11]",-0.213708614102241,0.822021592393588,-1.85200876053525,-0.761384339407937,-0.208229977496527,0.340466068646728,1.37265132590063,1.00031440957639,8347,1,0.601325
"year[4,11]",0.0625155598060819,0.70401274242206,-1.33751501558449,-0.402583151974474,0.0723686591188483,0.537410562832147,1.41892936634162,1.00040953412792,5776,1,0.5436
"year[5,11]",0.25491906545937,0.505411276106902,-0.743042068558667,-0.0833207628629331,0.253866021481306,0.590506512535006,1.25166880306954,0.999971721445403,40000,1,0.69295
"year[6,11]",-0.283495465954942,0.663528760298962,-1.59938061630463,-0.724308075759493,-0.279048675114533,0.162760259677573,1.00206466075712,1.00062030007723,3869,1,0.6643
"year[7,11]",-0.0725384948144586,0.819827500103277,-1.70391757765376,-0.616731748695497,-0.0671741736094621,0.481359639850419,1.515104819823,1.00066878974182,4318,1,0.531225
"year[8,11]",0.0736016252035546,0.807701861531638,-1.50677153874385,-0.471062482987104,0.0759211642425334,0.6185247723065,1.65851446175366,1.00007923792514,25714,1,0.536975
"year[9,11]",-0.126279814595072,0.815470413751707,-1.73968413978488,-0.669594398313101,-0.124569690440365,0.423726753597645,1.46107436738813,1.00006502771797,26895,1,0.5597
"year[10,11]",-0.194676762579752,0.78113276082584,-1.75265006699731,-0.716596227608429,-0.181322393465554,0.33674038729059,1.30062008806587,1.00030665788653,7961,1,0.5918
"year[11,11]",-0.568290349372862,0.782835029833644,-2.10364502629483,-1.09587906526062,-0.567216495311659,-0.0354181821427816,0.949529297871197,1.00002611353698,40000,1,0.764025
"year[12,11]",0.00111388384821091,0.827780780201773,-1.64814401905641,-0.550332210203292,0.00916948041107762,0.562404615564698,1.5992442290979,1.00039051666811,6294,1,0.50435
"year[13,11]",0.14849134492998,0.824478580150879,-1.47596274648454,-0.403808035466741,0.148932557644785,0.702542826923102,1.7698096379682,1.00059355751106,4193,1,0.5737
"year[14,11]",-0.165280774411456,0.735955600739072,-1.6386969593188,-0.653926510479421,-0.157172028965907,0.336227283307337,1.24213706058497,1.000153742442,19968,1,0.581175
"year[15,11]",-0.255289278797372,0.776996086558256,-1.81797255931538,-0.774842253262028,-0.239545030460768,0.27057781554542,1.22638763202822,1.00011485020008,16526,1,0.62055
"year[16,11]",-0.0713470206751484,0.824579543266901,-1.6907390178976,-0.621531566890018,-0.0678250270355361,0.477578682744883,1.54112919508514,1.00065894889626,3643,1,0.532325
"year[17,11]",-0.505965934446244,0.776036095272657,-1.9741848183207,-1.03755152395035,-0.523970162894645,0.0117539143073832,1.05454399527988,1.00012906759249,28563,1,0.74495
"year[18,11]",-0.0811322316251978,0.824241270805311,-1.72025210605069,-0.629899544190331,-0.0796070322532342,0.470702425986675,1.53177080056518,1.00016314292037,15661,1,0.540075
"year[19,11]",0.167123233588112,0.813066733450882,-1.43562473000469,-0.38063469237803,0.163451443980395,0.711086977627272,1.76605629855647,1.00032574036678,8185,1,0.58055
"year[20,11]",-0.0415708792818,0.826027560428868,-1.6766550523952,-0.599430566746101,-0.0366645700389713,0.512021779447254,1.55849335374415,1.00051770746965,4532,1,0.516775
"year[21,11]",-0.0873710542574105,0.814745438909541,-1.70690255560855,-0.631184638358719,-0.0828620333183404,0.464624050118305,1.48450070486976,0.99999163597656,40000,1,0.541125
"year[22,11]",-0.184295390491843,0.808163866354957,-1.78621160660246,-0.724783065655897,-0.184583327920625,0.367565530827039,1.38760174565459,1.00046770983867,6814,1,0.588875
"year[23,11]",0.227426317814599,0.818017145323331,-1.38351684964003,-0.322777302175467,0.237451232861691,0.776531590908846,1.8244545300992,1.00127742808367,2185,1,0.612275
"year[24,11]",-0.73947174340854,0.672359293581228,-2.0857692097892,-1.18877799896712,-0.724099263785017,-0.283729791193619,0.545223380803823,1.0002967213629,7269,1,0.86675
"year[25,11]",-0.260119350491836,0.671699088360009,-1.60216915961918,-0.705129354380849,-0.250798824693887,0.193802517362079,1.03357249461735,1.00026463856965,8441,1,0.648025
"year[26,11]",-0.979798290849608,0.745973481306341,-2.45312051489166,-1.47473291676689,-0.975798548876685,-0.473479988618441,0.473936056189281,1.00003290724296,35458,1,0.908425
"year[27,11]",-0.182696702289757,0.800880526859602,-1.78758075335629,-0.716788933254217,-0.16976929335094,0.353069805891544,1.35399643637191,1.0002789961299,9090,1,0.58765
"year[28,11]",-0.182621174275377,0.804983424628719,-1.7811948335875,-0.722416200128207,-0.176514185500294,0.367453598336203,1.37176963975349,1.00038663581953,5976,1,0.585975
"year[29,11]",0.332933912552884,0.779979938200626,-1.24515057450492,-0.185603170303631,0.347535313749581,0.862548171572103,1.82852740511212,1.00047675224779,5424,1,0.670775
"year[30,11]",-0.0517832581112439,0.834644257312049,-1.68648701810929,-0.611554853319856,-0.0506324928467175,0.507863844962193,1.58702014287888,1.00018945949523,11816,1,0.52415
"year[31,11]",0.199596022022488,0.549628614574188,-0.893440149154063,-0.163997131024798,0.204760209697509,0.573734092084345,1.26282910918721,1.00006947462321,40000,1,0.64565
"year[32,11]",-0.157332651633606,0.822428502841784,-1.79871285313536,-0.709661311712618,-0.147438691340457,0.40245207864187,1.43819023285537,1.00009932920198,25371,1,0.572125
"year[33,11]",0.403906539951621,0.689839548797267,-0.973463571556952,-0.0560633206583211,0.409191933896068,0.870946100158293,1.73674853123954,1.00020355523775,16621,1,0.721925
"year[34,11]",-0.2345083043511,0.789137780817881,-1.81406370596507,-0.749352176707986,-0.227743415101866,0.295144139893714,1.28913803252582,1.00048538958871,5725,1,0.615775
"year[35,11]",-0.0894368752710421,0.819845373034875,-1.72004141649169,-0.640699257352706,-0.0761291419662589,0.467795756583081,1.50144919460297,1.00041784915046,8317,1,0.5385
"year[36,11]",-0.237421031558174,0.63019844106332,-1.45263277259586,-0.667227457335453,-0.246855131817065,0.182822765206839,1.01305813969086,1.00016924601537,40000,1,0.6499
"year[37,11]",-0.227530902170985,0.792957808747349,-1.80023114823045,-0.761563135565939,-0.223130268474532,0.308331012668058,1.316426397951,1.00040444840609,5738,1,0.610925
"year[38,11]",-0.0990635911205117,0.784293655503246,-1.665977751205,-0.624557388864106,-0.0901088072711832,0.433076749821764,1.4197665009278,1.00009823883787,18777,1,0.547275
"year[39,11]",-0.181001728073601,0.775276290255862,-1.71072190977089,-0.702098650641089,-0.176737974374748,0.338293520986533,1.33526228165106,1.00022230772631,11986,1,0.5907
"year[40,11]",-0.165637032803039,0.784824997137,-1.73627212404207,-0.687167992818404,-0.156900114246748,0.373147976096183,1.34051491209121,1.00026532368472,9008,1,0.5764
"year[41,11]",0.342615247698999,0.811104895843698,-1.29394681204138,-0.197958848414579,0.359481843240578,0.890688984164627,1.9124316791264,1.00194218644159,1443,1,0.668875
"year[42,11]",0.108486591706043,0.719465102382684,-1.30388778373756,-0.375597572416017,0.106562556003009,0.593622150942292,1.50485816730889,1.00009061463323,24121,1,0.56335
"year[43,11]",0.598143131459911,0.626528805265464,-0.668851954245151,0.179304989177182,0.610300275074017,1.02955950321825,1.79028462816128,1.0002414856074,9141,1,0.830925
"year[44,11]",-0.0672693317766118,0.70225715216563,-1.48896986168286,-0.529548433818415,-0.051446216343518,0.414524576461901,1.26698506930034,1.00017419319207,15464,1,0.528175
"year[45,11]",0.335964304042227,0.702453270808896,-1.0687212894231,-0.129060392621154,0.34110950481168,0.813325594820071,1.69143634060575,1.00036512702285,6597,1,0.68745
"year[46,11]",-0.127932384114385,0.830681085774926,-1.76759854189268,-0.682404695790222,-0.119940902475743,0.426326041983534,1.49788197803354,1.00003725889955,33947,1,0.559475
"year[47,11]",0.529676709796142,0.673664508920623,-0.835813756644038,0.0872980566515849,0.54591995053233,0.992977299755016,1.79703993116468,1.00044290146737,5156,1,0.78785
"year[48,11]",-0.656963801116695,0.544257320350047,-1.73372633013332,-1.02022858145915,-0.653479357196628,-0.28997645664629,0.400182642446856,1.00016144517942,14516,1,0.8863
"year[49,11]",0.484982658805212,0.818040600105978,-1.1251275746515,-0.0653205574286542,0.492708987383901,1.03765350191143,2.07027092425322,1.0001094335151,28189,1,0.725175
"year[50,11]",0.407735558052339,0.545750546947498,-0.669974067092146,0.041914004245272,0.412260654256878,0.775606300300381,1.46609443849901,1.00007391621566,21110,1,0.77365
"year[51,11]",-0.129748118804571,0.595024169358762,-1.29574749566945,-0.527271086386513,-0.131213392428222,0.269361734195261,1.03697220693197,1.00005664130882,40000,1,0.5876
"year[52,11]",0.285743436256833,0.837065283284105,-1.32022690056438,-0.286526788670989,0.273895297476518,0.844385005528511,1.96042968628778,1.00025602618785,10426,1,0.626825
"year[53,11]",-0.839759976981727,0.760738184105163,-2.35486514621631,-1.34333384055071,-0.835970011247621,-0.323852929282471,0.639781967683703,1.00009491528497,22484,1,0.867225
"year[54,11]",-0.350573926870805,0.64477791430574,-1.57269249367849,-0.790244247863405,-0.367657269639475,0.0702893934940409,0.954230390684977,1.00026579543447,8455,1,0.714
"year[55,11]",-0.0836434394348424,0.712040918827328,-1.49918442864683,-0.562635662917253,-0.0752635000319043,0.397407039729553,1.29566445736303,1.0000751010205,34451,1,0.54305
"year[56,11]",-0.269735220788558,0.800138996631501,-1.86016078954149,-0.803641048502869,-0.261691149010748,0.267680808018621,1.28905624714825,1.00022487294763,9567,1,0.6293
"year[57,11]",-0.162314101431146,0.803916266084443,-1.75189780643206,-0.699964988179197,-0.156238039921417,0.38304259510838,1.39341499782005,1.00010404743853,18983,1,0.5757
"year[58,11]",0.20184718126616,0.830068697028919,-1.40434796616242,-0.365510762744984,0.194549001848223,0.758391182853098,1.85394205752612,1.00057701495958,8061,1,0.591225
"year[59,11]",-0.0120074737045304,0.838238774916763,-1.65950638960045,-0.57220898323378,-0.0127114485604413,0.550597942449351,1.6125507867608,1.00042618183486,5502,1,0.5064
"year[60,11]",-0.0666788763867837,0.5853914436064,-1.19809186449929,-0.462420269853254,-0.0705827302605301,0.325147744742478,1.0949466202531,1.00012802465511,15977,1,0.5489
"year[61,11]",0.0910734707518558,0.763654379353959,-1.41586660713576,-0.425014161626187,0.0958718454618293,0.613439887285912,1.57828128660568,1.00058989861958,4077,1,0.54785
"year[62,11]",-0.219418348523971,0.820879896238783,-1.8428743342076,-0.772209036402586,-0.211853874678112,0.33909703593135,1.35758898516053,1.00057492348157,4269,1,0.603425
"year[63,11]",-0.0862871309995184,0.816849622917618,-1.71995484287271,-0.626936567475504,-0.0772323206830986,0.462966113436608,1.49357278417181,1.00005928758326,32768,1,0.5384
"year[64,11]",-0.0955826132779425,0.827973413535481,-1.73699873876123,-0.65380471139594,-0.0904929219754544,0.468493900037016,1.49561201932959,1.00047926528341,5139,1,0.544725
"year[65,11]",0.611993239665825,0.485957823234141,-0.321121768126406,0.280870397034127,0.602908974058776,0.936048836892592,1.5869940403662,1.0000100299806,40000,1,0.899125
"year[66,11]",-0.160407452794693,0.789622055950295,-1.72329057706142,-0.687444396345871,-0.157366192523363,0.371238477979303,1.38520372262436,1.00026721412653,8155,1,0.5791
"year[67,11]",0.269102376833906,0.826177958034784,-1.37006499374952,-0.284454284885318,0.275510778028081,0.818213343412503,1.88276218853494,1.00056619196251,4425,1,0.63155
"year[68,11]",-0.863834493451671,0.485321691922565,-1.80187375909809,-1.19119772388005,-0.870001903594334,-0.541735349752505,0.101743090819034,1.00031784655138,7029,1,0.96075
"year[69,11]",-0.0892503102301097,0.811804908245073,-1.7104787961195,-0.63336071323738,-0.074042716096996,0.463538876608265,1.47490963704903,1.00018848353685,13015,1,0.5368
"year[70,11]",1.09213604390066,0.60884350143693,-0.134350463207387,0.693666693427706,1.10176692256827,1.50532767816968,2.26429532381903,1.00004526850543,40000,1,0.960825
"year[71,11]",0.25827518995927,0.752885480218905,-1.20919574135472,-0.251542187695663,0.253165415667389,0.764591607999739,1.76287940408967,1.0006786997379,3443,1,0.63175
"year[72,11]",-0.139844575205057,0.805630340956032,-1.72494130362845,-0.676482090551006,-0.133335199052716,0.403277631411461,1.42459845962878,1.00033913765358,6817,1,0.5676
"year[73,11]",-0.270632971471407,0.814299719789705,-1.88586072242478,-0.81336287431881,-0.266811434361599,0.276716292839801,1.32172550081481,1.00019081939499,35468,1,0.63115
"year[74,11]",-0.148483753202539,0.810203475230382,-1.74429913919009,-0.692533639376109,-0.147942675145707,0.396307720309462,1.43237850858653,1.00023864454101,12629,1,0.57145
"year[75,11]",-0.337002367920136,0.783997386437325,-1.88830169195032,-0.862555012511825,-0.326561452164844,0.197700506881932,1.18109489091287,1.00021634030119,9676,1,0.662525
"year[76,11]",0.465408848001427,0.581377515561527,-0.721821019129666,0.0830187899364481,0.481354330980848,0.864088208874715,1.55933319149826,1.0002594198071,8887,1,0.79275
"year[77,11]",-0.176680481865708,0.829575041427214,-1.82449951964742,-0.730760586844145,-0.170232268375974,0.384737611046271,1.43238762730839,1.00057435712784,4135,1,0.5803
"year[78,11]",-0.0884079664505595,0.830013427040548,-1.72140997824549,-0.644841768813986,-0.0861943815492255,0.467940330687656,1.53041835345956,1.00030035348582,8143,1,0.541025
"year[79,11]",-0.197100408639639,0.810519389434137,-1.80070547147116,-0.738191849248278,-0.193013473111841,0.348836737610952,1.37257376408213,1.00003799230651,40000,1,0.594775
"year[80,11]",0.265379458842304,0.813982528485579,-1.38899264161895,-0.27770219044642,0.28606525758207,0.823538645668245,1.81388903027189,1.00085709782622,3639,1,0.636225
"year[81,11]",-0.197114106292763,0.689234275251069,-1.57529196630406,-0.658142689500171,-0.189941560270118,0.270238782434211,1.13439429105804,1.00005808172013,37208,1,0.609375
"year[82,11]",0.852817094901842,0.688912589839173,-0.543274965138984,0.398140213008036,0.872845553449853,1.32439178213527,2.15856770907079,1.00001249440054,40000,1,0.887925
"year[83,11]",0.111858904223973,0.779478751850591,-1.43475629206807,-0.414253721492418,0.123425276418237,0.650917316643331,1.59766084801137,1.0004721829595,4978,1,0.563675
"year[84,11]",0.02139858134518,0.843022397480849,-1.63073832332717,-0.545320247455525,0.0237322493304959,0.591457103893001,1.66770135161755,1.00025489929187,9786,1,0.511375
"year[85,11]",-0.149370889886334,0.807370720320275,-1.73173874051474,-0.689418150210272,-0.147126802719951,0.394888249279566,1.42553716756122,1.00054375942802,5264,1,0.57315
"year[86,11]",-0.381292496014028,0.442337653036458,-1.23306542235418,-0.681051811288769,-0.388026248693541,-0.083834575447113,0.491485047051044,1.00018275338455,10964,1,0.805225
"year[87,11]",0.426347964409068,0.802932671973348,-1.16062596774343,-0.116297314990464,0.435102045278492,0.975270830054268,1.96369947564805,1.0002093437352,9874,1,0.703725
"year[88,11]",-0.0138964313717117,0.75714721443082,-1.53531994192032,-0.518412677556868,0.00356846202120364,0.505912423452385,1.42114754583459,1.00034461534918,6437,1,0.498225
"year[89,11]",-0.33041222873693,0.801972758196422,-1.91817098457523,-0.866715124844072,-0.320880944012303,0.213624181801719,1.20763264136538,1.0005017022529,4943,1,0.6566
"year[90,11]",-0.167904849288046,0.817409753516231,-1.79879901067732,-0.706687811883608,-0.159892645498545,0.38153948938972,1.41699219463487,1.00005811045688,25373,1,0.57945
"year[91,11]",-0.452924718837856,0.616922995179599,-1.66263239260913,-0.869359387148665,-0.458030229935054,-0.0356615621187205,0.760894196003465,1.00062901492787,4262,1,0.76715
"year[92,11]",0.0377354183830783,0.819671291309687,-1.58196059207658,-0.506079555264446,0.0355664762984065,0.583043386956409,1.64754592423518,1.00009352588681,40000,1,0.517375
"year[93,11]",-0.132642743462745,0.726469407406691,-1.57701311323042,-0.611197149372236,-0.130789454553205,0.358453187912316,1.29007144182509,1.00006501938935,25583,1,0.572725
"year[94,11]",-0.0377991887420885,0.777686329485353,-1.57555841689722,-0.555394615093684,-0.0276982388392673,0.483261345720784,1.48202170750736,1.0001063382862,40000,1,0.514725
"year[95,11]",0.125346147767378,0.795425843305503,-1.45879483171074,-0.406040829620487,0.14253234974776,0.665799625344421,1.65171991225255,1.00009675416003,36406,1,0.568025
"year[96,11]",-0.163132980135925,0.803173027141646,-1.76191008671024,-0.702531985990337,-0.155661124602538,0.379393641988913,1.39467165257401,1.00043979204052,5770,1,0.577975
"year[97,11]",-0.0891157053358035,0.811299561119807,-1.68269622033387,-0.633615611680732,-0.0911555858878292,0.459717227752749,1.4999444854314,1.00032733801133,7690,1,0.543775
"year[98,11]",-0.0877934141953491,0.826289319349719,-1.72315191040471,-0.645668587155577,-0.0898923229001517,0.473889726093654,1.5204627443307,1.00051606058734,4676,1,0.542425
"year[99,11]",-0.0493777833343436,0.689773171265979,-1.41590714081748,-0.507786837447828,-0.0418378774331934,0.419492030015947,1.2812391086979,1.00038979536493,7384,1,0.5236
"year[100,11]",0.0985695146019487,0.815106225272931,-1.5149896566731,-0.446772509457134,0.10211374277786,0.64818112451633,1.69112709880368,1.00086575114082,2947,1,0.548725
"year[101,11]",-0.0972504240004303,0.79761747353209,-1.66181410780717,-0.630284721804978,-0.095951035966074,0.436258179136807,1.46832217264559,1.00009428049065,19972,1,0.548625
"year[102,11]",-0.0702267066435544,0.823381388418318,-1.6917645614061,-0.617949753016708,-0.06861573847933,0.481137636474749,1.53710447992767,0.9999817552939,40000,1,0.533075
"year[103,11]",0.541177936250043,0.828566217154984,-1.06495538406785,-0.0138021042056036,0.528725591709561,1.09577374426109,2.17562914119502,1.00058501448954,5090,1,0.74425
"year[104,11]",-0.00107351748691906,0.801081849176716,-1.58279370069297,-0.533255630849413,0.00191012405408908,0.530397026627981,1.57192423662929,1.00004860465583,28041,1,0.4991
"year[105,11]",-0.516516910340425,0.582348763256076,-1.64993794234634,-0.908276629168457,-0.522885524760135,-0.130870088082353,0.642440230890946,1.00015127353258,14205,1,0.815825
"year[106,11]",-0.0634270145833285,0.757206017159561,-1.57959379190087,-0.56774749229478,-0.0483573903903116,0.450947391553136,1.38629400388885,1.00007569058701,21291,1,0.5255
"year[107,11]",0.227206398844398,0.716767303626159,-1.20153049952565,-0.249040473862379,0.237427201978159,0.709376373563866,1.61414740098396,1.00006858380748,23602,1,0.6262
"year[108,11]",-0.0908410676318086,0.824299293382507,-1.73197650304082,-0.644182910724342,-0.0907648949533229,0.463196548276381,1.52193969405143,1.00008755081019,19392,1,0.544125
"year[109,11]",0.179105666927455,0.638077889579138,-1.06294973856763,-0.253907797086381,0.178636132592657,0.608056565756258,1.43088492184556,1.00017621034596,12180,1,0.61075
"year[110,11]",-0.0805848870913465,0.727866727839197,-1.50210176647258,-0.570661232502371,-0.0858394107626157,0.403385026444872,1.36374721306879,1.00030135524192,7548,1,0.54725
"year[111,11]",-0.123430506888066,0.811569177943663,-1.71655586080715,-0.664579469945977,-0.120805255146451,0.420498579305727,1.45975948420998,1.00003564054967,33120,1,0.55815
"year[112,11]",-0.0926702010343043,0.748897370952554,-1.54136147937725,-0.604873503707921,-0.0910041015042888,0.420103255682412,1.36583944407551,1.00009163073395,19964,1,0.5478
"year[113,11]",-0.184073943151752,0.649499171327218,-1.45223383389125,-0.618733201773694,-0.18378055861966,0.251207318167178,1.09839372736102,1.00009585571834,22408,1,0.613575
"year[114,11]",-0.0646549061476334,0.79532637332547,-1.63821262065653,-0.596139526724061,-0.0667840148645002,0.47336806582781,1.4899269750152,1.00018199742129,12225,1,0.533825
"year[115,11]",-0.120966471652608,0.823218309071121,-1.76133394239825,-0.673252287636495,-0.112926461078031,0.443504009804794,1.4558437493961,1.00044383993647,5614,1,0.5553
"year[116,11]",0.394653901055693,0.806934245007871,-1.18786733781958,-0.153667948213495,0.399901544036222,0.941684327998999,1.97295134322631,1.00059064655302,4324,1,0.687425
"year[117,11]",-0.134845687459179,0.819208840716983,-1.75879085951725,-0.683341064064552,-0.129776464288277,0.419483538344827,1.4593333272933,1.00099255377865,2440,1,0.562075
"year[118,11]",-0.715440184094439,0.723573723717878,-2.14790946238098,-1.19996212277271,-0.713693843224318,-0.22589175453284,0.684515101494222,1.0004390113861,6151,1,0.838575
"year[119,11]",-0.0804255490745562,0.802981220574879,-1.67457120113288,-0.616344318944327,-0.077145955695897,0.466120339345827,1.47994423710694,1.00004026859603,40000,1,0.53805
"year[120,11]",-0.0693527718465498,0.475290644775257,-0.98855098487641,-0.390058818562727,-0.0737903633142802,0.245137509987314,0.88156943536407,1.000080958347,26439,1,0.56235
"year[121,11]",-0.0718734483962213,0.830722728207229,-1.69684982189878,-0.634430650517686,-0.0715090573376892,0.4900081572237,1.55986096073424,1.00000238601967,40000,1,0.534375
"year[122,11]",-0.0201957918870865,0.839843606162751,-1.68853988645944,-0.583029435616103,-0.0174027152719178,0.544684878267835,1.62695694213123,1.00030960506784,7279,1,0.508475
"year[123,11]",-0.0972150245985999,0.820553940528308,-1.69205967121701,-0.651108188743273,-0.0992332413125172,0.453898473134699,1.52174566483437,1.00028790024869,11079,1,0.5467
"year[124,11]",-0.180993917789628,0.70632820987336,-1.5803228414296,-0.652016437658536,-0.177625913154367,0.296223664549598,1.19692816311067,1.00017156585994,11566,1,0.597625
"year[125,11]",-0.134934730451949,0.826248126484027,-1.76515400903651,-0.687925543854581,-0.137231055775127,0.419197006751395,1.47232393663645,1.00032747976303,6911,1,0.56395
"year[126,11]",0.258069594111313,0.82048971437607,-1.37242820246737,-0.289683394801021,0.266876400936882,0.805056212587002,1.85575390666266,1.00061969684661,3955,1,0.625325
"year[127,11]",-0.248942620427282,0.798826940627174,-1.8078726733493,-0.791866123890034,-0.247655913752363,0.288020960075166,1.31193728411,1.00000532419365,40000,1,0.623375
"year[128,11]",0.335434264953182,0.822351607958243,-1.28669272630298,-0.218255089419963,0.343806607252906,0.894589832056777,1.93763334096893,1.00054018749139,4425,1,0.659975
"year[129,11]",-0.0963859523599447,0.826301154546878,-1.72162375126088,-0.649276538961222,-0.0944367108369367,0.461611409512021,1.51883554874324,1.00031274945019,7503,1,0.5447
"year[130,11]",0.00262070242467458,0.826063229288731,-1.63132991038389,-0.549448107425241,0.0126145336633604,0.563773121466183,1.5904580986183,0.999987378103029,40000,1,0.505875
"year[131,11]",0.289909062627108,0.837771440191336,-1.34389517779887,-0.273221071466091,0.287737318937298,0.852142439687462,1.9466508192713,1.00231904744103,1119,1,0.634125
"year[132,11]",0.00262119928886355,0.80213014281372,-1.57548066860469,-0.534561928678865,0.00541264626799629,0.543574583613341,1.55852037150313,1.00004998662291,40000,1,0.50295
"year[133,11]",-0.33283951138748,0.736949940944901,-1.79328846115273,-0.826031884956409,-0.325011336064422,0.163078041314372,1.0947897056009,1.0002401390384,9964,1,0.6734
"year[134,11]",0.572289805084076,0.627541762862059,-0.651141821669589,0.147852316930216,0.570829777326283,0.998018686307809,1.79188366749815,1.00034611943455,6865,1,0.818575
"year[135,11]",0.0401404041685368,0.842985513257045,-1.61473132621563,-0.525073615471509,0.0385516927837024,0.608695366118972,1.6894895902894,1.00010880592793,28786,1,0.5195
"year[136,11]",0.157723455587477,0.637345403315095,-1.10622262887786,-0.269687968109097,0.165590721721091,0.594262605564551,1.3876469532843,1.00023617985113,11123,1,0.60055
"year[137,11]",-0.0994759985613023,0.817199877906779,-1.7082546547158,-0.648771264984715,-0.10066935420313,0.450153684206036,1.50787111711442,1.0002399378576,9125,1,0.547375
"year[138,11]",0.521989748745149,0.745989632856652,-0.957746360607966,0.0151327592009299,0.531193681989612,1.03395930743319,1.9565427071324,1.00109165552877,2264,1,0.757225
"year[139,11]",-0.0794357401339463,0.825356926937738,-1.71924551029555,-0.630802393508051,-0.0767811240474235,0.479263911792517,1.52906794759586,1.00015494402399,15351,1,0.536375
"year[1,12]",0.100307406752936,0.488309531059869,-0.866487050621313,-0.23141229044317,0.103929178256003,0.431152913412163,1.05037979508718,1.00001394245983,40000,1,0.5815
"year[2,12]",-0.186844382763906,0.800730636501475,-1.7991945926438,-0.719215106668386,-0.179156495258477,0.353608834676867,1.34491409538212,0.99999480006272,40000,1,0.590075
"year[3,12]",-0.156650122823367,0.827730763091376,-1.78803999564238,-0.711146499283985,-0.145734415517576,0.402214858219209,1.44976364958241,1.00011150168368,27867,1,0.5722
"year[4,12]",-0.122982461124717,0.730655563659065,-1.57457650379651,-0.610278833972854,-0.118605067939208,0.367838652640871,1.3093120481004,1.00020693900593,15363,1,0.564525
"year[5,12]",-0.183778241001735,0.504141993938624,-1.16797433617892,-0.52404078157479,-0.184070579114488,0.156193831581924,0.808691805922625,1.0000167131923,40000,1,0.64355
"year[6,12]",0.0847087821598252,0.719311552216109,-1.31124875254086,-0.404395120586859,0.0842459294593711,0.572803777836592,1.49943127842948,1.00055829293887,5001,1,0.545125
"year[7,12]",-0.0627430439441532,0.817984826613041,-1.67744339203074,-0.608826584108683,-0.0563900645711068,0.491133888034785,1.53028498047686,1.00008068663661,40000,1,0.527425
"year[8,12]",-0.0692799813860075,0.772421039075912,-1.59877108366691,-0.587796890504951,-0.0629770210674134,0.457192779227658,1.42780911791521,1.00022593326773,11115,1,0.533575
"year[9,12]",-0.0920684232025186,0.814592149815154,-1.71873204065289,-0.636035415859568,-0.0833267852588222,0.459060224246853,1.48410944471743,1.0007059336358,3754,1,0.540125
"year[10,12]",0.110439825482293,0.796317435762713,-1.47766558319669,-0.419056248462281,0.117608172217574,0.656420438553523,1.64950722222278,1.00004774551731,40000,1,0.5603
"year[11,12]",0.549285966665474,0.693190163643755,-0.840395557400927,0.0890963073657379,0.564415990273929,1.02015729513267,1.8760260386472,1.00044393837771,5215,1,0.788475
"year[12,12]",0.365789295018129,0.807100634272474,-1.24235747713477,-0.171084747787132,0.370100520190723,0.904495235261008,1.93610657984202,1.00081763504065,3164,1,0.67885
"year[13,12]",-0.0735252939517528,0.831570232450443,-1.70501629658723,-0.630394560580116,-0.0751233113370322,0.483519446617911,1.56520983831518,1.00040878118774,6087,1,0.537125
"year[14,12]",-0.214550191520869,0.720479594227035,-1.64958672172304,-0.694529333540907,-0.20974350104531,0.278169346010011,1.17480787444792,1.00009085946746,35441,1,0.6131
"year[15,12]",-0.231574540905752,0.762129142508844,-1.76533800050573,-0.737567877644974,-0.223658429160921,0.284901513760652,1.23790539123503,1.00004971696525,40000,1,0.615675
"year[16,12]",-0.0872355945834107,0.817878030016956,-1.68639317217114,-0.640054252107612,-0.0877234969006047,0.464598201432231,1.51721595312796,1.00007260634473,40000,1,0.541275
"year[17,12]",-0.0304237155102592,0.70831106458788,-1.42101445093026,-0.513259995573344,-0.0235063955476575,0.451568142860895,1.34280721777871,1.00016807353972,13063,1,0.5135
"year[18,12]",-0.073353451068027,0.829519365839724,-1.70705818649965,-0.624107169960498,-0.0770872623557498,0.487651237015877,1.54755194945731,1.0002663563825,9173,1,0.53665
"year[19,12]",0.245830129662964,0.813036285874896,-1.36685405135435,-0.294280303061006,0.257306626471678,0.803209639394558,1.80556086272629,1.0007416237273,3431,1,0.622525
"year[20,12]",-0.0414831873911811,0.829140765789809,-1.68363402014033,-0.594644967962715,-0.0425234654069322,0.511595194729998,1.58477679492082,1.00048107427975,6323,1,0.521125
"year[21,12]",-0.123241343114307,0.814013746238747,-1.73637140801923,-0.669112301617847,-0.115782736591036,0.430330405231338,1.45444028852991,1.00018112999966,26995,1,0.554875
"year[22,12]",-0.187414230719787,0.805916109494343,-1.79011876989066,-0.723776382804316,-0.178069216593257,0.355156746076191,1.3820339745623,1.00028580668478,7994,1,0.589525
"year[23,12]",-0.126427848359164,0.81660286428705,-1.72941551119995,-0.672215589526443,-0.126240404387051,0.419612979783326,1.47172758495246,1.00190474538323,1303,1,0.561825
"year[24,12]",-0.187531747517532,0.692803810671834,-1.54642887170063,-0.653894025621396,-0.187012638155623,0.280718053465681,1.16118110993696,1.00014452377911,25485,1,0.604925
"year[25,12]",-0.035623541795942,0.751891072768581,-1.53418653683495,-0.536861568156967,-0.0235401297699986,0.476592891777361,1.40011109236678,0.999969461361904,40000,1,0.512525
"year[26,12]",-0.0445948946711863,0.693143694761348,-1.44723165908414,-0.503847340081658,-0.0325914346087202,0.430950089474898,1.27193661122412,1.00005050290204,28828,1,0.51805
"year[27,12]",-0.150188064770238,0.794861523979486,-1.72770939269821,-0.682911429111938,-0.145221475589988,0.393147675789635,1.39285411825303,1.00062188664131,4147,1,0.571475
"year[28,12]",-0.0854112061892717,0.791941039821728,-1.64411735173683,-0.613079711660702,-0.0804857597895857,0.443837134512502,1.46643180042313,1.00022138885284,9985,1,0.53945
"year[29,12]",-0.144790033590308,0.755647348283776,-1.64269758162306,-0.652109951721837,-0.141357806248406,0.367262365859821,1.31901617432041,1.00009564284329,18483,1,0.5741
"year[30,12]",-0.0257663733687775,0.824839156293713,-1.65450279523086,-0.580807864638819,-0.0204402231185686,0.529241011049673,1.5790444866092,1.00077896629028,3419,1,0.50935
"year[31,12]",-0.274145546564563,0.572896599534724,-1.40570103476757,-0.663975523664834,-0.269180850576007,0.114409483989859,0.840544035551016,1.00012635859834,22303,1,0.6808
"year[32,12]",-0.152735940083204,0.819154171106423,-1.76949765517723,-0.702212693329758,-0.143748816425304,0.402086305363447,1.43239266794007,1.00006379374407,40000,1,0.569325
"year[33,12]",0.756414409099252,0.679006316299837,-0.586435648722812,0.304380950210175,0.76437479987,1.21379301618637,2.07235416412242,1.00010653722482,27569,1,0.8678
"year[34,12]",-0.105811398962373,0.79134009116778,-1.67223091866477,-0.635469158928514,-0.0997561861350661,0.422153305998173,1.43179917407987,1.00012064306068,17304,1,0.549975
"year[35,12]",-0.0924509427076897,0.822982104364549,-1.72800503200624,-0.639320107595736,-0.0845837168668853,0.462131385012773,1.4973184189629,1.00002672276611,40000,1,0.5421
"year[36,12]",-0.423051667640299,0.608379384607375,-1.59679352456621,-0.835447519235403,-0.431218167885255,-0.0194880077086988,0.790219426582954,1.00042505401607,5622,1,0.75995
"year[37,12]",-0.132555542008074,0.796649196285632,-1.69206019887289,-0.67021757471578,-0.133074997888344,0.407226454191461,1.42073243235066,1.00004443094243,29442,1,0.565525
"year[38,12]",-0.108282850180973,0.78688396741174,-1.6724465816466,-0.634431061640644,-0.10104803586216,0.428916543476011,1.40955866794908,1.00007702094592,23655,1,0.551125
"year[39,12]",-0.447641038187666,0.846190744375041,-2.14274387224237,-1.00998472420113,-0.437947444903299,0.129882991767525,1.1768441644631,1.00008869225234,40000,1,0.6978
"year[40,12]",0.237073782433965,0.741964525404251,-1.23661987149924,-0.264831225589522,0.245382188729153,0.749632829565396,1.66115087511911,1.0002628320209,12043,1,0.630325
"year[41,12]",0.0467930642676109,0.797389582356409,-1.55060301181736,-0.477463410044771,0.0585998940315719,0.583794827066704,1.58073070047271,1.00047053485157,5617,1,0.529075
"year[42,12]",-0.0685910209616114,0.724842369702571,-1.48858620040716,-0.553055556678575,-0.0728147502687689,0.418512428768536,1.35876620129277,1.00025649354531,8882,1,0.5388
"year[43,12]",-0.196669383626643,0.622541297038813,-1.42248762059789,-0.61631705509257,-0.192533045745784,0.22365946992119,1.01034267732383,1.00006967216697,40000,1,0.62335
"year[44,12]",0.513260424489469,0.603823727909824,-0.705462073277029,0.111749966716987,0.527080542815891,0.922308526611204,1.66532377721326,1.00009749025774,20260,1,0.803375
"year[45,12]",0.156034196339522,0.67505560090854,-1.17916945284932,-0.294683059138545,0.16448900700571,0.617483376413278,1.46071427710516,1.00021938687628,13387,1,0.5948
"year[46,12]",-0.103697725094456,0.826724961969089,-1.7485062676293,-0.653271132231744,-0.100664082704266,0.449317905278926,1.50031695639725,1.00026134786628,12574,1,0.5501
"year[47,12]",0.837251595172064,0.680048319289606,-0.526210759915595,0.387389611750026,0.847065955350127,1.29764071323986,2.14099139890701,1.00002896740355,40000,1,0.890275
"year[48,12]",0.18327084046895,0.537280406106067,-0.889988948400977,-0.175435996592955,0.189889501852242,0.547984126695065,1.2158315961441,1.00013417973746,16963,1,0.638575
"year[49,12]",-0.11297429277675,0.825537703009727,-1.74512615452281,-0.663827768306704,-0.107182422958661,0.438941321126323,1.50554441973045,1.00034090294076,6638,1,0.552825
"year[50,12]",-0.70171041407729,0.600601912483501,-1.85112187397976,-1.11007960100095,-0.707736381039901,-0.303210683371004,0.496563251395054,0.999986913201259,40000,1,0.879225
"year[51,12]",-0.0803839116382881,0.622917005287521,-1.30686290243665,-0.499731846143235,-0.0782291899154949,0.34259186005581,1.13318009301833,1.0002577640119,8634,1,0.5502
"year[52,12]",-0.072638954092317,0.847813803155173,-1.75773114003945,-0.637692767997944,-0.0702960618239996,0.496832800243027,1.57926147252734,1.00095366420629,2659,1,0.534275
"year[53,12]",-0.559386672158039,0.758615069255962,-2.07601531770682,-1.06341841653803,-0.553032586929392,-0.0462292918770821,0.908989112734297,1.00050232951111,5098,1,0.7694
"year[54,12]",0.44481625072514,0.647810165097846,-0.849188756072156,0.0125595356065952,0.456770489456701,0.879227038702504,1.6904052438183,1.00044006125,7856,1,0.75635
"year[55,12]",-0.148522214271502,0.750971340432155,-1.64320021029853,-0.65218984937992,-0.137336059985712,0.361703151807052,1.29269923646777,1.00014489911063,14470,1,0.5728
"year[56,12]",-0.247382432413912,0.814091205329556,-1.8701039108404,-0.791323194325325,-0.241384999212633,0.297887314249582,1.35058264609889,1.00034419023377,6533,1,0.6188
"year[57,12]",-0.0330930906810072,0.82614340489355,-1.66415965842391,-0.583783388765782,-0.0300212495632653,0.526675886750315,1.5589339919618,1.00004264713573,33715,1,0.514
"year[58,12]",-0.0217744123349336,0.807950538373259,-1.60622648346297,-0.5681398007441,-0.0195064728214709,0.522320793088956,1.57068182022173,1.00014206851403,14061,1,0.509775
"year[59,12]",0.259232469670347,0.818073736379381,-1.35553064046447,-0.281526910410868,0.265230398562976,0.808358703503207,1.85194046594167,1.00059042216279,4441,1,0.628525
"year[60,12]",-0.727103352214879,0.63930317769226,-1.96056838411179,-1.16045523725453,-0.735270779693832,-0.301160436474061,0.542791441579678,1.00011324251422,17156,1,0.869125
"year[61,12]",-0.212564436009667,0.80355734053565,-1.80137103350629,-0.742976825880006,-0.209828051892136,0.322082283733612,1.36047735537112,1.00018824404976,15156,1,0.60455
"year[62,12]",-0.204255081869107,0.824831519407243,-1.85682278178899,-0.744282684472416,-0.198262555620762,0.355384349440764,1.38967510399011,1.0008718127891,3056,1,0.59565
"year[63,12]",-0.108441036452584,0.821681679345537,-1.74130077181142,-0.656468400645729,-0.100818429572146,0.444995419726527,1.48533532317366,1.00000979359543,40000,1,0.54895
"year[64,12]",-0.103604993101959,0.825051723651384,-1.73180978293275,-0.65847489165646,-0.102991407161941,0.456470039580945,1.50731958758867,1.00020463884467,14501,1,0.548225
"year[65,12]",-0.91056936294311,0.443033589102876,-1.78158423965028,-1.20897431453288,-0.91124890310996,-0.613122561649177,-0.0359048444241008,1.00052494741229,4488,0,0.9794
"year[66,12]",-0.335534248328095,0.838373199287149,-2.00141767752473,-0.898571302792399,-0.327548348433485,0.233704883234497,1.28295413938997,1.00008625672241,26097,1,0.6539
"year[67,12]",0.040765722021842,0.787493077050617,-1.51688649385568,-0.48931328706342,0.047292910311753,0.575192704659062,1.57204820545119,1.00022783783824,9412,1,0.523875
"year[68,12]",-0.346689658212355,0.507826046241614,-1.34078571115038,-0.691500352137059,-0.345175004529308,-0.00782007529119516,0.656366368366695,1.00003538915601,36014,1,0.7553
"year[69,12]",-0.112459057468035,0.821718669956903,-1.75014394210789,-0.655998781718474,-0.105509050126717,0.445144401417891,1.47335514359296,1.00015355012893,40000,1,0.55065
"year[70,12]",-0.946940319035843,0.714114712237198,-2.36168283830783,-1.42622315861454,-0.941283929753204,-0.456944392832686,0.428765470798137,1.00019991856209,17345,1,0.90945
"year[71,12]",-0.360385706500724,0.784212630119877,-1.87948708644328,-0.896226209864615,-0.365427300273421,0.162737627758424,1.19451846340592,1.00009074043625,19953,1,0.680375
"year[72,12]",-0.143954543913653,0.793408720438409,-1.70203580776456,-0.680055039221959,-0.135512002283085,0.388073146862671,1.3954645424214,1.00013645895061,18427,1,0.569375
"year[73,12]",-0.250014953550485,0.825708408206995,-1.89080483022683,-0.801478912434709,-0.240044054073185,0.30786910378523,1.33978189883555,1.00009870391333,18172,1,0.615675
"year[74,12]",-0.0519848856051041,0.791446193278814,-1.61617279826486,-0.585675382196439,-0.0488743599989212,0.487630021487542,1.47749512274085,1.00009976720036,19949,1,0.52475
"year[75,12]",-0.156779272590102,0.775096010709246,-1.69131822965524,-0.67317159050124,-0.151809043457122,0.374832757845416,1.33342820449059,1.00015163448262,29276,1,0.57675
"year[76,12]",0.305806438604193,0.561607071853142,-0.815202464147913,-0.0697221775384802,0.311530323557036,0.689404004615865,1.38693333111882,0.999983000775053,40000,1,0.7103
"year[77,12]",-0.160062980392703,0.8188048750338,-1.79498313274066,-0.702977720727398,-0.15271776579553,0.394967019430007,1.43008933872045,1.00006250290813,26787,1,0.575925
"year[78,12]",-0.0983768650550502,0.818695965312737,-1.72558914142937,-0.647016544703784,-0.0871716981858035,0.458195662699432,1.49120067881097,1.00038937196245,6190,1,0.54315
"year[79,12]",-0.115833687746494,0.822207584612555,-1.72172301294567,-0.666797670224655,-0.117744596863034,0.433232148736727,1.50530118456188,1.00168897633328,1544,1,0.5553
"year[80,12]",-0.417466397394143,0.833601941959387,-2.04407894738312,-0.978204707776605,-0.41621896292423,0.144544987756885,1.21032336226898,1.000128936652,40000,1,0.69325
"year[81,12]",-0.398388628140848,0.668827027296936,-1.74978315846127,-0.842546442710508,-0.390301719910142,0.0572387804331084,0.893543595708369,1.0000611242845,37485,1,0.72235
"year[82,12]",-0.490784329645511,0.692592169655203,-1.82597079628511,-0.960439640770587,-0.499807269614083,-0.0286511160693884,0.884146241843562,1.00008303728006,40000,1,0.76295
"year[83,12]",-0.468229459630069,0.792396937567524,-2.04242920382981,-1.00134760367814,-0.462929511522721,0.0741864607989278,1.05495927698815,1.00014295797612,13850,1,0.719875
"year[84,12]",0.278977913143402,0.825686573426633,-1.34114592428742,-0.279142680376944,0.280582728797171,0.839977308270406,1.8840249539762,1.00017015080635,12880,1,0.63235
"year[85,12]",0.266530784003643,0.765064759616059,-1.25988053509146,-0.237041653430699,0.274252623138235,0.786356384498653,1.7437387161959,1.00027585338742,11045,1,0.640475
"year[86,12]",-0.653772121626995,0.467740530379764,-1.55428557941819,-0.97265088873426,-0.658762829777657,-0.341971049556325,0.284116058756756,1.00003677191256,40000,1,0.917325
"year[87,12]",-0.329121984574973,0.799593084360945,-1.91029707396583,-0.864228106023883,-0.319828931446761,0.216260178431853,1.19656957635818,1.00012474542521,14625,1,0.655675
"year[88,12]",-0.326290975692214,0.737888705494879,-1.81843482404026,-0.815472217752771,-0.311841879498888,0.177928723942645,1.08049923335286,1.00023258836509,13912,1,0.663275
"year[89,12]",-0.207757812088387,0.813458952348829,-1.81687081800084,-0.747328401078347,-0.203200308903468,0.334974724225988,1.38561640088715,1.00049880563254,5762,1,0.59995
"year[90,12]",-0.205859523943855,0.797804690273734,-1.8004813157387,-0.736989851295674,-0.198924121221751,0.330978866478823,1.33391445206042,1.00019732565398,13060,1,0.59915
"year[91,12]",-0.166604541578783,0.553698293829595,-1.26800846500158,-0.535907013997044,-0.161539429349677,0.207364272986813,0.911076802758199,1.00011909141034,18097,1,0.616325
"year[92,12]",0.114125643455723,0.822788121208554,-1.50897724760425,-0.441115229181883,0.119378917272627,0.67267163449674,1.72935049178953,1.00000774181364,40000,1,0.5573
"year[93,12]",-0.283851748508893,0.755597098967304,-1.78722704737904,-0.790806701029892,-0.278862421282276,0.227655945602205,1.19044065392584,1.00019292447168,20015,1,0.64455
"year[94,12]",-0.0781245475065224,0.769056933227126,-1.60392900553662,-0.59411448076153,-0.075083136833733,0.44755902556124,1.41893607086403,1.00016561508971,18856,1,0.540025
"year[95,12]",0.0726623106291577,0.764456084600867,-1.43902552617784,-0.439601530690311,0.0753827420207233,0.590094348538046,1.55042317712601,1.0000765799351,40000,1,0.540325
"year[96,12]",-0.0633394694985422,0.798204912333785,-1.64683886470997,-0.601307828497025,-0.0526501837006695,0.483046261208376,1.46939369523521,1.00075148081296,3470,1,0.52665
"year[97,12]",-0.108455815209038,0.815126780861555,-1.73627470409281,-0.651550564293696,-0.102999296415324,0.440298607092473,1.48119664028591,1.00006611080443,40000,1,0.54955
"year[98,12]",-0.0305455393593361,0.828364114710359,-1.66622354651046,-0.588279308100787,-0.0322793385351049,0.529082258576651,1.57778861855245,1.00013026551119,15313,1,0.515925
"year[99,12]",-0.151842422492518,0.781638883447263,-1.68931809815398,-0.682297268004737,-0.153235977572805,0.381432923345011,1.36328954115405,1.00027487606239,7826,1,0.576625
"year[100,12]",-0.181721659613382,0.825333109224181,-1.82102040499398,-0.729960142858588,-0.174365757703734,0.374192736016026,1.41724933209219,1.0000283109396,40000,1,0.5855
"year[101,12]",0.00442610412396799,0.799890377546584,-1.55803450940534,-0.536130038380457,0.00589175071143788,0.546956525808519,1.56310614694065,1.00079427024165,3019,1,0.502775
"year[102,12]",-0.0627359930585953,0.824124539025016,-1.69350540380636,-0.611425979104622,-0.0556712029417248,0.487071717062673,1.56054381135992,1.00007334725509,20555,1,0.528375
"year[103,12]",-0.183391327318283,0.815572910140289,-1.78928538571675,-0.729955812668468,-0.188419811319498,0.364398598159599,1.42642965147759,1.00076558350727,3207,1,0.590125
"year[104,12]",0.0159439546771592,0.802258040177061,-1.55588928157032,-0.520548662916486,0.014848023319146,0.554275478728247,1.59798285501747,1.00027630018513,7858,1,0.507025
"year[105,12]",0.35958148775223,0.621027951666829,-0.876599139398854,-0.0509186381579213,0.365291395686173,0.780988748032251,1.56489048393339,1.00002498669508,38652,1,0.7218
"year[106,12]",0.190918372901473,0.731003953997147,-1.26419404437022,-0.302556988426538,0.199599052360213,0.684701761177485,1.60339737807102,1.00013515116302,13829,1,0.605775
"year[107,12]",-0.671726057826127,0.750143754981344,-2.1405653640989,-1.17749632241831,-0.673843156325486,-0.171167639244617,0.811999422930562,1.00015564782323,36968,1,0.817
"year[108,12]",-0.0883163967876278,0.824423529103118,-1.71116799738249,-0.641248290166072,-0.0862297150401939,0.466938726982937,1.52698918657798,1.00017527598566,17251,1,0.5416
"year[109,12]",-0.285357409234809,0.651480942755053,-1.56945522427288,-0.718652661516804,-0.281839076921768,0.151600995095781,0.985382515335707,1.00005470308509,32044,1,0.66925
"year[110,12]",-0.11146913362808,0.783932319764876,-1.65252117897452,-0.634079060895254,-0.11739923640662,0.414075733784912,1.42140797202652,1.00020859475455,9893,1,0.558725
"year[111,12]",-0.153366514574835,0.807232117453667,-1.74978291826983,-0.69395153272259,-0.146470982053072,0.391779390941057,1.4154105849603,1.00042153491126,10802,1,0.573875
"year[112,12]",-0.0671092330619837,0.770633568911712,-1.60381723627383,-0.581117032721703,-0.0586959303838936,0.458272435191715,1.41208125927967,0.999989253964254,40000,1,0.53
"year[113,12]",-0.144389716118511,0.651600775655325,-1.44298062465343,-0.581535766758646,-0.135308254042388,0.297807578109688,1.11390221837762,1.00002295960922,40000,1,0.5821
"year[114,12]",-0.0742273830588561,0.783300576141889,-1.61866838594598,-0.603781366952381,-0.0692301336307205,0.452952490862867,1.44848410322858,1.00002718088218,40000,1,0.535225
"year[115,12]",-0.105015109608011,0.813749602639385,-1.74383500369105,-0.640261556663539,-0.0912392785966993,0.44231925396859,1.46410308107866,1.00013645659678,14503,1,0.5456
"year[116,12]",0.211365962233421,0.788724086178686,-1.33797832523941,-0.323552611199774,0.214239981133042,0.742631620873208,1.74134670334777,1.00060847172938,3905,1,0.60835
"year[117,12]",-0.126671501506905,0.812942335690781,-1.73797503115058,-0.674894167913139,-0.1221735791359,0.415515485811994,1.47049182313406,1.00041941107568,5597,1,0.5602
"year[118,12]",-0.317037477494769,0.70443071203689,-1.69657599909445,-0.788416998394057,-0.3175528871714,0.154734506588142,1.07190113267801,1.00035122873462,6953,1,0.676475
"year[119,12]",-0.0981838631127691,0.800004355320349,-1.69703005170803,-0.636760780105505,-0.0879442065410476,0.447274899299727,1.43671894696941,1.00058207716777,4573,1,0.545425
"year[120,12]",0.385028033520932,0.502949236370841,-0.589663473228128,0.0449528207142155,0.382543129733383,0.71817876051323,1.38944225863187,1.00008031589814,32148,1,0.778175
"year[121,12]",-0.0597189512700931,0.835452986540048,-1.69713936297488,-0.617146017909996,-0.0622966865317495,0.504667371360871,1.57200157709061,1.00038238676958,6744,1,0.5306
"year[122,12]",0.0788425450805771,0.83173245162214,-1.54582617415993,-0.479278827309647,0.0775172086097597,0.630132844903051,1.72501615571084,1.00037213844117,6708,1,0.5375
"year[123,12]",-0.045867781068725,0.824915028477499,-1.66606589140976,-0.597483116029771,-0.0432919034424155,0.509366203302667,1.57175192553736,1.00008028238353,40000,1,0.521825
"year[124,12]",0.155703999281831,0.702748597238192,-1.23797280665447,-0.316334969714161,0.157412132574448,0.635362867609487,1.51563071165239,1.00029837071244,8133,1,0.58985
"year[125,12]",-0.0994759896280681,0.822172427342851,-1.71577731345315,-0.651352766969798,-0.0988883775401429,0.454391055664026,1.50871517075991,1.0002742134268,9303,1,0.547075
"year[126,12]",-0.161864079877586,0.817629491181421,-1.77251134608999,-0.707836861542052,-0.15581530982463,0.389328966363317,1.43014200463132,1.00020823739211,10390,1,0.576075
"year[127,12]",-0.22551467793659,0.811163844350477,-1.81595476164755,-0.776258564317037,-0.219191161215978,0.324467897028731,1.35308889706937,1.00052223963877,4729,1,0.60575
"year[128,12]",-0.143509306687752,0.819613617188858,-1.76175073457482,-0.695512166851444,-0.135639041907819,0.405468963504589,1.4603549185452,1.00054382150135,4307,1,0.566
"year[129,12]",-0.107753808238763,0.818934716514188,-1.73772790101074,-0.657590474104452,-0.102440686875526,0.445477486081079,1.4926389687747,1.00039429013921,5926,1,0.548625
"year[130,12]",0.0651697081670379,0.835987303265019,-1.56575627482901,-0.498335534018294,0.0624535323589316,0.624973458235617,1.7090473556443,1.00063193330373,4561,1,0.529625
"year[131,12]",0.228699203316319,0.829042358076161,-1.40802641560564,-0.325972542295948,0.230633651055611,0.786125215793288,1.84783415895575,1.00033432720728,13438,1,0.611225
"year[132,12]",-0.118261791325148,0.830387149062974,-1.75140224582528,-0.67489444932184,-0.109560286540653,0.440937121533622,1.49353568769912,1.00007653736655,22824,1,0.5535
"year[133,12]",-0.307699352447543,0.77272500802474,-1.81952777092132,-0.828731464288413,-0.307127110170897,0.210372463098705,1.22225127736375,1.00024266018549,9530,1,0.65805
"year[134,12]",0.162546496460866,0.673187439020629,-1.14007156713381,-0.294345263789849,0.153460159299856,0.611759498187444,1.50192412272697,1.00008651898208,40000,1,0.59275
"year[135,12]",0.260192748442406,0.838311345981444,-1.38324360562806,-0.304397503742346,0.258100721918609,0.824649408092262,1.91254942840017,1.00095441216393,2641,1,0.6238
"year[136,12]",-0.780747241141777,0.677388210533089,-2.10445410348839,-1.2405270403736,-0.779663488373078,-0.326906804595124,0.542524881907802,1.00030914244044,8178,1,0.8749
"year[137,12]",-0.122049391285456,0.815657232418612,-1.74469696632094,-0.663715416573644,-0.116142487269654,0.433953473489537,1.43734340945111,1.0000595541224,23023,1,0.556125
"year[138,12]",0.237232124610895,0.704645684500334,-1.14561895034422,-0.241253084297806,0.22890746748199,0.718756692138535,1.62465547420714,1.00049671893729,5584,1,0.6298
"year[139,12]",-0.0965927270675611,0.821078885962219,-1.7278813917457,-0.643814965662282,-0.0922046784933503,0.45691161829253,1.48157606555186,1.00000588717287,40000,1,0.544425
"year[1,13]",0.194758478190253,0.479436821298833,-0.738737025148624,-0.133143419967522,0.194494118830353,0.520465728665191,1.12941666030629,1.000165620626,15749,1,0.65475
"year[2,13]",-0.161713216513939,0.80239983402049,-1.75024792013475,-0.698505280195831,-0.1560772298118,0.376780619014469,1.40280181572022,0.99999330039621,40000,1,0.577425
"year[3,13]",-0.132901393032371,0.825192855669323,-1.77942866210944,-0.682506880625681,-0.126014010984178,0.423377763584872,1.47953731341592,1.00030014306123,8344,1,0.562575
"year[4,13]",-0.0363906699748377,0.726021419415366,-1.47065240589474,-0.526068961425482,-0.0316869581596181,0.448871109871204,1.39866545030478,1.00009865015474,21632,1,0.517825
"year[5,13]",0.936160273809749,0.498663848521261,-0.0270103737531502,0.596695381475828,0.933435974966283,1.27153895362617,1.93092587510613,1.00014985011431,14521,1,0.971575
"year[6,13]",-0.0883080293550689,0.720265726215802,-1.50834287328482,-0.570059738731941,-0.0852335604610021,0.401853993571887,1.30409120555454,1.0005564236509,5640,1,0.54755
"year[7,13]",0.0470266142111716,0.821926295368652,-1.5766762896005,-0.499380579052247,0.0473946914402978,0.603447150678022,1.6460283968727,1.00033451189042,7514,1,0.523375
"year[8,13]",-0.417593856211868,0.835483167065609,-2.07193456982741,-0.972573045545339,-0.411143244034041,0.142839864656027,1.21227248031039,1.00025090238193,11670,1,0.692225
"year[9,13]",-0.0255704963503586,0.83075498211067,-1.65907912351978,-0.577725068306836,-0.0208104775677441,0.532091836233084,1.59224242536815,1.00026974797692,9180,1,0.510475
"year[10,13]",0.580570085834589,0.79593668368914,-1.03377793308816,0.0462839810043584,0.597650487014747,1.13178379617025,2.08336481057673,1.00058955627037,4169,1,0.76745
"year[11,13]",-0.856185996851469,0.758234210147552,-2.34937721779552,-1.36583567323306,-0.849659517007681,-0.349963063666533,0.616576430864683,1.00019006846394,12139,1,0.870825
"year[12,13]",-0.00585254368989808,0.81926153826944,-1.63906573003105,-0.552299858973912,-0.0038104154225346,0.547107823787666,1.58181574440474,1.0003702056304,9760,1,0.501975
"year[13,13]",0.0371134243212104,0.823196446342238,-1.60013010250173,-0.513341429142813,0.0419139279815349,0.587184750514115,1.63348958105763,1.00006217976802,40000,1,0.520875
"year[14,13]",-0.190588562931325,0.723228011634902,-1.63638126610979,-0.671353286450749,-0.182578784625895,0.30362909668835,1.18988677632643,1.000219466982,9970,1,0.601175
"year[15,13]",-0.243764454253786,0.778550121822759,-1.78364547729994,-0.767464249299819,-0.239303551999831,0.285206226098846,1.26344251209214,1.00012473484326,19141,1,0.61965
"year[16,13]",-0.0819638238695366,0.825676967602342,-1.71518487385311,-0.636438661306449,-0.0802647412430229,0.475191421924867,1.52024338487518,1.00028711878479,11208,1,0.537625
"year[17,13]",0.0416670911780393,0.6746405999729,-1.28183913825771,-0.411320161258487,0.0431518620521365,0.495778200651708,1.36198866952529,1.00016871240097,12672,1,0.526275
"year[18,13]",-0.0275293823283541,0.833246652506751,-1.66372463406898,-0.583328762467917,-0.0340944515613687,0.533669032584014,1.60455846945542,1.00024123236354,10103,1,0.515625
"year[19,13]",-0.038177496919347,0.75343731608651,-1.51486226404826,-0.541045839940979,-0.0339786424906866,0.467991337284025,1.43166929181408,1.00030796164292,7437,1,0.519075
"year[20,13]",0.00693663401899036,0.835744941314757,-1.63681038177966,-0.550017933205324,0.00717214924478761,0.566507126624552,1.64859508606546,1.00001313740118,40000,1,0.503375
"year[21,13]",-0.0832141057056122,0.824585706980557,-1.70994758320908,-0.631614852525147,-0.0782915724630547,0.468986742384994,1.52959791211194,1.00013391048544,40000,1,0.5386
"year[22,13]",-0.1810459904915,0.80997618576552,-1.79278192920615,-0.720763988217763,-0.17008168565651,0.366176999474959,1.38439286185781,1.00001943426617,40000,1,0.584775
"year[23,13]",-0.0689077465290271,0.826610923439054,-1.67179171142689,-0.626912166727767,-0.0680316301156687,0.487775932443347,1.56148289066582,1.00020209910026,11751,1,0.531475
"year[24,13]",0.0475201257513692,0.731609724222487,-1.39339253272871,-0.442656644098856,0.0480228001946783,0.538314457274335,1.47389189029236,1.00009151266691,24636,1,0.52605
"year[25,13]",1.1383828098999,0.64331370191545,-0.15044449283358,0.712286504212531,1.14501251831654,1.56783229677266,2.38339901786181,1.00027833994237,15204,1,0.958775
"year[26,13]",-0.351541005592597,0.668507560492103,-1.67632589301855,-0.796358401746469,-0.345892832246603,0.0969028295412033,0.949275891681786,1.00034390823889,7059,1,0.699275
"year[27,13]",-0.00843966334028035,0.795311893755503,-1.57082592523167,-0.539104664700912,-0.00591718590542599,0.526700302591537,1.56462827175079,1.00036213103763,7014,1,0.502775
"year[28,13]",0.119647932035723,0.77982772336693,-1.41948444472063,-0.407093643759663,0.121381614747147,0.651026649887265,1.64515252199895,1.00007947517186,25573,1,0.5623
"year[29,13]",-0.158955965554056,0.765953210407598,-1.67946527009841,-0.670861037142776,-0.151426081249414,0.364162720291628,1.3118616888123,0.999997179133335,40000,1,0.578675
"year[30,13]",0.0519333718997209,0.847366557600156,-1.61254896110973,-0.523945628806742,0.0553640730178332,0.628292228362277,1.70444785635913,1.00017234400125,12388,1,0.526325
"year[31,13]",-0.392497729594892,0.578256527345321,-1.53203196153648,-0.778162455128347,-0.391179154903068,-0.0023421264063987,0.732638133241228,1.00011978745891,18843,1,0.751375
"year[32,13]",-0.123612856274135,0.817427904385402,-1.73142727415439,-0.670194844728263,-0.118684340948289,0.430857313048528,1.46344972719807,1.00013220320881,15912,1,0.558675
"year[33,13]",0.0749607983759824,0.725704266899594,-1.36493507689528,-0.406737946856033,0.0846938731309279,0.566289614590395,1.48181550651219,1.00011077792197,18959,1,0.54605
"year[34,13]",0.280056798177037,0.783289111890296,-1.27654069471501,-0.248603614778644,0.287139677043654,0.819767821043953,1.77745910285326,1.00026339738883,8793,1,0.641125
"year[35,13]",-0.0689143076097687,0.827878314105976,-1.70679069974582,-0.621943288785646,-0.0676611233668819,0.487492056169758,1.54264821603902,1.00006981677375,40000,1,0.532575
"year[36,13]",0.291219633718486,0.600950124247459,-0.899727007959281,-0.110548388482361,0.298372431224556,0.699010928198848,1.44515947373154,1.0001002343534,20876,1,0.68955
"year[37,13]",-0.0825104011116501,0.833203330050003,-1.7325606677057,-0.638455876130087,-0.0768188053299898,0.476353843140269,1.53615792898492,1.00009827435531,29379,1,0.5365
"year[38,13]",-0.0578052779270731,0.785005736185961,-1.62583512545795,-0.582437426954798,-0.0494880300868172,0.472302663375401,1.46608010709634,0.999985936676888,40000,1,0.52585
"year[39,13]",-0.160867833871348,0.809475184286606,-1.77785627499698,-0.700879352481675,-0.149969740623901,0.389073562245875,1.39146451821783,1.00055077385929,4461,1,0.574175
"year[40,13]",-0.546040715035952,0.786997078931075,-2.09892890495599,-1.07347128000632,-0.543111706959813,-0.0139129232879756,0.978635085866474,1.00012561134386,27135,1,0.7557
"year[41,13]",-0.319771356754448,0.836144650107231,-1.97847562133262,-0.873968309196219,-0.316100512510904,0.23128390187469,1.32226010636964,1.00190686120559,1302,1,0.6523
"year[42,13]",0.39374522070991,0.750650067435733,-1.08035323740776,-0.117815855476514,0.403574506821995,0.904159982494891,1.85668799563987,1.00041657454421,6438,1,0.698625
"year[43,13]",0.312191389443592,0.613253164622734,-0.907844930439492,-0.0947215111007665,0.315243514861245,0.723647042398707,1.50941090873942,1.00033424623912,7502,1,0.698525
"year[44,13]",-0.642366306058746,0.662830784813406,-1.95495447794745,-1.08575397054251,-0.636729468978545,-0.194787377880508,0.645280768032795,1.00006259504527,24989,1,0.83325
"year[45,13]",-0.896279386298778,0.697203266184291,-2.26388768074647,-1.36585112060921,-0.896483161282146,-0.429088332206116,0.47201797840187,1.00015316270911,15328,1,0.901875
"year[46,13]",-0.0897459256901537,0.823640355194269,-1.72000174253235,-0.642190454204269,-0.0810608869577591,0.461092694418562,1.51772792626493,1.00005654886731,35960,1,0.540125
"year[47,13]",1.11618645661122,0.716000553592646,-0.399707548422899,0.663594929939219,1.15526853668595,1.60969291200936,2.42584772682231,1.00014440878986,15312,1,0.93325
"year[48,13]",-0.565995105117421,0.542449066654547,-1.62667823572666,-0.930402862787682,-0.56843968130946,-0.197841039829743,0.500678951170663,1.00006412028776,40000,1,0.85125
"year[49,13]",-0.0735758640140865,0.825490108157721,-1.71784116163989,-0.62020779133765,-0.0690304022921034,0.484419447902536,1.53683503234983,1.00032199638133,8012,1,0.533475
"year[50,13]",-0.051127810441657,0.623319774048161,-1.27634697312705,-0.471309220325942,-0.0488619111014728,0.373787590446105,1.15677092584104,1.00038384004814,6955,1,0.531925
"year[51,13]",-0.752320436654197,0.662427073790884,-2.04307342548549,-1.1967851907961,-0.750240344806597,-0.311631014717707,0.549471418047696,1.00014578590588,13201,1,0.871725
"year[52,13]",0.0792872642724483,0.826225126554679,-1.52518826529549,-0.482022880946552,0.0756939204249014,0.635816879404416,1.71217139444336,1.00044502243045,5873,1,0.537925
"year[53,13]",-0.283657484336599,0.731140476825395,-1.75357266811045,-0.766579365823053,-0.271097982043152,0.207218705898073,1.11985219291293,1.00022771437613,12643,1,0.649175
"year[54,13]",0.54052962083484,0.581150008729575,-0.617828150786032,0.155344916116472,0.546496127867195,0.936399155764154,1.66541341138803,1.00007202036936,26481,1,0.8248
"year[55,13]",-0.389089074095346,0.801947509934172,-1.98771415479489,-0.927522103890912,-0.384289870561543,0.160535245393811,1.14899173767455,1.00010017141269,23028,1,0.6825
"year[56,13]",-0.22571032821188,0.813192387346509,-1.86189035343553,-0.766705633283114,-0.216250456922315,0.32367882054934,1.35254098999026,1.00028467466817,12259,1,0.60735
"year[57,13]",0.343175173552079,0.832011640590245,-1.30954559043343,-0.217630614774273,0.351184393417131,0.910870074153738,1.93893078955898,1.00027145829984,9820,1,0.661325
"year[58,13]",0.0277366220753176,0.804906716629198,-1.55646232255518,-0.512599265733805,0.0308207000812316,0.572317766307277,1.58820788152058,1.00006957430558,31230,1,0.515775
"year[59,13]",0.049190293565132,0.783427510742109,-1.4978014208933,-0.475873589741047,0.0558711967982848,0.572238148975158,1.57498247495051,1.00007371657534,21292,1,0.528075
"year[60,13]",-0.203371162722605,0.664175198161943,-1.50085532647263,-0.654151970571385,-0.206827873046815,0.245952253942741,1.11489712639333,1.00055171870471,5094,1,0.620225
"year[61,13]",0.0521101451713376,0.8096328220603,-1.55479423954004,-0.486928319401637,0.0546521711436539,0.602393187896275,1.62848846056552,1.00081636065978,2953,1,0.5266
"year[62,13]",-0.1689924448448,0.819218706004952,-1.78413342661513,-0.712411795146362,-0.164263912380925,0.382183845211764,1.43926994728753,1.00055306084716,5089,1,0.5784
"year[63,13]",-0.0978202436064025,0.820661686640062,-1.71192991474004,-0.649174660282317,-0.0948038090720743,0.452155142863447,1.50356840402108,1.00017439011177,24061,1,0.54695
"year[64,13]",-0.0666786198521498,0.833927343827244,-1.71301733414595,-0.623030574222468,-0.0620195607017656,0.496269756017324,1.55248489369688,1.00013761856969,14838,1,0.529225
"year[65,13]",0.565309957176198,0.458528123964004,-0.31625061934283,0.256356253236224,0.557591410367239,0.870165582282465,1.48657483317067,0.999973482599193,40000,1,0.893925
"year[66,13]",-0.140694902890868,0.833287563426137,-1.79856455068299,-0.697360488924676,-0.128010886618834,0.434121096189699,1.44872402473247,1.00027518950635,14773,1,0.561825
"year[67,13]",-0.176268156997315,0.814934965370405,-1.79971976476873,-0.71936509398104,-0.171456235781903,0.375772316623123,1.38923863618602,1.00008438880859,25196,1,0.584175
"year[68,13]",0.0359785114588442,0.495787866128367,-0.932422952367284,-0.296040447977116,0.0336906709827025,0.366398312338586,1.01876377404369,0.999966241879176,40000,1,0.5263
"year[69,13]",-0.0812749209164094,0.815440172664442,-1.68173552269241,-0.628526085478166,-0.0794518315399605,0.468875308396935,1.50370807138507,1.00044598393132,6620,1,0.539375
"year[70,13]",-0.346812269232251,0.657448545093302,-1.65525310710991,-0.787248506571287,-0.339377996838375,0.103049588919495,0.924650262064497,1.00010227739649,26019,1,0.69715
"year[71,13]",0.143674634194838,0.789182707869986,-1.40780577463982,-0.390876065326191,0.147846440916828,0.678424708273979,1.67759955582981,1.00012179740459,16840,1,0.57365
"year[72,13]",-0.087910277496043,0.813103617966899,-1.70191837964212,-0.628975516023632,-0.0862478494907373,0.46363447795567,1.49020724800365,1.00015118522947,13405,1,0.542225
"year[73,13]",-0.114317161999137,0.81876021004419,-1.72315450788187,-0.662713199716997,-0.111844531718158,0.433245490564577,1.48704959426134,1.0000474913813,35686,1,0.5519
"year[74,13]",-0.1732789338182,0.831492051540477,-1.80798720828769,-0.730380272792213,-0.170899602689803,0.391491638974679,1.43428419624142,1.00022046439007,9581,1,0.5814
"year[75,13]",0.126598918098802,0.783839594613404,-1.41370635291312,-0.401173129262407,0.129128886013022,0.656040732121076,1.65423228975082,1.00020503420087,19060,1,0.565175
"year[76,13]",0.346852753976334,0.547240835893936,-0.736940379680964,-0.0177563448329304,0.351520702968572,0.720516951606486,1.39994925022161,1.00005678227271,27551,1,0.739875
"year[77,13]",-0.136445043897523,0.827704577674853,-1.78211050434261,-0.688455572583103,-0.128313596614287,0.425002078034415,1.46913768171276,1.00029274932806,14284,1,0.563075
"year[78,13]",-0.0842000506454338,0.832834569537318,-1.73096914143534,-0.641252395027601,-0.0821964723674963,0.469478458300043,1.5416850832207,1.00046669810043,4964,1,0.53915
"year[79,13]",0.0676647737861069,0.83730935674382,-1.55474063602949,-0.494060135389593,0.0641780456580176,0.628229491072813,1.70166824215658,1.0001201591706,17323,1,0.5306
"year[80,13]",-0.253707840564418,0.823761903407694,-1.89906789122485,-0.805668615334613,-0.246765957880009,0.30920709746307,1.34320133627903,1.00075479210265,3242,1,0.616925
"year[81,13]",-0.179433960803429,0.64312095669013,-1.47428049950945,-0.608016934046111,-0.171118539623621,0.256182879898277,1.04892370554528,1.00038656274368,6851,1,0.6036
"year[82,13]",-0.244919982837776,0.689174228306359,-1.59715629705113,-0.710830872055588,-0.240891607692869,0.222860862355784,1.09483777484016,1.00017281158658,12921,1,0.635725
"year[83,13]",-0.347808095545823,0.780686572652586,-1.89948640776541,-0.873609713887635,-0.334288912766921,0.184549119699268,1.15377554300305,1.00006739720055,27141,1,0.6703
"year[84,13]",-0.132212907826165,0.83059078680388,-1.78906653712274,-0.685479451816899,-0.128190041066368,0.424437228302206,1.50769597024423,1.00054301536364,4889,1,0.5616
"year[85,13]",-0.355727303479705,0.814403604685988,-1.95056048855315,-0.900576850805491,-0.353458547265303,0.193106051378182,1.25119536292588,1.00041431912795,5945,1,0.669375
"year[86,13]",0.785738847924984,0.482480454874904,-0.136326059857868,0.461085868074026,0.775413073922055,1.10235167665987,1.76386190726608,1.00015946029853,13295,1,0.9518
"year[87,13]",-0.150408103994084,0.769925557344073,-1.67062361527625,-0.668713959622931,-0.145779534955739,0.369185436110822,1.34790609290015,1.00014598150781,21425,1,0.573725
"year[88,13]",-0.203590739963877,0.743918950767965,-1.67734348731317,-0.704208721711162,-0.191118121720085,0.302395784497313,1.23225148321884,1.00026113539145,8481,1,0.601725
"year[89,13]",0.13521289678857,0.777894007007412,-1.4259898681534,-0.378679858938746,0.141862365549946,0.665505715746801,1.6284754778989,1.00010247598868,40000,1,0.57215
"year[90,13]",-0.162933907241372,0.812675890297578,-1.77268151939708,-0.702767395020922,-0.154023405864662,0.3813079731048,1.42137535336856,1.00055688537382,4164,1,0.576925
"year[91,13]",-0.29353365097595,0.552858944980887,-1.37081932908426,-0.667230417994214,-0.29895975455711,0.0793635383531627,0.791362892382174,1.00015486597933,18097,1,0.702525
"year[92,13]",-0.108334694096659,0.833242377009297,-1.75738248931611,-0.6671648261751,-0.106931867478804,0.451113781512858,1.52629172284812,1.00016730305596,12853,1,0.551775
"year[93,13]",-0.136486171580742,0.739750882020345,-1.61179807990434,-0.629664055072508,-0.127441072196219,0.362162757162998,1.3097361303271,1.00014891589981,26838,1,0.568525
"year[94,13]",-0.0718577356843051,0.779693951983074,-1.60517605504443,-0.597299958060714,-0.0722649104687871,0.458775424501996,1.44235511249408,1.00006234261306,22872,1,0.538425
"year[95,13]",0.183446075587112,0.734761919342233,-1.29541157512145,-0.305223628776402,0.18864482801289,0.682403704599207,1.59805615401593,1.00025088981734,10893,1,0.60455
"year[96,13]",-0.128646011535689,0.832600667909494,-1.78899201842658,-0.685196169493435,-0.115604416158663,0.440486097690777,1.46301094287307,1.00036687708397,6915,1,0.55655
"year[97,13]",-0.098578238758356,0.820284446414646,-1.73137337075544,-0.643603376294763,-0.0914598189370162,0.452007207421873,1.48499552656884,1.00013121887125,17264,1,0.546475
"year[98,13]",0.142251819194993,0.827191300418579,-1.50523740529786,-0.412537200276843,0.14762867696827,0.701877073054069,1.75751936935544,1.00071180719673,3387,1,0.571525
"year[99,13]",0.875217478773227,0.716227444375763,-0.577847563608648,0.397497757392772,0.889323412013615,1.36362837250965,2.24147773866503,1.00037060439994,6304,1,0.889175
"year[100,13]",-0.145718125320323,0.825022669345388,-1.78169041975608,-0.697821649044701,-0.139623678542536,0.411318512998985,1.46977425369199,1.00035109722862,7376,1,0.56825
"year[101,13]",0.107756331667311,0.825682540662206,-1.49750225381958,-0.447285807514853,0.0988357433117394,0.658326974809935,1.74542959235138,1.00038560607387,9742,1,0.549325
"year[102,13]",-0.0694258983683075,0.82633657019777,-1.7059922335604,-0.624725579802283,-0.0624169959202347,0.492851097139325,1.54612427075115,1.00028886602182,10476,1,0.530925
"year[103,13]",0.242868089022599,0.807512635034135,-1.3551805900124,-0.297752771507143,0.252318787656197,0.795092121714812,1.8043782214456,1.00087071359763,2958,1,0.62205
"year[104,13]",-0.0132717156018267,0.804756389887352,-1.61193228002011,-0.547712103597779,-0.00593347314331766,0.530999283830825,1.55256866334664,1.00040382398975,6478,1,0.502675
"year[105,13]",0.174194900992899,0.581188146278974,-0.979285778748776,-0.213709647804617,0.174701531376342,0.56608943370504,1.31512538507851,1.00005115180022,32137,1,0.618825
"year[106,13]",-0.313078652970841,0.744751829903208,-1.78979874820285,-0.813901407786582,-0.306427238823605,0.190519679861509,1.12328926288213,1.00026663311657,8511,1,0.661
"year[107,13]",-0.363639714642074,0.738282102424266,-1.80612229176508,-0.859872676636915,-0.368974596901373,0.129363245410349,1.10306646967322,1.00029622444905,7722,1,0.691825
"year[108,13]",-0.074215038424396,0.829511857853665,-1.70971322441325,-0.629027831591896,-0.0683163591693853,0.484857054171499,1.53494649048776,1.0000053365945,40000,1,0.5347
"year[109,13]",0.0280400604554381,0.660897830397716,-1.27096402197626,-0.4235202774118,0.0301770583621966,0.475541369530043,1.3206063509813,1.00014422248218,24678,1,0.518225
"year[110,13]",0.904132136766187,0.716327921694893,-0.541862848915687,0.433475363302876,0.917639685224438,1.39014650308447,2.28500410116368,1.00048512282167,5008,1,0.89465
"year[111,13]",-0.110577805003333,0.824786981816756,-1.73697750580985,-0.660351893468328,-0.107922815725545,0.443198757675404,1.5041633779998,1.00021901673618,10745,1,0.553025
"year[112,13]",-0.316197125549642,0.752889426149617,-1.80221175749714,-0.825000140862808,-0.309144477469731,0.20134981118814,1.13248110061567,1.00011180579139,17853,1,0.65715
"year[113,13]",-0.31236966015076,0.649745413293467,-1.57972058278777,-0.753609739640717,-0.308790881027896,0.133858344638242,0.946619081947734,1.00007136463498,26308,1,0.678875
"year[114,13]",-0.0862794870796285,0.792927336223105,-1.66884884122741,-0.615575900536517,-0.0811217375107448,0.446888106565259,1.44618966155155,1.00009728059679,17721,1,0.5396
"year[115,13]",-0.107609386993629,0.820299910262768,-1.74510235016109,-0.648289156375661,-0.0982822760034073,0.441682549805532,1.48832103935796,1.0001061639464,22554,1,0.55045
"year[116,13]",-0.0982610688680959,0.798534682105109,-1.68597222569826,-0.629756664248038,-0.0900097066918035,0.444973711095111,1.44559801261389,1.00066095406382,3903,1,0.5453
"year[117,13]",-0.0580925835047321,0.836553278646402,-1.71429193317518,-0.619889402115831,-0.0562951614848844,0.514686545533779,1.56714467974886,1.00031720880489,7919,1,0.527075
"year[118,13]",-0.290355483543484,0.754833723916827,-1.78997496908796,-0.793398673024397,-0.286379728903976,0.2167643772564,1.17849803940429,1.0001657899408,13067,1,0.650225
"year[119,13]",0.0585484346177232,0.808110667191959,-1.54121587950235,-0.474244698293821,0.0647057072301899,0.610330844596702,1.62111530294963,1.00038177263151,7558,1,0.5328
"year[120,13]",0.721625825731727,0.484681646203795,-0.217855545525401,0.39415029810498,0.718168242119369,1.04199443135749,1.69971658740376,1.00004135924039,40000,1,0.9346
"year[121,13]",-0.0181230411234972,0.833466904818607,-1.66335306228226,-0.57354712091952,-0.0172349156125869,0.541673708655658,1.62721844579307,1.00064881916553,3970,1,0.508875
"year[122,13]",-0.0951845338029993,0.829689151090514,-1.74335169098974,-0.647642660474142,-0.0887044786774263,0.462754096496474,1.52090451902877,1.00006603595232,33064,1,0.543025
"year[123,13]",0.0413012947599075,0.819665294509021,-1.56518055406916,-0.507738451548592,0.0430407837481107,0.596456973442585,1.64938381254094,1.00013098459153,16386,1,0.519475
"year[124,13]",0.114826048692742,0.704386930436926,-1.26726933792457,-0.363559707233288,0.115983942653266,0.586246547230197,1.50088588104904,1.00008054161481,24711,1,0.566225
"year[125,13]",-0.0868574829753019,0.827863334203978,-1.72805323770644,-0.635233654560877,-0.0821378944533815,0.467798427487153,1.52941559271816,1.00062214813134,3798,1,0.53805
"year[126,13]",-0.149389236979606,0.824432572233976,-1.77541922960852,-0.703615191864167,-0.144735480123432,0.405489814443849,1.46843921762956,1.00015936001518,19428,1,0.570075
"year[127,13]",-0.0836134736897362,0.809502301239836,-1.67764274976373,-0.624217720075619,-0.0806026692964833,0.469560901309743,1.4753743481676,1.00014036721668,18000,1,0.53875
"year[128,13]",-0.104779812284569,0.811419326734364,-1.70664601196556,-0.651254292010993,-0.0984831487390578,0.442346863131653,1.47019691059746,1.00013600339192,15522,1,0.5493
"year[129,13]",-0.0855088199098857,0.819008142345518,-1.69452611107628,-0.633745701026727,-0.0783089545276462,0.463126968002229,1.51208946535463,1.00032620217359,6932,1,0.53915
"year[130,13]",0.284216172301332,0.845454294541291,-1.34755998818486,-0.286184879380236,0.269490049440382,0.844079179519305,1.99100436612481,1.00040684487346,6475,1,0.62755
"year[131,13]",0.160963397339017,0.823544156835608,-1.45847952992728,-0.396792005491889,0.160437287796566,0.715966205769204,1.7829167429102,1.00027480050048,10870,1,0.5784
"year[132,13]",0.0146416656098721,0.817672294054155,-1.59052040130491,-0.532090045094076,0.0123490978511996,0.566295713593755,1.61051996089879,1.0002481654229,9748,1,0.5058
"year[133,13]",0.348997986329079,0.795742603753312,-1.18860711718723,-0.194056115784549,0.338049002229543,0.883804857638976,1.91832264407483,1.00005500804315,36321,1,0.6663
"year[134,13]",0.268492439993856,0.684602808930077,-1.06489533854295,-0.198632031975788,0.264622191271538,0.731270466999212,1.60850046727304,1.00026122895029,8112,1,0.651275
"year[135,13]",-0.110425213628891,0.837124514926525,-1.76592792937823,-0.671414782877695,-0.105485417082088,0.453223723239476,1.5183038823698,1.00039974520435,6051,1,0.551425
"year[136,13]",-0.340948776445575,0.67805315674407,-1.70487470624806,-0.793190385577409,-0.329452826803148,0.118872704407924,0.960317811258792,1.00015812965979,14549,1,0.688925
"year[137,13]",-0.104409435305483,0.821300409646352,-1.73920829476492,-0.653202712936787,-0.0995289601902855,0.456296630481182,1.48902683978971,1.00018802768568,13915,1,0.546775
"year[138,13]",0.488709525155397,0.70444681217364,-0.895446207511122,0.0148486613006869,0.489823182708669,0.96875077460487,1.85374773442501,1.00043243974458,5616,1,0.75715
"year[139,13]",-0.0870274766101637,0.829378666778494,-1.73032252407044,-0.637105091787161,-0.0874912591754182,0.473190685092848,1.52365804092322,1.00015986456156,17268,1,0.541225
"year[1,14]",0.0770058958643785,0.467621572531314,-0.840155384213504,-0.238497907837108,0.0770061763335857,0.393158093542975,0.987195629588216,0.999994351130961,40000,1,0.565725
"year[2,14]",-0.143949520527733,0.800897808011377,-1.74469476240568,-0.679724055991716,-0.130158442467037,0.398916118499013,1.39409833727507,1.00029052089748,8271,1,0.563675
"year[3,14]",-0.121982561982033,0.808035642717261,-1.72081759594239,-0.660067465344831,-0.126484789034943,0.427515087807356,1.45176493316882,0.999978338484345,40000,1,0.5596
"year[4,14]",0.44130949145129,0.72924140035041,-1.02314823146564,-0.0474449009436846,0.452099698477388,0.934767181462834,1.84934020590793,1.00025332830933,9421,1,0.728925
"year[5,14]",-0.326952716109263,0.497372219348239,-1.2922529673334,-0.66626615993772,-0.327490631198515,0.00353481941966603,0.664526140530248,1.00011824175066,21731,1,0.7477
"year[6,14]",0.0433914953513257,0.726043190358699,-1.35900434327542,-0.452614971363698,0.0372749778432046,0.531026532318766,1.4804513499171,1.00017713747941,13733,1,0.522175
"year[7,14]",-0.0786885583742299,0.792471719267322,-1.65714494256609,-0.607269592784932,-0.0687025500307174,0.452263375152992,1.45509395513993,1.00007678707017,25465,1,0.535925
"year[8,14]",-0.189277898264045,0.815950441189135,-1.825004059049,-0.728628013690739,-0.182202320663531,0.364457318335046,1.37074598910587,1.00011806249218,16035,1,0.5863
"year[9,14]",0.112132406109459,0.825643718229144,-1.52133349448578,-0.439817658628121,0.115527335894396,0.666476565942353,1.71901204114753,1.00025843353895,9982,1,0.5571
"year[10,14]",-0.00365473065090373,0.745696002541466,-1.47409632190447,-0.513850029811535,0.00424811758550445,0.502388722896942,1.43033143954953,1.00066404982,3821,1,0.49765
"year[11,14]",-0.309491166883149,0.783132898079466,-1.88562496603009,-0.83586538984826,-0.292500342607999,0.221870721638407,1.18897016587907,1.0000419716275,29641,1,0.64755
"year[12,14]",-0.0897102986634454,0.81743463097622,-1.70358089893066,-0.63362818720617,-0.08816258532958,0.458726276788048,1.49494343240436,1.000559726115,6471,1,0.5435
"year[13,14]",-0.13407902864125,0.832512485672195,-1.792416079304,-0.689570292967837,-0.130482382337132,0.427401872745322,1.47974407375581,1.0006699959437,4176,1,0.56175
"year[14,14]",-0.220016880551814,0.727503224662884,-1.68236038252431,-0.704813802134786,-0.206345740905646,0.275684319017047,1.17217011259548,1.00012613350915,15200,1,0.611875
"year[15,14]",-0.0558850402436754,0.805682849882812,-1.65845862984097,-0.602362290733105,-0.0452542893013384,0.496280773089606,1.48203405949219,1.00007886868434,25370,1,0.52115
"year[16,14]",-0.0669109725773855,0.832446977387145,-1.69930581175434,-0.621544840044512,-0.0684729706436071,0.486981436051646,1.56215465198642,1.00019313948806,13569,1,0.53275
"year[17,14]",-0.316140314377476,0.6991891144062,-1.68912232279917,-0.786754194475109,-0.318378895271287,0.1533704657905,1.05440332116391,1.00001838752914,38870,1,0.674675
"year[18,14]",0.0876317339927965,0.855001103492752,-1.58800679158676,-0.477397294096281,0.0853973387424193,0.656299416680536,1.76059065988853,1.00006598991531,23005,1,0.540675
"year[19,14]",-0.00666831659356651,0.783942394156857,-1.54258369525686,-0.53196444036259,-0.00629668767854336,0.526325377855681,1.51764212176256,1.00022794779878,20451,1,0.502775
"year[20,14]",0.0581489009457819,0.844814289180282,-1.62042479690924,-0.504406842180014,0.0641914634477375,0.631462813509521,1.70394775822483,1.00014624128721,17119,1,0.529975
"year[21,14]",-0.0986702973517263,0.821400223466488,-1.71778351310132,-0.651592366664176,-0.0934583577480801,0.450333081634386,1.51781934574328,1.00044579602124,5747,1,0.5462
"year[22,14]",-0.172796028100662,0.807041097510276,-1.78069462857687,-0.705350436892066,-0.165726085876604,0.36610953182994,1.40531380460762,1.00052172233585,4502,1,0.58115
"year[23,14]",0.0030673009387874,0.825058857509555,-1.62477857126399,-0.551828764907348,0.00227134847676225,0.562394913324512,1.61213949449002,1.00033610757143,6999,1,0.501175
"year[24,14]",0.284666465746605,0.7277747072885,-1.15582912551493,-0.200149060625264,0.289041700816823,0.785591400179137,1.681787564765,0.999984584079132,40000,1,0.653125
"year[25,14]",0.391782423720632,0.627715965420995,-0.837507892482612,-0.030415485169688,0.389335989852695,0.812318085330667,1.62381587454568,0.999990203976959,40000,1,0.7347
"year[26,14]",-0.409785792722465,0.690854317533992,-1.76089282816933,-0.872171676113445,-0.410807409556227,0.0528923109039315,0.944140648254811,1.00009621988962,33369,1,0.7257
"year[27,14]",-0.0535132265600727,0.825015547532073,-1.67943790962382,-0.608249698668286,-0.046542101297389,0.503417494191851,1.55671436222403,1.00069257098091,3647,1,0.52335
"year[28,14]",0.0770926181184011,0.760086663033266,-1.42959135533775,-0.431957302672658,0.0790341024508464,0.585978868816722,1.56832806527272,1.00046262538594,4957,1,0.540675
"year[29,14]",-0.151550865872358,0.7604456947507,-1.67566921067503,-0.660370951311924,-0.143912830578217,0.3626114829019,1.32923049032451,1.00013783666497,13926,1,0.5769
"year[30,14]",0.349247789958145,0.827469405208197,-1.28363711663578,-0.205618683701911,0.352612005349356,0.90768435860771,1.96633672690272,1.00054320673511,4472,1,0.66615
"year[31,14]",0.39453309384877,0.56220347065481,-0.716092130035228,0.0185606830703126,0.397336037374449,0.775304720076237,1.49226200383966,1.00007156586304,26169,1,0.759975
"year[32,14]",-0.106963821229983,0.823798257854122,-1.73925561912109,-0.652150591866784,-0.102665956075906,0.448118078239233,1.49769336885637,1.00056221867306,6159,1,0.549275
"year[33,14]",0.249127417475563,0.708577161779354,-1.17891670796724,-0.222893841127901,0.257733211925954,0.726433633136302,1.62530589071164,1.000152822183,17240,1,0.642875
"year[34,14]",-0.261371206833027,0.829071987282998,-1.88715396693235,-0.820580616230816,-0.257280962139275,0.296627656144326,1.36424017360014,1.00038974929987,7826,1,0.62215
"year[35,14]",-0.047744822237162,0.826296179265587,-1.67734540197709,-0.601355220564939,-0.047499323786877,0.508496327893174,1.57111799524847,1.00015342360738,19117,1,0.52335
"year[36,14]",0.837693543125054,0.57710673972171,-0.310149334904543,0.453343410619862,0.840553825145985,1.22801116779228,1.96024726986431,0.999985466523113,40000,1,0.926525
"year[37,14]",0.147909720776145,0.827002612655871,-1.48512801488363,-0.40499884190697,0.150891111313766,0.703705285714546,1.76937380158918,1.00014852445962,17598,1,0.573375
"year[38,14]",-0.0975003323984048,0.80712122399749,-1.67797144029216,-0.64532251064889,-0.0911025137829563,0.451655965682258,1.47458339684515,1.00008078886002,28747,1,0.54585
"year[39,14]",-0.339811511633583,0.836105160824585,-2.01073958273347,-0.899244341063523,-0.326025972703326,0.227091498261329,1.26459034791054,1.00026899107313,8352,1,0.655025
"year[40,14]",0.342339527709208,0.770564180365145,-1.19688695652407,-0.171735385830027,0.357001583757093,0.869286963553287,1.813701063655,1.00023674725741,16940,1,0.675125
"year[41,14]",-0.113443708873116,0.792330612386698,-1.69926614823245,-0.640716949942493,-0.102781431477553,0.419497906827748,1.41234571525588,1.00027604147063,11266,1,0.551725
"year[42,14]",0.0612527724726982,0.793112066137044,-1.49937508754077,-0.479697569177187,0.063040669491718,0.60696329898791,1.61252107490176,1.00057458638451,4090,1,0.529925
"year[43,14]",0.557879336698599,0.63072289954223,-0.69496843462069,0.133112918903669,0.562401042099937,0.986192668964568,1.77174225284468,1.00030496350847,7858,1,0.8111
"year[44,14]",-0.219744532471411,0.663758070792752,-1.54767815196373,-0.662229071828358,-0.212733794491052,0.235326508380622,1.04455253458735,1.00025029075285,8815,1,0.624075
"year[45,14]",-0.641920622074071,0.736966016792803,-2.11794404100982,-1.13184499933706,-0.632061724814527,-0.137017722527974,0.754375344083935,1.00021171972748,10691,1,0.805925
"year[46,14]",-0.0655006130132782,0.828545497647265,-1.70583001166043,-0.62170567473975,-0.0603245844426443,0.486393241879879,1.54096495860741,1.00017594645355,17691,1,0.52895
"year[47,14]",-0.341842605907226,0.691955881135609,-1.70129179671001,-0.806549406519899,-0.338940612819538,0.127280467706214,1.01166623415364,1.00034437521699,7228,1,0.688625
"year[48,14]",0.451752548546725,0.504138540138752,-0.552026505096762,0.115379561447137,0.453336435618793,0.792104553523652,1.4314726106973,1.00006837988448,35735,1,0.815025
"year[49,14]",-0.0713192510231152,0.817451975885856,-1.67564318422284,-0.615756173847821,-0.069563217105218,0.478008838955619,1.53505823947061,1.00011332821745,17956,1,0.534225
"year[50,14]",0.152304002568872,0.553990137268706,-0.940361373072117,-0.223238562832575,0.154227451240838,0.528501383850906,1.23264201585802,1.00005622305506,40000,1,0.60955
"year[51,14]",-1.10903233547947,0.757091425785384,-2.58833534493934,-1.61630040323299,-1.10930459586081,-0.603346004323824,0.382413497597601,1.00037236837614,6934,1,0.92835
"year[52,14]",-0.153529402435327,0.828369695839506,-1.8071097235444,-0.706930452571026,-0.144496452972592,0.402850256207887,1.45807356366288,1.00040044209192,6342,1,0.5705
"year[53,14]",-0.514518751576576,0.772115719520899,-2.05412700075481,-1.01965047271099,-0.51155183353559,0.00201852126195643,0.984024136205165,1.00032728267278,8164,1,0.74885
"year[54,14]",-0.650086069898878,0.576995315802515,-1.74535952730501,-1.04202257829164,-0.662430971750209,-0.268053300865939,0.510383481455573,1.00003809538687,31250,1,0.871475
"year[55,14]",0.237397448985677,0.778516717247862,-1.32023091208723,-0.278756103245884,0.246010275339684,0.771778049000698,1.72784113208646,1.00015201371221,12632,1,0.6238
"year[56,14]",-0.189933780537574,0.818019869375868,-1.79702337932561,-0.733300391765479,-0.186418426304595,0.358948623269605,1.41190635613241,1.00021796055125,23458,1,0.593075
"year[57,14]",0.551771587119542,0.812119977592653,-1.06079708540095,0.0104320049701192,0.560430576521117,1.10726106363903,2.11444025140935,1.0001033993666,28613,1,0.753675
"year[58,14]",-0.0271321881583586,0.801247051533209,-1.60208498988325,-0.565325898212474,-0.0212728903945502,0.508119543161679,1.54549815960869,1.00051702280436,4813,1,0.510875
"year[59,14]",-0.141807063547789,0.82209393454032,-1.76450199086459,-0.691618675700953,-0.136597734034125,0.409349028243892,1.46710596980405,1.00055042642403,4526,1,0.568275
"year[60,14]",0.741719939676286,0.607623126750451,-0.458105320071128,0.337066380609235,0.744768267407036,1.15149510836914,1.92411157118589,1.00011276532001,22865,1,0.888325
"year[61,14]",0.287807445173602,0.822278145265409,-1.3116199464982,-0.268649433475628,0.282344645181001,0.843006591699281,1.90539274286649,1.0001119150182,15996,1,0.635075
"year[62,14]",-0.134765957736664,0.825775987239018,-1.76747030251657,-0.686042264005848,-0.123452648166779,0.425991134092242,1.45498527580987,1.0002582946207,9061,1,0.561225
"year[63,14]",-0.0795360689203778,0.814604659490953,-1.6975800656397,-0.624390498906048,-0.0691920176186177,0.471853256780501,1.50768930187391,1.00018735027671,11809,1,0.533525
"year[64,14]",-0.0835281839963872,0.830110741882263,-1.72323232944856,-0.637435529159178,-0.0800336837119374,0.473807783121938,1.53130782689668,1.00073441055269,3661,1,0.538675
"year[65,14]",-0.413977798883677,0.448690772643064,-1.28351399307583,-0.716670772376194,-0.414639154652594,-0.114248334596481,0.470810000479136,1.0000040644268,40000,1,0.8232
"year[66,14]",0.170617459664271,0.804686875344641,-1.43020543494376,-0.362863752893206,0.176772382401134,0.718046763487143,1.72564561023096,1.00027611074246,10648,1,0.589825
"year[67,14]",-0.138343801150848,0.820480911920946,-1.78472566083616,-0.688364087663064,-0.126369202352462,0.412899426905736,1.45581292971075,1.00004545107924,40000,1,0.56135
"year[68,14]",0.633298330189155,0.506666236334699,-0.352881235291165,0.291660591970381,0.63032429727612,0.974676644046575,1.63142662340143,1.00006617519134,23362,1,0.8956
"year[69,14]",0.0053468466988259,0.840751225329371,-1.63821668689222,-0.553931644446645,0.00563400449295498,0.565410611741566,1.65206325420365,1.00040190292472,5696,1,0.5024
"year[70,14]",-0.183602436711936,0.650127227234125,-1.47020422613263,-0.620621554969906,-0.179636077965322,0.260335590082307,1.07769372920499,1.00011085531093,25446,1,0.609025
"year[71,14]",-0.694757774710575,0.928691964824396,-2.51880017802944,-1.3311252037881,-0.69313709970157,-0.0554070346161199,1.10606146991403,1.00112013644543,2568,1,0.76865
"year[72,14]",-0.019036937427109,0.821387819581734,-1.62848073200973,-0.569890038348129,-0.0187315599579377,0.533433424839994,1.5835090038774,1.00026249205511,8753,1,0.509925
"year[73,14]",0.145208846619072,0.799256171439497,-1.43122589434317,-0.392795180004961,0.144773675710725,0.691145459756676,1.69597559605771,1.00032957220199,6642,1,0.57225
"year[74,14]",-0.0464220869705448,0.837403310676844,-1.7065751431944,-0.608428708720452,-0.0333094830602231,0.513766538234565,1.58641444510193,1.00041837706353,5356,1,0.5166
"year[75,14]",0.573371529906409,0.752216362076697,-0.945092825483674,0.0719136666040225,0.587941032250466,1.0864918333792,2.00850704452839,1.00020998096704,12897,1,0.7799
"year[76,14]",-0.308000270415368,0.569549308842303,-1.43312211351648,-0.688362234151033,-0.308078481168091,0.0727267360729452,0.825381945675626,0.999995222505745,40000,1,0.70815
"year[77,14]",-0.128374681091329,0.826600255022996,-1.76459827717062,-0.684075476644102,-0.115065053876281,0.428143987608506,1.47678376448895,1.00028729133823,7821,1,0.55655
"year[78,14]",-0.0576488254422876,0.82974418154415,-1.68598251238218,-0.60516323105924,-0.0559944687246692,0.490727682219409,1.58522894723655,1.00002014707883,38382,1,0.526975
"year[79,14]",0.530910337725626,0.84577054798897,-1.10502063105624,-0.0420192673811015,0.525163087418816,1.10491675670863,2.18992512525333,1.00039817341538,6785,1,0.7328
"year[80,14]",-0.0279527133645239,0.793568224500057,-1.61401630463197,-0.555173828605248,-0.0229905457090405,0.510699636609985,1.51085043178058,1.0002077260156,9975,1,0.512125
"year[81,14]",-0.370649019361523,0.674940916569217,-1.71333983107463,-0.82323538644329,-0.361067392636013,0.091155504578747,0.929215793412763,1.00000359307236,40000,1,0.705
"year[82,14]",-0.192553457805579,0.675818282193949,-1.52189068143912,-0.650709849747395,-0.188050244099224,0.272440217899073,1.11004832674418,1.0001195834616,23020,1,0.6085
"year[83,14]",-0.301403099254229,0.788092371557317,-1.87295244283393,-0.828661907807644,-0.2888372673559,0.241721606509536,1.19341273210098,1.00007322833499,25709,1,0.641875
"year[84,14]",-0.122371147092778,0.83096176667988,-1.74968746248953,-0.677870097453771,-0.122211536373673,0.433841951424311,1.51136595718869,1.00028384218807,20946,1,0.56025
"year[85,14]",-0.199438339691942,0.828579215658876,-1.83185852766563,-0.751538840507383,-0.200070860298016,0.356547926778747,1.43051497080887,1.00032911874846,7716,1,0.594525
"year[86,14]",-1.08896324469116,0.44370891113196,-1.9483275734007,-1.38864369034257,-1.09332678415631,-0.79263289088936,-0.203972430179498,1.00012603201267,19513,0,0.991925
"year[87,14]",0.00838021635793088,0.793232196768215,-1.554092597899,-0.520767717908958,0.0203835951328482,0.553543408795062,1.52865794797216,1.00015946271996,15293,1,0.509775
"year[88,14]",0.0224008270484532,0.719290110533466,-1.41350423962707,-0.452457614846759,0.0355380308315781,0.516446909535492,1.38190323054282,1.00017163742814,13391,1,0.520075
"year[89,14]",-0.306377793548515,0.797357410699932,-1.89751092008465,-0.838201535271904,-0.297171349019159,0.233395243261102,1.24668016256339,1.00046673763253,6364,1,0.647275
"year[90,14]",-0.0566706419325233,0.832434767763665,-1.70075890395421,-0.616868278055764,-0.0496370625063319,0.504691197777745,1.56282180495086,1.0001868314502,13796,1,0.5256
"year[91,14]",-0.154992398873073,0.546116151871948,-1.2269411607413,-0.524452862939956,-0.157712677840241,0.211170531422216,0.917504904449938,1.00003079652302,40000,1,0.61285
"year[92,14]",-0.0602227652279144,0.828450007491813,-1.67737627635587,-0.615266970698358,-0.0629264785400475,0.49675965287337,1.54650147268771,1.00010575840936,17269,1,0.52935
"year[93,14]",-0.442554638426907,0.801495353292406,-2.02770399962152,-0.979228357918611,-0.437606214127814,0.101495763349394,1.10214600245428,1.00006157781577,27202,1,0.707275
"year[94,14]",-0.0491569416379437,0.778930901912707,-1.58186730312963,-0.570607509168881,-0.0458639395037277,0.484285213344671,1.4540354619332,1.0003528910824,6606,1,0.52255
"year[95,14]",-0.0750436597868274,0.754141421144024,-1.55442167186204,-0.581531866377868,-0.0670352328428574,0.433333253922724,1.39608239949847,1.00011005553361,17511,1,0.53715
"year[96,14]",0.197839328144739,0.821298487111943,-1.42252930735551,-0.351868155239219,0.204772007882505,0.753642519369088,1.78789064130117,1.00036906997512,10301,1,0.596725
"year[97,14]",-0.0837253227694849,0.821184637286602,-1.70593087354759,-0.630028993159346,-0.0749662297559034,0.466992765136025,1.50074517605291,1.00002125931104,40000,1,0.536675
"year[98,14]",-0.129250968138358,0.823134357461719,-1.76392235377037,-0.6664230609172,-0.129167515711831,0.42283639440953,1.48487156878105,1.00130466156993,1871,1,0.5624
"year[99,14]",-0.679888307501682,0.782363230915852,-2.19666569221222,-1.20374161673105,-0.688206641858733,-0.164941472700109,0.884313577652022,1.00016001163852,12338,1,0.81125
"year[100,14]",-0.116952505124813,0.824781432999436,-1.7392340712381,-0.668787937940705,-0.114731859094862,0.44108370056449,1.49404762540194,1.0010717879261,2418,1,0.557425
"year[101,14]",0.289580080446325,0.858422864118344,-1.34860154769583,-0.29013004789778,0.27279580136597,0.852103178683733,2.02760060121737,1.00049412372038,5000,1,0.6263
"year[102,14]",-0.0653375958580722,0.83224441853489,-1.72036453948288,-0.618621074554769,-0.0623557611467386,0.498350958400044,1.55322543448393,1.00004041575003,40000,1,0.528625
"year[103,14]",-0.181552798433719,0.797750402634715,-1.77922642614926,-0.711797601751397,-0.175563863305112,0.360728773991511,1.36654543464257,1.00042621967887,6366,1,0.5854
"year[104,14]",0.00603158939010382,0.798135238561548,-1.55873110615704,-0.530793442264251,0.00436489191217762,0.542938501502509,1.57694254302346,1.00020574731978,10935,1,0.502125
"year[105,14]",-0.627428411956487,0.583473644524631,-1.75687114945848,-1.01930229591459,-0.633696098672876,-0.2348143964875,0.525190018711684,1.00000213694909,40000,1,0.8581
"year[106,14]",-0.0973937027282743,0.756983695618468,-1.59988536231756,-0.603919254698702,-0.0942163839093469,0.418155148891593,1.36408006293972,1.00009363902291,17992,1,0.548725
"year[107,14]",0.0594732555763684,0.733002986461788,-1.37827409141766,-0.435875256280485,0.0628302333248855,0.558355922450984,1.49394270311184,1.00019050089806,11748,1,0.5337
"year[108,14]",-0.0631311055972709,0.827052298107851,-1.68549555594118,-0.621781886165421,-0.0652434866708124,0.498629352096557,1.55784912763315,0.999997003697562,40000,1,0.5312
"year[109,14]",-0.591963584824582,0.723047826223801,-1.97575430440466,-1.08833130923897,-0.596079562847868,-0.101241563374072,0.835806380775453,1.00017525701793,12802,1,0.79345
"year[110,14]",0.573611933280891,0.697131555858992,-0.799360157074828,0.106856126110184,0.582362992662114,1.04264508948574,1.92405473714774,1.00008829535262,26863,1,0.79545
"year[111,14]",-0.0395295333516542,0.830128311992137,-1.65931298423146,-0.605040229458317,-0.0333215532233545,0.520821393100305,1.57382620020994,1.00021842327959,9912,1,0.5159
"year[112,14]",-0.232339535529322,0.772666265148413,-1.76446796116626,-0.749661781539105,-0.225052231338634,0.297088509934173,1.25245639125683,1.00063288025467,3954,1,0.6149
"year[113,14]",-0.143512840874093,0.621197484202285,-1.37926528726749,-0.554805795470362,-0.138317734702286,0.276232591833934,1.05957068244711,1.00001821266917,40000,1,0.58775
"year[114,14]",-0.0418624630819551,0.796444075907305,-1.60601468711684,-0.575305485207141,-0.0443030158744147,0.492621859145468,1.51405446249609,1.00050528927505,4873,1,0.52195
"year[115,14]",-0.0938911716302031,0.817239987808113,-1.72144196012475,-0.640135208643237,-0.0866464042651033,0.456416457071867,1.48547193376335,1.00035748804774,6845,1,0.542025
"year[116,14]",-0.250090008617344,0.810274481698341,-1.86300133061712,-0.789653882954504,-0.245040326277135,0.297343762979752,1.32538607372589,1.00003857377072,38771,1,0.6191
"year[117,14]",0.0127897213126488,0.832440864943369,-1.62422356783523,-0.542599952583964,0.0135724016400871,0.568801213848764,1.64710139985766,1.00023592712607,16987,1,0.506425
"year[118,14]",-0.0733220567347565,0.701049053287455,-1.45864090444322,-0.540622620346268,-0.0685571961034149,0.401726565535625,1.27433579886356,1.00011094329096,16705,1,0.539025
"year[119,14]",-0.0947979336543184,0.787809717832306,-1.66439938667949,-0.622848363667283,-0.0878723859439601,0.443195069950103,1.42232895306758,1.00038576486074,6329,1,0.54375
"year[120,14]",-0.150608264342666,0.46128533020484,-1.03922159664822,-0.464368657802814,-0.152920499666533,0.154790158545693,0.771239837040521,0.999970347129518,40000,1,0.63295
"year[121,14]",0.0688194354120284,0.844855528561556,-1.58552227988268,-0.497406350753189,0.0721391597653347,0.629191452508217,1.73156238799452,1.00005529850953,40000,1,0.5336
"year[122,14]",-0.100591311402089,0.826548343226958,-1.73027500548905,-0.654373783873849,-0.0957586013806931,0.460068647725473,1.5142545882375,1.00051173040919,4776,1,0.5454
"year[123,14]",-0.110007180740645,0.828645793541104,-1.75295342382082,-0.662283743951252,-0.103237153138705,0.448224511587894,1.50928110072517,1.00011291896882,15894,1,0.549225
"year[124,14]",0.172970898485199,0.802420487342816,-1.38199804100868,-0.376861465931958,0.167367310126607,0.720429373511944,1.7473818909014,1.00020166781268,22681,1,0.5807
"year[125,14]",-0.0769309384222287,0.822983912956884,-1.69574913478608,-0.62720082852768,-0.0745792876330431,0.476212093486709,1.54646820998856,1.00001687629079,40000,1,0.535525
"year[126,14]",-0.116575418174453,0.825576341409219,-1.75845666504298,-0.669756093308963,-0.109086847623473,0.435816855937837,1.48910356402637,1.00035697057376,6829,1,0.551725
"year[127,14]",-0.157136593361235,0.797298158177415,-1.74122320573524,-0.685795822594201,-0.148906782903346,0.383759102220371,1.38736396888471,1.00006651566322,40000,1,0.574075
"year[128,14]",-0.0820209590190862,0.826539017296171,-1.70998692202211,-0.640151839262095,-0.0755523817947384,0.475582839298298,1.53903808696522,1.00057369605124,5918,1,0.5364
"year[129,14]",-0.0670604608013531,0.827465499039362,-1.67476834055541,-0.622907029437158,-0.0679219716265228,0.479551335268598,1.58143131400135,1.00022686767803,10889,1,0.533425
"year[130,14]",0.0901516282295362,0.839676177160889,-1.54742293674138,-0.47649223160005,0.0850840118020916,0.657187547048859,1.74019620214711,1.00004379561151,40000,1,0.539225
"year[131,14]",0.138039603729453,0.823231034042161,-1.48864494971364,-0.411652196916487,0.145167861552172,0.694710669694286,1.74152508139558,1.00034265754462,6523,1,0.570775
"year[132,14]",-0.170798081516682,0.835963461912412,-1.85170672850346,-0.72654178574319,-0.155289733727881,0.394966861216261,1.44549580976938,1.00011154138974,25972,1,0.5762
"year[133,14]",0.801989005187672,0.832400140622501,-0.904753452645989,0.252706528365344,0.840417833665501,1.38440543274887,2.33677689157614,1.00054846955587,4420,1,0.82875
"year[134,14]",0.0518384454303958,0.664738970702611,-1.24374952423229,-0.397218284655912,0.0486459609943846,0.505794790858434,1.34751175923058,1.00004170532862,30828,1,0.528625
"year[135,14]",-0.0946169138369525,0.835801333491127,-1.75391334352426,-0.648417290506723,-0.0869316300927771,0.474381985485254,1.51298860555479,1.00016004731772,16781,1,0.540075
"year[136,14]",0.13682592822106,0.683738824192502,-1.22030583917625,-0.322627118331837,0.143439868317698,0.599412337689022,1.45722408099111,1.00025603180443,8578,1,0.583175
"year[137,14]",-0.0849753395602033,0.828609320232616,-1.73152480198213,-0.628126654295081,-0.083335669417357,0.471223857769593,1.52048691457407,1.00015890741843,40000,1,0.54135
"year[138,14]",-0.0279635722541982,0.724063568121298,-1.42453551060535,-0.522527192154796,-0.0345290332029385,0.462820710028046,1.4045143598047,1.00022680099518,16277,1,0.5185
"year[139,14]",-0.074639546115473,0.831092938209386,-1.72395609688365,-0.625346260539475,-0.0740006275894873,0.487497159299906,1.5469343049758,1.00029192180202,8020,1,0.535075
"year[1,15]",0.0144103100075769,0.477692612163789,-0.923703893501189,-0.307951501094074,0.0154194462880533,0.335337789041478,0.949713114819088,1.00000226639511,40000,1,0.513075
"year[2,15]",-0.125924412800058,0.80527424960233,-1.74140490517161,-0.659043509324065,-0.111350982916637,0.416535727903366,1.41847847781354,1.00010506679584,19736,1,0.556325
"year[3,15]",-0.0794544344551233,0.824359187500736,-1.6953810092105,-0.634992947254762,-0.0747006198757923,0.477807557936449,1.52333532168402,1.00061834304084,4345,1,0.535275
"year[4,15]",0.0127838252546445,0.706836226127213,-1.35292373101764,-0.469379891867744,0.0070324444520585,0.482118493467525,1.42970323033013,1.00008677825028,23341,1,0.503975
"year[5,15]",0.472509325926999,0.510425411423414,-0.523681786506106,0.129450506915921,0.470862323705164,0.809742871063749,1.48836665130169,1.00001433527312,40000,1,0.823325
"year[6,15]",-0.199816476956526,0.726973948950344,-1.64008480519299,-0.685354211204831,-0.193778994838805,0.288621015504021,1.21061727858495,1.00025436954294,9490,1,0.605125
"year[7,15]",-0.0287599832925085,0.80518417874626,-1.61582121979762,-0.568873226882839,-0.0280181089798648,0.511471009305233,1.54527566545601,1.00039108234602,5771,1,0.51375
"year[8,15]",-0.135530282339942,0.810140376600298,-1.75473223024454,-0.67151081213761,-0.12485429599695,0.412260732140374,1.43280431270009,1.00106477048349,2311,1,0.562825
"year[9,15]",-0.103957557254748,0.828699199761511,-1.7384529862922,-0.662204806298039,-0.102237273230163,0.451576665319834,1.52005491529197,1.00043652496405,6050,1,0.548025
"year[10,15]",0.0313704615234379,0.752643029731673,-1.46748767253913,-0.474191378555394,0.0304465213469959,0.545246234977934,1.49808550873566,1.00026651540516,9195,1,0.51645
"year[11,15]",0.955309350135638,0.685821262087351,-0.432040982936991,0.501330089387419,0.967628446466607,1.4248571811315,2.25808398070257,1.0002739060238,9451,1,0.915775
"year[12,15]",-0.126848431917346,0.823614475586371,-1.74979268966154,-0.680609292901534,-0.121149919807845,0.428053989992607,1.46763894458754,1.00016630200883,17500,1,0.5572
"year[13,15]",-0.0748012999140409,0.833895760817005,-1.71044193407492,-0.632164646801503,-0.0738910894887114,0.487128365586172,1.56018932608154,1.00058884491382,4050,1,0.537075
"year[14,15]",-0.142450099525472,0.7305165916193,-1.60804137987908,-0.627736403382608,-0.135954891998722,0.35187265924232,1.27042666415349,0.999968480929439,40000,1,0.572375
"year[15,15]",0.479734900530248,0.795619291122099,-1.12524544679124,-0.0447391909764664,0.493264375874072,1.02464143588571,1.98986495092989,1.00026130346839,12531,1,0.73225
"year[16,15]",-0.0580388354663066,0.827123014409155,-1.70581289669944,-0.604094808422992,-0.0533707746503755,0.500516198566886,1.54778042455546,1.00036583756811,7967,1,0.5256
"year[17,15]",-0.164530200711485,0.730192605501449,-1.59915752386715,-0.657412410051695,-0.158260260248005,0.330546399620376,1.25942836607936,1.00003757340009,40000,1,0.587625
"year[18,15]",0.380870797848603,0.831928924723644,-1.22909519813657,-0.185387714094144,0.378468253196219,0.942894385973852,2.02333128307127,1.00015094187275,15209,1,0.6729
"year[19,15]",0.00882792498061908,0.768645097254457,-1.50740275980693,-0.503005694540172,0.0101451220212797,0.524533623989085,1.50696232898059,1.00012076341773,21025,1,0.504875
"year[20,15]",0.201342805679707,0.834375987525654,-1.43056441055304,-0.364372054686533,0.205054313968628,0.766570534786718,1.84013752421331,1.00069637270169,3644,1,0.59435
"year[21,15]",-0.0690575416756992,0.823749677446183,-1.69871410283061,-0.618451383472917,-0.0585162864929513,0.487744792260428,1.52039853992788,1.00009539956756,29923,1,0.52845
"year[22,15]",-0.114912430238958,0.820988624733594,-1.74556057470911,-0.656076407163139,-0.110070936261339,0.431535544979375,1.4998691371183,1.00022923656649,13947,1,0.555575
"year[23,15]",0.184301288669499,0.82803734854203,-1.42968801942688,-0.376262160273716,0.186166691210205,0.742281678005377,1.80016653172485,1.00041867561914,6383,1,0.587675
"year[24,15]",0.288834293465334,0.691442222791195,-1.0902766388626,-0.169651615214624,0.294816223559974,0.753404210974897,1.63212673258415,0.999983809834059,40000,1,0.664825
"year[25,15]",0.0144109038361899,0.672384912211267,-1.28380935432297,-0.438981318701526,0.00876780184363737,0.46378424734368,1.35489229046087,1.00036066829532,8334,1,0.505025
"year[26,15]",0.303981322191413,0.664779927714588,-1.01686519750782,-0.139541043217075,0.313427422171269,0.749384537913445,1.58982014445919,1.00038637695568,5773,1,0.67895
"year[27,15]",0.138859190904663,0.820304805122793,-1.46029064191987,-0.414376002886937,0.140420876732177,0.690144878636959,1.74107098404991,1.00041019375457,5635,1,0.5671
"year[28,15]",0.271913996134783,0.789124816852602,-1.2673147397423,-0.264513978807177,0.268799378678739,0.806527188774359,1.82693141053431,1.00035681131371,7320,1,0.63205
"year[29,15]",-0.0951246869623944,0.769822041929194,-1.62153738450847,-0.617371937180297,-0.0870694782955681,0.428644771815555,1.39683479834443,1.00009516839251,22408,1,0.5463
"year[30,15]",-0.0790722508963097,0.825118711267533,-1.70957374116604,-0.62621770754304,-0.0751531068807011,0.478599869457984,1.51846221498993,1.00010530282944,30160,1,0.536075
"year[31,15]",-0.067751672152454,0.557233213300617,-1.16445544797629,-0.44282245238592,-0.0678459269538519,0.305623556447856,1.0193086467942,1.00005163191443,40000,1,0.54725
"year[32,15]",-0.0695136368171547,0.826485517932987,-1.70015248639574,-0.623788630564191,-0.0631236502168918,0.487270506899599,1.55376066294193,1.00040330821058,7175,1,0.531675
"year[33,15]",0.163197393194423,0.693568520369754,-1.21390659119605,-0.299399576222446,0.170134332134265,0.634772403405612,1.49732037449342,1.00012926961958,15830,1,0.5954
"year[34,15]",0.0842685614383033,0.799992081990461,-1.50626781366098,-0.45377181247215,0.0944609585269745,0.621409349731933,1.63306024323624,0.999985016695022,40000,1,0.5453
"year[35,15]",-0.0494636360104226,0.839552809949309,-1.71383651752714,-0.60809113252511,-0.0471420773345329,0.507206319478671,1.60586552889653,1.00024936235808,9204,1,0.523125
"year[36,15]",-0.671830444390748,0.653434796267644,-1.89606304764554,-1.11711032226371,-0.695799286046303,-0.247366546703211,0.683627048216952,1.00009824364063,39976,1,0.849625
"year[37,15]",0.372580396631734,0.820540667227117,-1.2338162483909,-0.185624811358479,0.368192445457906,0.928194900340918,1.98578134502493,1.00071339978039,3679,1,0.6736
"year[38,15]",-0.103450028489473,0.829395549341964,-1.74231452614666,-0.658114309967561,-0.101810718204412,0.453205908976156,1.5177681446779,1.00006316420018,40000,1,0.550425
"year[39,15]",-0.19107716916999,0.824308878465989,-1.81978961677911,-0.743707374852339,-0.186318156913717,0.361336951856114,1.42174723300545,1.00037104190455,6930,1,0.5899
"year[40,15]",0.0616957134739743,0.754080490822892,-1.44927704215297,-0.437430645332738,0.0680053945146956,0.580652893670781,1.49821151899354,1.00005102981411,28070,1,0.53655
"year[41,15]",-0.253006989109796,0.82194988006018,-1.87836728956722,-0.802118080840954,-0.253376256265179,0.292724439907841,1.36510465809397,1.00245341679038,1064,1,0.620325
"year[42,15]",0.0313124676486865,0.76320847870607,-1.45648147849382,-0.484813778248467,0.0343902167525015,0.547513297406741,1.52148681859825,1.00009257068686,29084,1,0.5185
"year[43,15]",0.111001773981437,0.645095602379337,-1.17056059369108,-0.318129160243597,0.113788587417437,0.546646036023826,1.36741056136895,1.00008755673007,25106,1,0.572475
"year[44,15]",0.0544165339230884,0.652205215485941,-1.25658242442463,-0.382198526866009,0.064059832990975,0.496218273141643,1.30789943882426,1.00031981888637,7114,1,0.539575
"year[45,15]",-0.132804522275984,0.709243788168217,-1.55381237013387,-0.604200166550061,-0.121999142925946,0.352359323608283,1.21757632545025,1.0003647738554,7681,1,0.56895
"year[46,15]",-0.0571790332408196,0.835101720495691,-1.69088348573886,-0.620436319679356,-0.0535117651052415,0.497465214265252,1.5863034034051,1.00037523104246,6100,1,0.52555
"year[47,15]",0.676005782869006,0.651033973975205,-0.628158544537415,0.241775007973506,0.691827767739757,1.11861940199722,1.9259207742664,1.00031366331495,7348,1,0.85185
"year[48,15]",0.0786639872985787,0.540989978538562,-0.976776345763912,-0.283842021217231,0.0741626879065944,0.437895643575627,1.1562991801191,1.00002544875244,40000,1,0.555525
"year[49,15]",-0.0416305172703537,0.825791435179619,-1.6823533701277,-0.58707632701403,-0.035789922689821,0.518416404743526,1.54347075812863,1.00026024246571,8938,1,0.5184
"year[50,15]",-0.0582119590363155,0.581695013012583,-1.19324210991935,-0.446996260534896,-0.0618219107727459,0.32898065074839,1.08586324833806,1.00003240500943,39199,1,0.54295
"year[51,15]",0.0415655102798322,0.677763437843736,-1.33719993479734,-0.406026287960418,0.0593732636805386,0.50509537739216,1.31560830007925,1.00003559647577,39164,1,0.53625
"year[52,15]",-0.0782174861128034,0.836313011915436,-1.7295507463447,-0.637763835643314,-0.0689519493675096,0.483272110542836,1.55253165913134,1.00032517614574,8335,1,0.53225
"year[53,15]",-0.088371338100034,0.743953556065991,-1.56124116368945,-0.581675730255055,-0.0806098004139948,0.415597297304032,1.36104694375917,1.0003944398868,8797,1,0.544325
"year[54,15]",0.0387377966671195,0.572846944085085,-1.09406843533035,-0.345668459503744,0.040629292083573,0.426754391753285,1.14932671168317,1.00031591083393,7817,1,0.527325
"year[55,15]",0.161700595248482,0.802442167862981,-1.44262497809103,-0.377888523691662,0.17840705437281,0.712856943023667,1.69641577769489,1.0001369499177,15250,1,0.5857
"year[56,15]",-0.139795958524759,0.823062315304448,-1.77778957406625,-0.685765747533799,-0.135591420633801,0.418165710664123,1.45254389652294,1.00037952318249,8268,1,0.563175
"year[57,15]",-0.0359294265173429,0.795321363717384,-1.60418167080533,-0.568322669703046,-0.0347589564247045,0.493073114827852,1.52166929193726,1.00019730874777,14658,1,0.5176
"year[58,15]",-0.0150740153404073,0.826450187422193,-1.63498503283995,-0.573475955677393,-0.0170339153856642,0.541025042891778,1.62793680324721,1.00002931594892,40000,1,0.5085
"year[59,15]",-0.0990422648823037,0.824068001018327,-1.73122077974529,-0.654074714211359,-0.095892564625811,0.457576738950014,1.50404900565569,1.00071745592755,3333,1,0.547275
"year[60,15]",-0.432830449391203,0.61592623737505,-1.62880178835673,-0.849367665007806,-0.440831771675018,-0.020863941723094,0.790074360736856,1.0001464460933,14963,1,0.760175
"year[61,15]",0.725013956622647,0.844484955254094,-0.938308729025699,0.158280827872914,0.719597284903408,1.30256542782637,2.38165939004184,1.00047406308335,7426,1,0.80545
"year[62,15]",-0.087647731117345,0.826080412448893,-1.72712608528078,-0.641744374775283,-0.0784852195381684,0.469352774309779,1.52854916171069,1.00056952752423,4447,1,0.53755
"year[63,15]",-0.0766958256038726,0.824719410500677,-1.71158782422792,-0.623345757891401,-0.0725155603336762,0.475730287083189,1.53541448767067,1.00053032577877,4892,1,0.53575
"year[64,15]",-0.0507801003741149,0.836137981907217,-1.68831581613412,-0.612442457145235,-0.0440467456052196,0.507749673036425,1.59181984918284,1.00023314144296,10774,1,0.52215
"year[65,15]",-0.16391057469209,0.456422031053505,-1.05010278413674,-0.471871507021095,-0.168041370096486,0.140120199457289,0.744203523990771,0.999981783447219,40000,1,0.644725
"year[66,15]",-0.198186025297363,0.820562624493578,-1.83983701832258,-0.741268163323231,-0.191376179317909,0.349561708611002,1.39198933801471,1.00041163223006,5832,1,0.59295
"year[67,15]",-0.0917004438088512,0.823678203870214,-1.73358641577687,-0.640427848489074,-0.0855804429275491,0.467140617760566,1.49890711342367,1.00043187856431,6064,1,0.541675
"year[68,15]",-0.604527532297802,0.501706148607804,-1.58093643546643,-0.944850957072585,-0.607557399566018,-0.268810748141151,0.386485600670094,1.00007080520744,22831,1,0.885025
"year[69,15]",0.420735357112142,0.825551470096245,-1.20379432942826,-0.131163615147966,0.426011557590779,0.980673562852836,2.01974892372986,1.0001765854945,40000,1,0.6968
"year[70,15]",-0.268459170512095,0.654829322331456,-1.56355888453466,-0.70912032095902,-0.265988116230351,0.176684091550965,1.00779141185607,1.00003305234154,40000,1,0.65655
"year[71,15]",-0.0232555155899038,0.858682010364551,-1.72575775828207,-0.596043600863457,-0.0169819063132331,0.565752543175867,1.6355619040498,1.00017029882178,19170,1,0.507275
"year[72,15]",0.215621487527726,0.81785801606174,-1.38122437556503,-0.336025689128394,0.214298411115283,0.766778646910139,1.82235004221491,1.00067341308175,3633,1,0.601975
"year[73,15]",-0.236957604548791,0.83040420917975,-1.88225363534902,-0.791378600953974,-0.229774429199734,0.322585141050183,1.37419362356146,1.00016617046939,14200,1,0.6111
"year[74,15]",0.281808709612323,0.822924220283782,-1.33007760014672,-0.266103845805191,0.284814112919733,0.832680582718993,1.8967047832361,1.00061417457494,4379,1,0.6351
"year[75,15]",-0.273544523755311,0.771751532899323,-1.77831054917863,-0.795184757474676,-0.276138890497932,0.246664817129968,1.24141562149757,1.00016018946515,12857,1,0.639375
"year[76,15]",0.209611886552852,0.561004886278173,-0.91095976181672,-0.166046555455921,0.214967357213236,0.591110326853075,1.29478442863757,1.0002001641877,11080,1,0.650225
"year[77,15]",-0.0807560350985909,0.830047892024343,-1.72519563704671,-0.633554585363622,-0.0783303993714281,0.476541272566958,1.5379351878455,0.999991697366319,40000,1,0.535875
"year[78,15]",-0.0491105429765986,0.827378568723251,-1.68579179510404,-0.60297683676809,-0.047063903025508,0.508818408669269,1.56012224905672,1.00017064534313,25962,1,0.5216
"year[79,15]",0.677698580045574,0.831646057050349,-0.947278265586589,0.114519306299644,0.678086326047517,1.23625889526157,2.31089134724881,1.00087493080238,3298,1,0.79165
"year[80,15]",-0.240957025152123,0.810113827913947,-1.84787674771571,-0.781968964353254,-0.237461592436921,0.303565411619729,1.34682631473609,1.00015455022505,17291,1,0.616525
"year[81,15]",-0.232104544118284,0.66026920647681,-1.54998809671486,-0.675522843873469,-0.226467754116078,0.215558319335291,1.05451705638075,1.00007996117401,25068,1,0.634875
"year[82,15]",-0.170101587791099,0.701657267697915,-1.55681428553348,-0.643168617038432,-0.1631422803682,0.311809667489782,1.18007876915427,1.00022409264161,10265,1,0.591625
"year[83,15]",-0.24184393584024,0.787295714646038,-1.82202383094149,-0.764591975619848,-0.229697314214304,0.290295987033627,1.28017103088537,1.00012190468773,19259,1,0.613175
"year[84,15]",-0.0790638789803224,0.8348827695845,-1.71464012786637,-0.638927799165434,-0.0753553487832054,0.475783679355755,1.56675693108627,1.00037384525482,7027,1,0.535875
"year[85,15]",0.199366287110734,0.77858304946201,-1.3503275240315,-0.316557953478693,0.206356753098188,0.719350070922843,1.72545579656463,1.00062130159795,3999,1,0.605925
"year[86,15]",-0.180923906744388,0.459920726042369,-1.06677896053873,-0.492310988749084,-0.187221948512162,0.125628076008664,0.741409956128116,0.999966257169835,40000,1,0.6594
"year[87,15]",0.34918755803201,0.804441066595363,-1.23390215555809,-0.189088641559849,0.352187619558094,0.893964719005796,1.90392440369571,1.00002122978939,40000,1,0.66885
"year[88,15]",-0.390464345429952,0.749945601291629,-1.89079411896259,-0.889724593631745,-0.383962721208806,0.123011038579277,1.06079236375533,1.00008303804741,35400,1,0.693975
"year[89,15]",-0.212962344861976,0.806152616119402,-1.8238036833264,-0.747698322606639,-0.207444533583575,0.328978026750461,1.34973329443433,1.00051288589883,4929,1,0.6013
"year[90,15]",0.358284779069027,0.804178832109538,-1.22349107938329,-0.17961469883715,0.359667425390074,0.899244386730749,1.93120576027814,1.00008612843303,23993,1,0.673175
"year[91,15]",-0.0933417721177978,0.534230130454969,-1.14153145931502,-0.454602565506997,-0.0918339259600773,0.262831637452325,0.957550062686085,1.00012258409168,40000,1,0.568025
"year[92,15]",-0.0447307050676266,0.836700821207632,-1.69337142453797,-0.603639141815005,-0.0355051542915613,0.517958253168797,1.59049464117624,1.0002666509231,9309,1,0.51785
"year[93,15]",-0.235909776653039,0.784029816979445,-1.78256489187221,-0.759940506135961,-0.230943991563825,0.295368347369516,1.29632377541288,1.00020582129361,13791,1,0.61585
"year[94,15]",-0.0219609815981722,0.787307138518449,-1.57358921513788,-0.55055116847737,-0.0152336235260158,0.506704087824669,1.51313199719387,1.00013678064667,40000,1,0.5071
"year[95,15]",0.197383069180712,0.7811141152696,-1.35704807632715,-0.328914525935199,0.201973582669543,0.726840618798563,1.71892141688566,1.00068008276165,3558,1,0.60085
"year[96,15]",-0.179631484979652,0.821615031788265,-1.81314808905501,-0.730701023438375,-0.175283669658108,0.377160892976163,1.41140424726682,1.00013127137487,15535,1,0.5828
"year[97,15]",-0.0877962770041953,0.827401522537213,-1.73211755463809,-0.636741885770771,-0.0810955665804886,0.475350423193231,1.5162428430926,1.0009388511272,2646,1,0.54025
"year[98,15]",-0.0826144096443748,0.825933598842307,-1.7201766280198,-0.630741616218768,-0.0785090917086738,0.470056433179475,1.52701027440907,1.00020708611904,10155,1,0.53905
"year[99,15]",0.515595155835191,0.733830755068147,-0.947163527517535,0.0251120771486292,0.526896307232422,1.01465141727656,1.91552363914031,1.00013654352624,13735,1,0.76035
"year[100,15]",-0.0754198296056012,0.822187699535798,-1.70476033834124,-0.62514053140859,-0.0734318243748483,0.47924665202942,1.52662079985742,1.00017292934495,15571,1,0.536675
"year[101,15]",0.0998977542915505,0.837147378544552,-1.51937271129317,-0.466906466933129,0.0941921765989874,0.655931042684953,1.75741882079427,1.00006297768559,40000,1,0.544325
"year[102,15]",-0.0420083476061431,0.834521656657813,-1.68847410523663,-0.597516472292692,-0.0447675452826858,0.519621611283325,1.56954434245506,1.00017828361224,12565,1,0.5204
"year[103,15]",-0.219480736168696,0.827561630068673,-1.8478890016587,-0.776783653053113,-0.217456074841947,0.335831968537035,1.39875398135495,1.00047971240248,9484,1,0.604
"year[104,15]",0.0484493526276504,0.802569596410637,-1.53161196288254,-0.488871339770485,0.0504401181403361,0.589482187587347,1.60759492617312,0.999976213469162,40000,1,0.525175
"year[105,15]",-0.369904749743965,0.595516746796608,-1.52869002546679,-0.774482045064536,-0.371549448491837,0.0326518549305015,0.806674967462231,1.00016878760957,13901,1,0.733
"year[106,15]",0.229235100853613,0.738949935967255,-1.23117976602184,-0.264806881901991,0.230831500187143,0.730876929011407,1.66540023240787,1.00033644673628,9136,1,0.624825
"year[107,15]",0.240595671101998,0.720323860971732,-1.15304550829988,-0.246306709308565,0.235607356776915,0.723901868332457,1.66408060241585,1.00025832177963,9148,1,0.62915
"year[108,15]",-0.0551166061606611,0.829672679836718,-1.70667225646727,-0.608703486314685,-0.0461921251072815,0.504398524556672,1.55062672920158,1.00013097166193,29333,1,0.52195
"year[109,15]",-0.595190091539066,0.767855999779607,-2.11323910025781,-1.11345493143629,-0.590497704032514,-0.0778448796098387,0.895607392667702,1.00024706088411,10511,1,0.7799
"year[110,15]",0.469562367395081,0.694691719424282,-0.905793720653747,0.00342208121206228,0.471298079999615,0.939943981737604,1.82016663872463,1.00003142694908,37418,1,0.7519
"year[111,15]",0.115379675731909,0.825007090434879,-1.49872034723262,-0.442701435342473,0.122131486046381,0.674166030648254,1.7276359895008,1.00004663874974,40000,1,0.556425
"year[112,15]",-0.498135412185001,0.83509327445515,-2.16009141317692,-1.06233887656758,-0.488035818652542,0.0770490868108916,1.09916159982205,1.00050895492537,5685,1,0.7201
"year[113,15]",-0.0660275702372311,0.626159723801051,-1.29036118978122,-0.484231026894097,-0.062573564338375,0.3556491826413,1.15539794852801,1.0001589131003,14281,1,0.54105
"year[114,15]",-0.0109999537682038,0.809671416736379,-1.59891049328572,-0.5546403581558,-0.0084395912212904,0.535542326483078,1.58085179575746,1.00024000602647,10289,1,0.504075
"year[115,15]",-0.0842644496522823,0.815942842435579,-1.69403550314846,-0.63689831622045,-0.0746750586382223,0.464295203684362,1.50270358256899,1.0000692284872,24122,1,0.537125
"year[116,15]",-0.170431773384223,0.81862989319471,-1.79087868400058,-0.713318517382697,-0.164355604340487,0.379203619334457,1.42296758634955,1.00056623189558,4383,1,0.578525
"year[117,15]",0.184083777264051,0.827688066301675,-1.43711897727056,-0.373712848307743,0.178352165198045,0.738085163381431,1.82049015744546,1.000638634542,3656,1,0.5843
"year[118,15]",-0.463315108191508,0.763728232289994,-1.96631548194618,-0.977979657479964,-0.458674436664107,0.053401534308826,1.0205722151055,1.00026591777727,7984,1,0.7265
"year[119,15]",-0.149004411548126,0.821856518779658,-1.78067929036876,-0.697017423905912,-0.139176005523144,0.401869197390585,1.44467233629512,1.00017934560781,12101,1,0.56765
"year[120,15]",-0.135244455481459,0.482228429402519,-1.05719614138549,-0.465411504531227,-0.143121627186581,0.186009468458256,0.830556235762608,1.0002037303791,14215,1,0.615
"year[121,15]",0.241838889085256,0.831796995181848,-1.37802500893785,-0.319512828389656,0.237260164756967,0.803653936082802,1.88392311404037,1.00065934534759,4319,1,0.611775
"year[122,15]",-0.0634626576388462,0.832046406123274,-1.70088478151705,-0.621953803976178,-0.0590115312098915,0.494988614132568,1.57237688411516,1.00054836220198,4318,1,0.5287
"year[123,15]",-0.0643303518977545,0.832417747645706,-1.70876554850454,-0.621065971008551,-0.0634839127728212,0.493723222579828,1.56741697510758,1.0000433324216,36112,1,0.530475
"year[124,15]",0.704733187518973,0.759444634020033,-0.775639072063497,0.189233279474518,0.705266840017886,1.21972645994136,2.18612215325563,1.00005901329214,40000,1,0.82185
"year[125,15]",-0.0592018689769486,0.837204718548156,-1.71066139439187,-0.62029278988374,-0.0560477577436297,0.501317236959054,1.57314907628795,1.00022317344119,13955,1,0.528775
"year[126,15]",-0.0877301252467631,0.827525780816845,-1.73647267494196,-0.634232536206083,-0.0828437170170821,0.467839737658918,1.52023058463687,1.00040571470156,6450,1,0.5389
"year[127,15]",-0.098565396224926,0.803839620914576,-1.68494132519187,-0.640017149766417,-0.0963142812060641,0.445119717956551,1.46667928651722,1.00025925026363,9305,1,0.548475
"year[128,15]",-0.0558304543342324,0.826620146053571,-1.6906623778931,-0.60716184712074,-0.0548171722760073,0.495781747012831,1.562596602937,1.00047024878684,5910,1,0.5266
"year[129,15]",-0.061241562995723,0.836519381067603,-1.72213064371898,-0.622070616019069,-0.0543406271255303,0.505467201264725,1.56136634137275,1.00031662506904,7601,1,0.524525
"year[130,15]",0.336163821079257,0.864635435583964,-1.34274230251664,-0.253657449023432,0.332384149566694,0.916459493908344,2.04701393017004,1.0001574332728,40000,1,0.650325
"year[131,15]",0.250025233397498,0.808178835994251,-1.35536496492967,-0.291571558503085,0.258539310365014,0.801848248466103,1.80309400976046,1.00052520202259,5371,1,0.62365
"year[132,15]",-0.0942125732118809,0.834055072272413,-1.74555920349745,-0.649115001082519,-0.0890185415329845,0.464289237565069,1.52859818300173,1.00016327607724,12530,1,0.543325
"year[133,15]",-0.2071056004711,0.812314039147692,-1.80525435464065,-0.761386795357877,-0.197421516565636,0.345775318403695,1.36797288131648,1.00045094469994,5539,1,0.59515
"year[134,15]",0.243731975117868,0.666952272078692,-1.06425060170164,-0.210508161974045,0.245862742532046,0.69723104246246,1.54056118312966,1.00009723857784,40000,1,0.641925
"year[135,15]",-0.0570972585016591,0.829972697391988,-1.70807932094063,-0.606508410312999,-0.0476457487231734,0.503485484694521,1.55840195358609,1.00047352567698,4978,1,0.52305
"year[136,15]",0.677176889951812,0.660667360503292,-0.654832315993182,0.24101431146748,0.690830345327819,1.12843413269649,1.93634981197665,1.00013893904469,28333,1,0.8468
"year[137,15]",-0.0685016282108851,0.823034672697576,-1.70015858295165,-0.616942911513889,-0.0661751958689057,0.487267196003865,1.52858080331052,1.00056805665729,4428,1,0.53015
"year[138,15]",0.281221614704263,0.696516241113349,-1.08005018110251,-0.19201448707427,0.274067549106545,0.750058471621598,1.6513927804296,1.0000448367287,40000,1,0.656425
"year[139,15]",-0.0480981633122676,0.835786537642965,-1.68822305523562,-0.611778927829185,-0.047184712011213,0.515485481058471,1.58042267023586,1.00001696056392,40000,1,0.52305
"tau.year",1.43618821418185,0.207873931637065,1.08545376939471,1.28704678051562,1.41871393242578,1.56398194599167,1.89435527863936,1.00216647221932,2273,0,1
"deviance",31917.5592147642,262.886579869665,31393.7290229392,31741.404078474,31920.275083357,32097.6228729549,32420.6216575195,1.01832267119072,146,0,1
